"FIPS","Metropolitan Area","Industry Code","Industry","Component Code","Component","2001","2002","2003","2004","2005","2006"
"12420","Austin-Round Rock, TX (MSA)",1,"Total Gross Domestic Product by Metropolitan Area",200,GDP by Metropolitan Area (millions of current dollars),53497,52983,55226,59785,64862,71176
"12420","Austin-Round Rock, TX (MSA)",2," Private industries",200,GDP by Metropolitan Area (millions of current dollars),46211,44922,46949,51424,55941,61587
"12420","Austin-Round Rock, TX (MSA)",3,"   Agriculture, forestry, fishing, and hunting",200,GDP by Metropolitan Area (millions of current dollars),"(D)","(D)","(D)","(D)","(D)","(D)"
"12420","Austin-Round Rock, TX (MSA)",4,"     Crop and animal production (Farms)",200,GDP by Metropolitan Area (millions of current dollars),33,43,56,105,57,60
"12420","Austin-Round Rock, TX (MSA)",5,"     Forestry, fishing, and related activities",200,GDP by Metropolitan Area (millions of current dollars),"(D)","(D)","(D)","(D)","(D)","(D)"
"12420","Austin-Round Rock, TX (MSA)",6,"   Mining",200,GDP by Metropolitan Area (millions of current dollars),451,341,"(D)","(D)","(D)","(D)"
"12420","Austin-Round Rock, TX (MSA)",7,"     Oil and gas extraction",200,GDP by Metropolitan Area (millions of current dollars),"(D)","(D)","(D)","(D)","(D)","(D)"
"12420","Austin-Round Rock, TX (MSA)",8,"     Mining, except oil and gas",200,GDP by Metropolitan Area (millions of current dollars),"(D)","(D)","(D)","(D)","(D)","(D)"
"12420","Austin-Round Rock, TX (MSA)",9,"     Support activities for mining",200,GDP by Metropolitan Area (millions of current dollars),"(D)","(D)","(D)","(D)","(D)","(D)"
"12420","Austin-Round Rock, TX (MSA)",10,"   Utilities",200,GDP by Metropolitan Area (millions of current dollars),215,232,251,333,331,379
"12420","Austin-Round Rock, TX (MSA)",11,"   Construction",200,GDP by Metropolitan Area (millions of current dollars),2862,2775,2893,3073,3557,3971
"12420","Austin-Round Rock, TX (MSA)",12,"   Manufacturing",200,GDP by Metropolitan Area (millions of current dollars),7087,6773,6544,8333,8759,10656
"12420","Austin-Round Rock, TX (MSA)",13,"     Durable goods",200,GDP by Metropolitan Area (millions of current dollars),"(D)","(D)",5452,6805,7105,8773
"12420","Austin-Round Rock, TX (MSA)",14,"       Wood product manufacturing",200,GDP by Metropolitan Area (millions of current dollars),"(D)",70,64,70,65,"(D)"
"12420","Austin-Round Rock, TX (MSA)",15,"       Nonmetallic mineral product manufacturing",200,GDP by Metropolitan Area (millions of current dollars),"(D)","(D)","(D)","(D)","(D)","(D)"
"12420","Austin-Round Rock, TX (MSA)",16,"       Primary metal manufacturing",200,GDP by Metropolitan Area (millions of current dollars),"(D)","(D)","(D)","(D)","(D)","(D)"
"12420","Austin-Round Rock, TX (MSA)",17,"       Fabricated metal product manufacturing",200,GDP by Metropolitan Area (millions of current dollars),216,169,"(D)","(D)","(D)","(D)"
"12420","Austin-Round Rock, TX (MSA)",18,"       Machinery manufacturing",200,GDP by Metropolitan Area (millions of current dollars),"(D)","(D)","(D)",668,669,735
"12420","Austin-Round Rock, TX (MSA)",19,"       Computer and electronic product manufacturing",200,GDP by Metropolitan Area (millions of current dollars),"(D)","(D)","(D)","(D)","(D)","(D)"
"12420","Austin-Round Rock, TX (MSA)",20,"       Electrical equipment and appliance manufacturing",200,GDP by Metropolitan Area (millions of current dollars),"(D)","(D)","(D)",180,189,"(D)"
"12420","Austin-Round Rock, TX (MSA)",21,"       Motor vehicle, body, trailer, and parts manufacturing",200,GDP by Metropolitan Area (millions of current dollars),"(D)","(D)","(D)","(D)","(D)","(D)"
"12420","Austin-Round Rock, TX (MSA)",22,"       Other transportation equipment manufacturing",200,GDP by Metropolitan Area (millions of current dollars),"(D)","(D)","(D)","(D)","(D)","(D)"
"12420","Austin-Round Rock, TX (MSA)",23,"       Furniture and related product manufacturing",200,GDP by Metropolitan Area (millions of current dollars),"(D)","(D)",79,"(D)","(D)","(D)"
"12420","Austin-Round Rock, TX (MSA)",24,"       Miscellaneous manufacturing",200,GDP by Metropolitan Area (millions of current dollars),"(D)","(D)","(D)","(D)","(D)","(D)"
"12420","Austin-Round Rock, TX (MSA)",25,"     Nondurable goods",200,GDP by Metropolitan Area (millions of current dollars),"(D)","(D)",1092,1528,1654,1882
"12420","Austin-Round Rock, TX (MSA)",26,"       Food product manufacturing",200,GDP by Metropolitan Area (millions of current dollars),"(D)","(D)","(D)","(D)","(D)","(D)"
"12420","Austin-Round Rock, TX (MSA)",27,"       Textile and textile product mills",200,GDP by Metropolitan Area (millions of current dollars),"(D)","(D)","(D)","(D)","(D)","(D)"
"12420","Austin-Round Rock, TX (MSA)",28,"       Apparel manufacturing",200,GDP by Metropolitan Area (millions of current dollars),"(D)","(D)","(D)","(D)","(D)","(D)"
"12420","Austin-Round Rock, TX (MSA)",29,"       Paper manufacturing",200,GDP by Metropolitan Area (millions of current dollars),"(D)","(D)","(D)","(D)","(D)","(D)"
"12420","Austin-Round Rock, TX (MSA)",30,"       Printing and related support activities",200,GDP by Metropolitan Area (millions of current dollars),"(D)","(D)","(D)","(D)","(D)","(D)"
"12420","Austin-Round Rock, TX (MSA)",31,"       Petroleum and coal products manufacturing",200,GDP by Metropolitan Area (millions of current dollars),"(D)","(D)","(D)","(D)","(D)","(D)"
"12420","Austin-Round Rock, TX (MSA)",32,"       Chemical manufacturing",200,GDP by Metropolitan Area (millions of current dollars),"(D)","(D)","(D)","(D)","(D)","(D)"
"12420","Austin-Round Rock, TX (MSA)",33,"       Plastics and rubber products manufacturing",200,GDP by Metropolitan Area (millions of current dollars),153,120,"(D)","(D)","(D)","(D)"
"12420","Austin-Round Rock, TX (MSA)",34,"   Wholesale trade",200,GDP by Metropolitan Area (millions of current dollars),6859,5197,5514,6166,6544,6273
"12420","Austin-Round Rock, TX (MSA)",35,"   Retail trade",200,GDP by Metropolitan Area (millions of current dollars),3478,3544,3661,3776,4136,4556
"12420","Austin-Round Rock, TX (MSA)",36,"   Transportation and warehousing, excluding Postal Service",200,GDP by Metropolitan Area (millions of current dollars),567,595,591,678,740,823
"12420","Austin-Round Rock, TX (MSA)",37,"     Air transportation",200,GDP by Metropolitan Area (millions of current dollars),"(D)","(D)","(D)","(D)","(D)","(D)"
"12420","Austin-Round Rock, TX (MSA)",38,"     Rail transportation",200,GDP by Metropolitan Area (millions of current dollars),29,32,36,37,42,46
"12420","Austin-Round Rock, TX (MSA)",39,"     Water transportation",200,GDP by Metropolitan Area (millions of current dollars),"(D)","(D)","(D)","(D)","(D)","(D)"
"12420","Austin-Round Rock, TX (MSA)",40,"     Truck transportation",200,GDP by Metropolitan Area (millions of current dollars),169,164,148,"(D)","(D)",239
"12420","Austin-Round Rock, TX (MSA)",41,"     Transit and ground passenger transportation",200,GDP by Metropolitan Area (millions of current dollars),"(D)","(D)","(D)","(D)","(D)","(D)"
"12420","Austin-Round Rock, TX (MSA)",42,"     Pipeline transportation",200,GDP by Metropolitan Area (millions of current dollars),"(D)","(D)","(D)","(D)",21,27
"12420","Austin-Round Rock, TX (MSA)",43,"     Other transportation and support activities",200,GDP by Metropolitan Area (millions of current dollars),"(D)","(D)","(D)","(D)","(D)","(D)"
"12420","Austin-Round Rock, TX (MSA)",44,"     Warehousing and storage",200,GDP by Metropolitan Area (millions of current dollars),"(D)","(D)","(D)","(D)","(D)","(D)"
"12420","Austin-Round Rock, TX (MSA)",45,"   Information",200,GDP by Metropolitan Area (millions of current dollars),3255,3668,3742,4085,4215,4500
"12420","Austin-Round Rock, TX (MSA)",46,"     Publishing including software",200,GDP by Metropolitan Area (millions of current dollars),"(D)","(D)","(D)","(D)","(D)","(D)"
"12420","Austin-Round Rock, TX (MSA)",47,"     Motion picture and sound recording industries",200,GDP by Metropolitan Area (millions of current dollars),"(D)","(D)","(D)","(D)","(D)","(D)"
"12420","Austin-Round Rock, TX (MSA)",48,"     Broadcasting and telecommunications",200,GDP by Metropolitan Area (millions of current dollars),"(D)","(D)",1632,"(D)","(D)","(D)"
"12420","Austin-Round Rock, TX (MSA)",49,"     Information and data processing services",200,GDP by Metropolitan Area (millions of current dollars),"(D)","(D)","(D)","(D)","(D)","(D)"
"12420","Austin-Round Rock, TX (MSA)",50,"   Finance and insurance",200,GDP by Metropolitan Area (millions of current dollars),2887,3106,3451,3253,3480,4165
"12420","Austin-Round Rock, TX (MSA)",51,"     Federal Reserve banks, credit intermediation and related services",200,GDP by Metropolitan Area (millions of current dollars),"(D)",1361,1539,1371,"(D)","(D)"
"12420","Austin-Round Rock, TX (MSA)",52,"     Securities, commodity contracts, investments",200,GDP by Metropolitan Area (millions of current dollars),"(D)","(D)","(D)","(D)","(D)","(D)"
"12420","Austin-Round Rock, TX (MSA)",53,"     Insurance carriers and related activities",200,GDP by Metropolitan Area (millions of current dollars),"(D)","(D)","(D)","(D)","(D)","(D)"
"12420","Austin-Round Rock, TX (MSA)",54,"     Funds, trusts, and other financial vehicles",200,GDP by Metropolitan Area (millions of current dollars),"(D)","(D)","(D)","(D)","(D)","(D)"
"12420","Austin-Round Rock, TX (MSA)",55,"   Real estate and rental and leasing",200,GDP by Metropolitan Area (millions of current dollars),5302,4787,5089,5525,5824,6312
"12420","Austin-Round Rock, TX (MSA)",56,"     Real estate",200,GDP by Metropolitan Area (millions of current dollars),4784,"(D)",4495,4940,5305,5760
"12420","Austin-Round Rock, TX (MSA)",57,"     Rental and leasing services and lessors of intangible assets",200,GDP by Metropolitan Area (millions of current dollars),518,"(D)",594,585,519,552
"12420","Austin-Round Rock, TX (MSA)",58,"   Professional and technical services",200,GDP by Metropolitan Area (millions of current dollars),"(D)",4740,4856,5171,"(D)",6529
"12420","Austin-Round Rock, TX (MSA)",62,"   Management of companies and enterprises",200,GDP by Metropolitan Area (millions of current dollars),"(D)","(D)","(D)","(D)","(D)","(D)"
"12420","Austin-Round Rock, TX (MSA)",63,"   Administrative and waste services",200,GDP by Metropolitan Area (millions of current dollars),"(D)","(D)","(D)","(D)","(D)","(D)"
"12420","Austin-Round Rock, TX (MSA)",64,"     Administrative and support services",200,GDP by Metropolitan Area (millions of current dollars),"(D)","(D)","(D)","(D)","(D)","(D)"
"12420","Austin-Round Rock, TX (MSA)",65,"     Waste management and remediation services",200,GDP by Metropolitan Area (millions of current dollars),"(D)","(D)","(D)","(D)","(D)","(D)"
"12420","Austin-Round Rock, TX (MSA)",66,"   Educational services",200,GDP by Metropolitan Area (millions of current dollars),"(D)","(D)","(D)","(D)",336,364
"12420","Austin-Round Rock, TX (MSA)",67,"   Health care and social assistance",200,GDP by Metropolitan Area (millions of current dollars),"(D)","(D)","(D)","(D)",3795,4105
"12420","Austin-Round Rock, TX (MSA)",68,"     Ambulatory health care services",200,GDP by Metropolitan Area (millions of current dollars),1579,1851,1940,"(D)","(D)",2471
"12420","Austin-Round Rock, TX (MSA)",69,"     Hospitals and nursing and residential care facilities",200,GDP by Metropolitan Area (millions of current dollars),"(D)","(D)","(D)","(D)","(D)","(D)"
"12420","Austin-Round Rock, TX (MSA)",70,"     Social assistance",200,GDP by Metropolitan Area (millions of current dollars),"(D)","(D)","(D)","(D)",351,"(D)"
"12420","Austin-Round Rock, TX (MSA)",71,"   Arts, entertainment, and recreation",200,GDP by Metropolitan Area (millions of current dollars),311,337,354,422,428,474
"12420","Austin-Round Rock, TX (MSA)",72,"     Performing arts, museums, and related activities",200,GDP by Metropolitan Area (millions of current dollars),"(D)",121,"(D)","(D)","(D)","(D)"
"12420","Austin-Round Rock, TX (MSA)",73,"     Amusement, gambling, and recreation",200,GDP by Metropolitan Area (millions of current dollars),"(D)",216,"(D)","(D)","(D)","(D)"
"12420","Austin-Round Rock, TX (MSA)",74,"   Accommodation and food services",200,GDP by Metropolitan Area (millions of current dollars),1457,1547,1621,1737,1894,2067
"12420","Austin-Round Rock, TX (MSA)",75,"     Accommodation",200,GDP by Metropolitan Area (millions of current dollars),355,378,377,407,446,490
"12420","Austin-Round Rock, TX (MSA)",76,"     Food services and drinking places",200,GDP by Metropolitan Area (millions of current dollars),1103,1168,1244,1330,1448,1577
"12420","Austin-Round Rock, TX (MSA)",77,"   Other services, except government",200,GDP by Metropolitan Area (millions of current dollars),1448,1490,1583,1642,1785,1913
"12420","Austin-Round Rock, TX (MSA)",78," Government",200,GDP by Metropolitan Area (millions of current dollars),7286,8061,8277,8361,8922,9589
"12420","Austin-Round Rock, TX (MSA)",79,"   Federal civilian",200,GDP by Metropolitan Area (millions of current dollars),642,760,796,849,871,909
"12420","Austin-Round Rock, TX (MSA)",80,"   Federal military",200,GDP by Metropolitan Area (millions of current dollars),85,106,141,159,170,165
"12420","Austin-Round Rock, TX (MSA)",81,"   State and local",200,GDP by Metropolitan Area (millions of current dollars),6559,7195,7340,7353,7880,8515
"12420","Austin-Round Rock, TX (MSA)",99,"Natural resources and mining",200,GDP by Metropolitan Area (millions of current dollars),"(D)","(D)",643,798,1516,1641
"12420","Austin-Round Rock, TX (MSA)",100,"Trade",200,GDP by Metropolitan Area (millions of current dollars),10337,8741,9175,9942,10681,10829
"12420","Austin-Round Rock, TX (MSA)",101,"Transportation and utilities",200,GDP by Metropolitan Area (millions of current dollars),783,827,842,1011,1071,1203
"12420","Austin-Round Rock, TX (MSA)",102,"Financial activities",200,GDP by Metropolitan Area (millions of current dollars),8189,7894,8540,8778,9305,10477
"12420","Austin-Round Rock, TX (MSA)",103,"Professional and business services",200,GDP by Metropolitan Area (millions of current dollars),"(D)","(D)",7391,7672,8600,9387
"12420","Austin-Round Rock, TX (MSA)",104,"Education and health services",200,GDP by Metropolitan Area (millions of current dollars),"(D)","(D)",3622,3931,4131,4469
"12420","Austin-Round Rock, TX (MSA)",105,"Leisure and hospitality",200,GDP by Metropolitan Area (millions of current dollars),1769,1883,1975,2159,2322,2541
"12420","Austin-Round Rock, TX (MSA)",106,"Information, Communication, and Technology (ICT)",200,GDP by Metropolitan Area (millions of current dollars),7224,7360,7044,8323,8986,10830
"12420","Austin-Round Rock, TX (MSA)",108,"Private goods-producing industries",200,GDP by Metropolitan Area (millions of current dollars),"(D)","(D)",10054,12178,13807,16243
"12420","Austin-Round Rock, TX (MSA)",109,"Private services-providing industries",200,GDP by Metropolitan Area (millions of current dollars),"(D)","(D)",36895,39246,42133,45344
"FIPS","Metropolitan Area","Industry Code","Industry","Component Code","Component","2001","2002","2003","2004","2005","2006"
"12420","Austin-Round Rock, TX (MSA)",1,"Total Gross Domestic Product by Metropolitan Area",800,Quantity Indexes for Real GDP by Metropolitan Area (2001=100.000),100.000,97.997,101.128,107.517,113.971,122.888
"12420","Austin-Round Rock, TX (MSA)",2," Private industries",800,Quantity Indexes for Real GDP by Metropolitan Area (2001=100.000),100.000,96.696,100.686,108.777,115.989,126.004
"12420","Austin-Round Rock, TX (MSA)",3,"   Agriculture, forestry, fishing, and hunting",800,Quantity Indexes for Real GDP by Metropolitan Area (2001=100.000),"(D)","(D)","(D)","(D)","(D)","(D)"
"12420","Austin-Round Rock, TX (MSA)",4,"     Crop and animal production (Farms)",800,Quantity Indexes for Real GDP by Metropolitan Area (2001=100.000),100.000,143.515,161.710,252.392,165.588,185.305
"12420","Austin-Round Rock, TX (MSA)",5,"     Forestry, fishing, and related activities",800,Quantity Indexes for Real GDP by Metropolitan Area (2001=100.000),"(D)","(D)","(D)","(D)","(D)","(D)"
"12420","Austin-Round Rock, TX (MSA)",6,"   Mining",800,Quantity Indexes for Real GDP by Metropolitan Area (2001=100.000),100.000,79.061,"(D)","(D)","(D)","(D)"
"12420","Austin-Round Rock, TX (MSA)",7,"     Oil and gas extraction",800,Quantity Indexes for Real GDP by Metropolitan Area (2001=100.000),"(D)","(D)","(D)","(D)","(D)","(D)"
"12420","Austin-Round Rock, TX (MSA)",8,"     Mining, except oil and gas",800,Quantity Indexes for Real GDP by Metropolitan Area (2001=100.000),"(D)","(D)","(D)","(D)","(D)","(D)"
"12420","Austin-Round Rock, TX (MSA)",9,"     Support activities for mining",800,Quantity Indexes for Real GDP by Metropolitan Area (2001=100.000),"(D)","(D)","(D)","(D)","(D)","(D)"
"12420","Austin-Round Rock, TX (MSA)",10,"   Utilities",800,Quantity Indexes for Real GDP by Metropolitan Area (2001=100.000),100.000,109.467,119.458,153.290,143.688,146.824
"12420","Austin-Round Rock, TX (MSA)",11,"   Construction",800,Quantity Indexes for Real GDP by Metropolitan Area (2001=100.000),100.000,92.543,91.847,90.035,94.923,96.098
"12420","Austin-Round Rock, TX (MSA)",12,"   Manufacturing",800,Quantity Indexes for Real GDP by Metropolitan Area (2001=100.000),100.000,103.457,108.233,148.622,163.670,212.623
"12420","Austin-Round Rock, TX (MSA)",13,"     Durable goods",800,Quantity Indexes for Real GDP by Metropolitan Area (2001=100.000),"(D)","(D)","(D)","(D)","(D)","(D)"
"12420","Austin-Round Rock, TX (MSA)",14,"       Wood product manufacturing",800,Quantity Indexes for Real GDP by Metropolitan Area (2001=100.000),"(D)","(D)","(D)","(D)","(D)","(D)"
"12420","Austin-Round Rock, TX (MSA)",15,"       Nonmetallic mineral product manufacturing",800,Quantity Indexes for Real GDP by Metropolitan Area (2001=100.000),"(D)","(D)","(D)","(D)","(D)","(D)"
"12420","Austin-Round Rock, TX (MSA)",16,"       Primary metal manufacturing",800,Quantity Indexes for Real GDP by Metropolitan Area (2001=100.000),"(D)","(D)","(D)","(D)","(D)","(D)"
"12420","Austin-Round Rock, TX (MSA)",17,"       Fabricated metal product manufacturing",800,Quantity Indexes for Real GDP by Metropolitan Area (2001=100.000),100.000,78.120,"(D)","(D)","(D)","(D)"
"12420","Austin-Round Rock, TX (MSA)",18,"       Machinery manufacturing",800,Quantity Indexes for Real GDP by Metropolitan Area (2001=100.000),"(D)","(D)","(D)","(D)","(D)","(D)"
"12420","Austin-Round Rock, TX (MSA)",19,"       Computer and electronic product manufacturing",800,Quantity Indexes for Real GDP by Metropolitan Area (2001=100.000),"(D)","(D)","(D)","(D)","(D)","(D)"
"12420","Austin-Round Rock, TX (MSA)",20,"       Electrical equipment and appliance manufacturing",800,Quantity Indexes for Real GDP by Metropolitan Area (2001=100.000),"(D)","(D)","(D)","(D)","(D)","(D)"
"12420","Austin-Round Rock, TX (MSA)",21,"       Motor vehicle, body, trailer, and parts manufacturing",800,Quantity Indexes for Real GDP by Metropolitan Area (2001=100.000),"(D)","(D)","(D)","(D)","(D)","(D)"
"12420","Austin-Round Rock, TX (MSA)",22,"       Other transportation equipment manufacturing",800,Quantity Indexes for Real GDP by Metropolitan Area (2001=100.000),"(D)","(D)","(D)","(D)","(D)","(D)"
"12420","Austin-Round Rock, TX (MSA)",23,"       Furniture and related product manufacturing",800,Quantity Indexes for Real GDP by Metropolitan Area (2001=100.000),"(D)","(D)","(D)","(D)","(D)","(D)"
"12420","Austin-Round Rock, TX (MSA)",24,"       Miscellaneous manufacturing",800,Quantity Indexes for Real GDP by Metropolitan Area (2001=100.000),"(D)","(D)","(D)","(D)","(D)","(D)"
"12420","Austin-Round Rock, TX (MSA)",25,"     Nondurable goods",800,Quantity Indexes for Real GDP by Metropolitan Area (2001=100.000),"(D)","(D)","(D)","(D)","(D)","(D)"
"12420","Austin-Round Rock, TX (MSA)",26,"       Food product manufacturing",800,Quantity Indexes for Real GDP by Metropolitan Area (2001=100.000),"(D)","(D)","(D)","(D)","(D)","(D)"
"12420","Austin-Round Rock, TX (MSA)",27,"       Textile and textile product mills",800,Quantity Indexes for Real GDP by Metropolitan Area (2001=100.000),"(D)","(D)","(D)","(D)","(D)","(D)"
"12420","Austin-Round Rock, TX (MSA)",28,"       Apparel manufacturing",800,Quantity Indexes for Real GDP by Metropolitan Area (2001=100.000),"(D)","(D)","(D)","(D)","(D)","(D)"
"12420","Austin-Round Rock, TX (MSA)",29,"       Paper manufacturing",800,Quantity Indexes for Real GDP by Metropolitan Area (2001=100.000),"(D)","(D)","(D)","(D)","(D)","(D)"
"12420","Austin-Round Rock, TX (MSA)",30,"       Printing and related support activities",800,Quantity Indexes for Real GDP by Metropolitan Area (2001=100.000),"(D)","(D)","(D)","(D)","(D)","(D)"
"12420","Austin-Round Rock, TX (MSA)",31,"       Petroleum and coal products manufacturing",800,Quantity Indexes for Real GDP by Metropolitan Area (2001=100.000),"(D)","(D)","(D)","(D)","(D)","(D)"
"12420","Austin-Round Rock, TX (MSA)",32,"       Chemical manufacturing",800,Quantity Indexes for Real GDP by Metropolitan Area (2001=100.000),"(D)","(D)","(D)","(D)","(D)","(D)"
"12420","Austin-Round Rock, TX (MSA)",33,"       Plastics and rubber products manufacturing",800,Quantity Indexes for Real GDP by Metropolitan Area (2001=100.000),100.000,77.549,"(D)","(D)","(D)","(D)"
"12420","Austin-Round Rock, TX (MSA)",34,"   Wholesale trade",800,Quantity Indexes for Real GDP by Metropolitan Area (2001=100.000),100.000,75.489,79.031,83.645,85.744,79.379
"12420","Austin-Round Rock, TX (MSA)",35,"   Retail trade",800,Quantity Indexes for Real GDP by Metropolitan Area (2001=100.000),100.000,100.051,102.849,105.281,116.988,129.649
"12420","Austin-Round Rock, TX (MSA)",36,"   Transportation and warehousing, excluding Postal Service",800,Quantity Indexes for Real GDP by Metropolitan Area (2001=100.000),100.000,103.876,101.136,115.413,125.393,135.918
"12420","Austin-Round Rock, TX (MSA)",37,"     Air transportation",800,Quantity Indexes for Real GDP by Metropolitan Area (2001=100.000),"(D)","(D)","(D)","(D)","(D)","(D)"
"12420","Austin-Round Rock, TX (MSA)",38,"     Rail transportation",800,Quantity Indexes for Real GDP by Metropolitan Area (2001=100.000),100.000,107.487,117.022,116.369,115.219,143.843
"12420","Austin-Round Rock, TX (MSA)",39,"     Water transportation",800,Quantity Indexes for Real GDP by Metropolitan Area (2001=100.000),"(D)","(D)","(D)","(D)","(D)","(D)"
"12420","Austin-Round Rock, TX (MSA)",40,"     Truck transportation",800,Quantity Indexes for Real GDP by Metropolitan Area (2001=100.000),100.000,94.600,84.113,"(D)","(D)",124.709
"12420","Austin-Round Rock, TX (MSA)",41,"     Transit and ground passenger transportation",800,Quantity Indexes for Real GDP by Metropolitan Area (2001=100.000),"(D)","(D)","(D)","(D)","(D)","(D)"
"12420","Austin-Round Rock, TX (MSA)",42,"     Pipeline transportation",800,Quantity Indexes for Real GDP by Metropolitan Area (2001=100.000),"(D)","(D)","(D)","(D)","(D)","(D)"
"12420","Austin-Round Rock, TX (MSA)",43,"     Other transportation and support activities",800,Quantity Indexes for Real GDP by Metropolitan Area (2001=100.000),"(D)","(D)","(D)","(D)","(D)","(D)"
"12420","Austin-Round Rock, TX (MSA)",44,"     Warehousing and storage",800,Quantity Indexes for Real GDP by Metropolitan Area (2001=100.000),"(D)","(D)","(D)","(D)","(D)","(D)"
"12420","Austin-Round Rock, TX (MSA)",45,"   Information",800,Quantity Indexes for Real GDP by Metropolitan Area (2001=100.000),100.000,113.349,117.965,133.084,141.043,152.573
"12420","Austin-Round Rock, TX (MSA)",46,"     Publishing including software",800,Quantity Indexes for Real GDP by Metropolitan Area (2001=100.000),"(D)","(D)","(D)","(D)","(D)","(D)"
"12420","Austin-Round Rock, TX (MSA)",47,"     Motion picture and sound recording industries",800,Quantity Indexes for Real GDP by Metropolitan Area (2001=100.000),"(D)","(D)","(D)","(D)","(D)","(D)"
"12420","Austin-Round Rock, TX (MSA)",48,"     Broadcasting and telecommunications",800,Quantity Indexes for Real GDP by Metropolitan Area (2001=100.000),"(D)","(D)","(D)","(D)","(D)","(D)"
"12420","Austin-Round Rock, TX (MSA)",49,"     Information and data processing services",800,Quantity Indexes for Real GDP by Metropolitan Area (2001=100.000),"(D)","(D)","(D)","(D)","(D)","(D)"
"12420","Austin-Round Rock, TX (MSA)",50,"   Finance and insurance",800,Quantity Indexes for Real GDP by Metropolitan Area (2001=100.000),100.000,104.365,113.733,102.559,107.302,126.495
"12420","Austin-Round Rock, TX (MSA)",51,"     Federal Reserve banks, credit intermediation and related services",800,Quantity Indexes for Real GDP by Metropolitan Area (2001=100.000),"(D)","(D)","(D)","(D)","(D)","(D)"
"12420","Austin-Round Rock, TX (MSA)",52,"     Securities, commodity contracts, investments",800,Quantity Indexes for Real GDP by Metropolitan Area (2001=100.000),"(D)","(D)","(D)","(D)","(D)","(D)"
"12420","Austin-Round Rock, TX (MSA)",53,"     Insurance carriers and related activities",800,Quantity Indexes for Real GDP by Metropolitan Area (2001=100.000),"(D)","(D)","(D)","(D)","(D)","(D)"
"12420","Austin-Round Rock, TX (MSA)",54,"     Funds, trusts, and other financial vehicles",800,Quantity Indexes for Real GDP by Metropolitan Area (2001=100.000),"(D)","(D)","(D)","(D)","(D)","(D)"
"12420","Austin-Round Rock, TX (MSA)",55,"   Real estate and rental and leasing",800,Quantity Indexes for Real GDP by Metropolitan Area (2001=100.000),100.000,87.622,90.408,95.859,98.611,104.070
"12420","Austin-Round Rock, TX (MSA)",56,"     Real estate",800,Quantity Indexes for Real GDP by Metropolitan Area (2001=100.000),100.000,"(D)",88.260,94.823,99.616,105.241
"12420","Austin-Round Rock, TX (MSA)",57,"     Rental and leasing services and lessors of intangible assets",800,Quantity Indexes for Real GDP by Metropolitan Area (2001=100.000),100.000,"(D)",110.432,105.384,89.219,93.141
"12420","Austin-Round Rock, TX (MSA)",58,"   Professional and technical services",800,Quantity Indexes for Real GDP by Metropolitan Area (2001=100.000),"(D)","(D)","(D)","(D)","(D)","(D)"
"12420","Austin-Round Rock, TX (MSA)",62,"   Management of companies and enterprises",800,Quantity Indexes for Real GDP by Metropolitan Area (2001=100.000),"(D)","(D)","(D)","(D)","(D)","(D)"
"12420","Austin-Round Rock, TX (MSA)",63,"   Administrative and waste services",800,Quantity Indexes for Real GDP by Metropolitan Area (2001=100.000),"(D)","(D)","(D)","(D)","(D)","(D)"
"12420","Austin-Round Rock, TX (MSA)",64,"     Administrative and support services",800,Quantity Indexes for Real GDP by Metropolitan Area (2001=100.000),"(D)","(D)","(D)","(D)","(D)","(D)"
"12420","Austin-Round Rock, TX (MSA)",65,"     Waste management and remediation services",800,Quantity Indexes for Real GDP by Metropolitan Area (2001=100.000),"(D)","(D)","(D)","(D)","(D)","(D)"
"12420","Austin-Round Rock, TX (MSA)",66,"   Educational services",800,Quantity Indexes for Real GDP by Metropolitan Area (2001=100.000),"(D)","(D)","(D)","(D)","(D)","(D)"
"12420","Austin-Round Rock, TX (MSA)",67,"   Health care and social assistance",800,Quantity Indexes for Real GDP by Metropolitan Area (2001=100.000),"(D)","(D)","(D)","(D)","(D)","(D)"
"12420","Austin-Round Rock, TX (MSA)",68,"     Ambulatory health care services",800,Quantity Indexes for Real GDP by Metropolitan Area (2001=100.000),100.000,115.505,118.836,"(D)","(D)",143.619
"12420","Austin-Round Rock, TX (MSA)",69,"     Hospitals and nursing and residential care facilities",800,Quantity Indexes for Real GDP by Metropolitan Area (2001=100.000),"(D)","(D)","(D)","(D)","(D)","(D)"
"12420","Austin-Round Rock, TX (MSA)",70,"     Social assistance",800,Quantity Indexes for Real GDP by Metropolitan Area (2001=100.000),"(D)","(D)","(D)","(D)","(D)","(D)"
"12420","Austin-Round Rock, TX (MSA)",71,"   Arts, entertainment, and recreation",800,Quantity Indexes for Real GDP by Metropolitan Area (2001=100.000),100.000,104.630,107.368,124.477,122.735,131.686
"12420","Austin-Round Rock, TX (MSA)",72,"     Performing arts, museums, and related activities",800,Quantity Indexes for Real GDP by Metropolitan Area (2001=100.000),"(D)","(D)","(D)","(D)","(D)","(D)"
"12420","Austin-Round Rock, TX (MSA)",73,"     Amusement, gambling, and recreation",800,Quantity Indexes for Real GDP by Metropolitan Area (2001=100.000),"(D)","(D)","(D)","(D)","(D)","(D)"
"12420","Austin-Round Rock, TX (MSA)",74,"   Accommodation and food services",800,Quantity Indexes for Real GDP by Metropolitan Area (2001=100.000),100.000,101.755,105.664,109.883,115.786,121.432
"12420","Austin-Round Rock, TX (MSA)",75,"     Accommodation",800,Quantity Indexes for Real GDP by Metropolitan Area (2001=100.000),100.000,106.294,104.614,107.090,111.913,119.547
"12420","Austin-Round Rock, TX (MSA)",76,"     Food services and drinking places",800,Quantity Indexes for Real GDP by Metropolitan Area (2001=100.000),100.000,100.332,105.951,110.711,116.956,121.963
"12420","Austin-Round Rock, TX (MSA)",77,"   Other services, except government",800,Quantity Indexes for Real GDP by Metropolitan Area (2001=100.000),100.000,98.735,101.844,102.473,105.296,107.656
"12420","Austin-Round Rock, TX (MSA)",78," Government",800,Quantity Indexes for Real GDP by Metropolitan Area (2001=100.000),100.000,106.104,104.096,100.659,102.862,105.751
"12420","Austin-Round Rock, TX (MSA)",79,"   Federal civilian",800,Quantity Indexes for Real GDP by Metropolitan Area (2001=100.000),100.000,111.210,110.395,109.851,108.154,108.437
"12420","Austin-Round Rock, TX (MSA)",80,"   Federal military",800,Quantity Indexes for Real GDP by Metropolitan Area (2001=100.000),100.000,114.901,140.706,149.215,146.706,134.553
"12420","Austin-Round Rock, TX (MSA)",81,"   State and local",800,Quantity Indexes for Real GDP by Metropolitan Area (2001=100.000),100.000,105.481,102.969,99.063,101.743,105.131
"12420","Austin-Round Rock, TX (MSA)",99,"Natural resources and mining",800,Quantity Indexes for Real GDP by Metropolitan Area (2001=100.000),"(D)","(D)","(D)","(D)","(D)","(D)"
"12420","Austin-Round Rock, TX (MSA)",100,"Trade",800,Quantity Indexes for Real GDP by Metropolitan Area (2001=100.000),100.000,83.793,87.082,90.976,96.189,95.761
"12420","Austin-Round Rock, TX (MSA)",101,"Transportation and utilities",800,Quantity Indexes for Real GDP by Metropolitan Area (2001=100.000),100.000,105.398,106.059,125.563,130.145,138.493
"12420","Austin-Round Rock, TX (MSA)",102,"Financial activities",800,Quantity Indexes for Real GDP by Metropolitan Area (2001=100.000),100.000,93.522,98.621,98.210,101.667,111.974
"12420","Austin-Round Rock, TX (MSA)",103,"Professional and business services",800,Quantity Indexes for Real GDP by Metropolitan Area (2001=100.000),"(D)","(D)","(D)","(D)","(D)","(D)"
"12420","Austin-Round Rock, TX (MSA)",104,"Education and health services",800,Quantity Indexes for Real GDP by Metropolitan Area (2001=100.000),"(D)","(D)","(D)","(D)","(D)","(D)"
"12420","Austin-Round Rock, TX (MSA)",105,"Leisure and hospitality",800,Quantity Indexes for Real GDP by Metropolitan Area (2001=100.000),100.000,102.259,105.962,112.458,117.016,123.241
"12420","Austin-Round Rock, TX (MSA)",106,"Information, Communication, and Technology (ICT)",800,Quantity Indexes for Real GDP by Metropolitan Area (2001=100.000),100.000,109.262,114.537,148.355,173.380,226.713
"12420","Austin-Round Rock, TX (MSA)",108,"Private goods-producing industries",800,Quantity Indexes for Real GDP by Metropolitan Area (2001=100.000),"(D)","(D)","(D)","(D)","(D)","(D)"
"12420","Austin-Round Rock, TX (MSA)",109,"Private services-providing industries",800,Quantity Indexes for Real GDP by Metropolitan Area (2001=100.000),"(D)","(D)","(D)","(D)","(D)","(D)"
"FIPS","Metropolitan Area","Industry Code","Industry","Component Code","Component","2001","2002","2003","2004","2005","2006"
"12420","Austin-Round Rock, TX (MSA)",1,"Total Gross Domestic Product by Metropolitan Area",900,Real GDP by Metropolitan Area (millions of chained 2001 dollars),53497,52425,54100,57518,60971,65741
"12420","Austin-Round Rock, TX (MSA)",2," Private industries",900,Real GDP by Metropolitan Area (millions of chained 2001 dollars),46211,44684,46528,50267,53599,58227
"12420","Austin-Round Rock, TX (MSA)",3,"   Agriculture, forestry, fishing, and hunting",900,Real GDP by Metropolitan Area (millions of chained 2001 dollars),"(D)","(D)","(D)","(D)","(D)","(D)"
"12420","Austin-Round Rock, TX (MSA)",4,"     Crop and animal production (Farms)",900,Real GDP by Metropolitan Area (millions of chained 2001 dollars),33,47,53,83,55,61
"12420","Austin-Round Rock, TX (MSA)",5,"     Forestry, fishing, and related activities",900,Real GDP by Metropolitan Area (millions of chained 2001 dollars),"(D)","(D)","(D)","(D)","(D)","(D)"
"12420","Austin-Round Rock, TX (MSA)",6,"   Mining",900,Real GDP by Metropolitan Area (millions of chained 2001 dollars),451,357,"(D)","(D)","(D)","(D)"
"12420","Austin-Round Rock, TX (MSA)",7,"     Oil and gas extraction",900,Real GDP by Metropolitan Area (millions of chained 2001 dollars),"(D)","(D)","(D)","(D)","(D)","(D)"
"12420","Austin-Round Rock, TX (MSA)",8,"     Mining, except oil and gas",900,Real GDP by Metropolitan Area (millions of chained 2001 dollars),"(D)","(D)","(D)","(D)","(D)","(D)"
"12420","Austin-Round Rock, TX (MSA)",9,"     Support activities for mining",900,Real GDP by Metropolitan Area (millions of chained 2001 dollars),"(D)","(D)","(D)","(D)","(D)","(D)"
"12420","Austin-Round Rock, TX (MSA)",10,"   Utilities",900,Real GDP by Metropolitan Area (millions of chained 2001 dollars),215,236,257,330,309,316
"12420","Austin-Round Rock, TX (MSA)",11,"   Construction",900,Real GDP by Metropolitan Area (millions of chained 2001 dollars),2862,2648,2628,2577,2716,2750
"12420","Austin-Round Rock, TX (MSA)",12,"   Manufacturing",900,Real GDP by Metropolitan Area (millions of chained 2001 dollars),7087,7332,7670,10532,11599,15068
"12420","Austin-Round Rock, TX (MSA)",13,"     Durable goods",900,Real GDP by Metropolitan Area (millions of chained 2001 dollars),"(D)","(D)",6576,9034,10294,13979
"12420","Austin-Round Rock, TX (MSA)",14,"       Wood product manufacturing",900,Real GDP by Metropolitan Area (millions of chained 2001 dollars),"(D)",71,61,58,55,"(D)"
"12420","Austin-Round Rock, TX (MSA)",15,"       Nonmetallic mineral product manufacturing",900,Real GDP by Metropolitan Area (millions of chained 2001 dollars),"(D)","(D)","(D)","(D)","(D)","(D)"
"12420","Austin-Round Rock, TX (MSA)",16,"       Primary metal manufacturing",900,Real GDP by Metropolitan Area (millions of chained 2001 dollars),"(D)","(D)","(D)","(D)","(D)","(D)"
"12420","Austin-Round Rock, TX (MSA)",17,"       Fabricated metal product manufacturing",900,Real GDP by Metropolitan Area (millions of chained 2001 dollars),216,168,"(D)","(D)","(D)","(D)"
"12420","Austin-Round Rock, TX (MSA)",18,"       Machinery manufacturing",900,Real GDP by Metropolitan Area (millions of chained 2001 dollars),"(D)","(D)","(D)",687,674,734
"12420","Austin-Round Rock, TX (MSA)",19,"       Computer and electronic product manufacturing",900,Real GDP by Metropolitan Area (millions of chained 2001 dollars),"(D)","(D)","(D)","(D)","(D)","(D)"
"12420","Austin-Round Rock, TX (MSA)",20,"       Electrical equipment and appliance manufacturing",900,Real GDP by Metropolitan Area (millions of chained 2001 dollars),"(D)","(D)","(D)",186,191,"(D)"
"12420","Austin-Round Rock, TX (MSA)",21,"       Motor vehicle, body, trailer, and parts manufacturing",900,Real GDP by Metropolitan Area (millions of chained 2001 dollars),"(D)","(D)","(D)","(D)","(D)","(D)"
"12420","Austin-Round Rock, TX (MSA)",22,"       Other transportation equipment manufacturing",900,Real GDP by Metropolitan Area (millions of chained 2001 dollars),"(D)","(D)","(D)","(D)","(D)","(D)"
"12420","Austin-Round Rock, TX (MSA)",23,"       Furniture and related product manufacturing",900,Real GDP by Metropolitan Area (millions of chained 2001 dollars),"(D)","(D)",77,"(D)","(D)","(D)"
"12420","Austin-Round Rock, TX (MSA)",24,"       Miscellaneous manufacturing",900,Real GDP by Metropolitan Area (millions of chained 2001 dollars),"(D)","(D)","(D)","(D)","(D)","(D)"
"12420","Austin-Round Rock, TX (MSA)",25,"     Nondurable goods",900,Real GDP by Metropolitan Area (millions of chained 2001 dollars),"(D)","(D)",1096,1502,1429,1522
"12420","Austin-Round Rock, TX (MSA)",26,"       Food product manufacturing",900,Real GDP by Metropolitan Area (millions of chained 2001 dollars),"(D)","(D)","(D)","(D)","(D)","(D)"
"12420","Austin-Round Rock, TX (MSA)",27,"       Textile and textile product mills",900,Real GDP by Metropolitan Area (millions of chained 2001 dollars),"(D)","(D)","(D)","(D)","(D)","(D)"
"12420","Austin-Round Rock, TX (MSA)",28,"       Apparel manufacturing",900,Real GDP by Metropolitan Area (millions of chained 2001 dollars),"(D)","(D)","(D)","(D)","(D)","(D)"
"12420","Austin-Round Rock, TX (MSA)",29,"       Paper manufacturing",900,Real GDP by Metropolitan Area (millions of chained 2001 dollars),"(D)","(D)","(D)","(D)","(D)","(D)"
"12420","Austin-Round Rock, TX (MSA)",30,"       Printing and related support activities",900,Real GDP by Metropolitan Area (millions of chained 2001 dollars),"(D)","(D)","(D)","(D)","(D)","(D)"
"12420","Austin-Round Rock, TX (MSA)",31,"       Petroleum and coal products manufacturing",900,Real GDP by Metropolitan Area (millions of chained 2001 dollars),"(D)","(D)","(D)","(D)","(D)","(D)"
"12420","Austin-Round Rock, TX (MSA)",32,"       Chemical manufacturing",900,Real GDP by Metropolitan Area (millions of chained 2001 dollars),"(D)","(D)","(D)","(D)","(D)","(D)"
"12420","Austin-Round Rock, TX (MSA)",33,"       Plastics and rubber products manufacturing",900,Real GDP by Metropolitan Area (millions of chained 2001 dollars),153,119,"(D)","(D)","(D)","(D)"
"12420","Austin-Round Rock, TX (MSA)",34,"   Wholesale trade",900,Real GDP by Metropolitan Area (millions of chained 2001 dollars),6859,5178,5421,5737,5881,5445
"12420","Austin-Round Rock, TX (MSA)",35,"   Retail trade",900,Real GDP by Metropolitan Area (millions of chained 2001 dollars),3478,3480,3577,3662,4069,4509
"12420","Austin-Round Rock, TX (MSA)",36,"   Transportation and warehousing, excluding Postal Service",900,Real GDP by Metropolitan Area (millions of chained 2001 dollars),567,589,574,655,711,771
"12420","Austin-Round Rock, TX (MSA)",37,"     Air transportation",900,Real GDP by Metropolitan Area (millions of chained 2001 dollars),"(D)","(D)","(D)","(D)","(D)","(D)"
"12420","Austin-Round Rock, TX (MSA)",38,"     Rail transportation",900,Real GDP by Metropolitan Area (millions of chained 2001 dollars),29,31,34,34,33,42
"12420","Austin-Round Rock, TX (MSA)",39,"     Water transportation",900,Real GDP by Metropolitan Area (millions of chained 2001 dollars),"(D)","(D)","(D)","(D)","(D)","(D)"
"12420","Austin-Round Rock, TX (MSA)",40,"     Truck transportation",900,Real GDP by Metropolitan Area (millions of chained 2001 dollars),169,160,142,"(D)","(D)",210
"12420","Austin-Round Rock, TX (MSA)",41,"     Transit and ground passenger transportation",900,Real GDP by Metropolitan Area (millions of chained 2001 dollars),"(D)","(D)","(D)","(D)","(D)","(D)"
"12420","Austin-Round Rock, TX (MSA)",42,"     Pipeline transportation",900,Real GDP by Metropolitan Area (millions of chained 2001 dollars),"(D)","(D)","(D)","(D)",28,30
"12420","Austin-Round Rock, TX (MSA)",43,"     Other transportation and support activities",900,Real GDP by Metropolitan Area (millions of chained 2001 dollars),"(D)","(D)","(D)","(D)","(D)","(D)"
"12420","Austin-Round Rock, TX (MSA)",44,"     Warehousing and storage",900,Real GDP by Metropolitan Area (millions of chained 2001 dollars),"(D)","(D)","(D)","(D)","(D)","(D)"
"12420","Austin-Round Rock, TX (MSA)",45,"   Information",900,Real GDP by Metropolitan Area (millions of chained 2001 dollars),3255,3690,3840,4332,4591,4967
"12420","Austin-Round Rock, TX (MSA)",46,"     Publishing including software",900,Real GDP by Metropolitan Area (millions of chained 2001 dollars),"(D)","(D)","(D)","(D)","(D)","(D)"
"12420","Austin-Round Rock, TX (MSA)",47,"     Motion picture and sound recording industries",900,Real GDP by Metropolitan Area (millions of chained 2001 dollars),"(D)","(D)","(D)","(D)","(D)","(D)"
"12420","Austin-Round Rock, TX (MSA)",48,"     Broadcasting and telecommunications",900,Real GDP by Metropolitan Area (millions of chained 2001 dollars),"(D)","(D)",1693,"(D)","(D)","(D)"
"12420","Austin-Round Rock, TX (MSA)",49,"     Information and data processing services",900,Real GDP by Metropolitan Area (millions of chained 2001 dollars),"(D)","(D)","(D)","(D)","(D)","(D)"
"12420","Austin-Round Rock, TX (MSA)",50,"   Finance and insurance",900,Real GDP by Metropolitan Area (millions of chained 2001 dollars),2887,3013,3283,2961,3097,3651
"12420","Austin-Round Rock, TX (MSA)",51,"     Federal Reserve banks, credit intermediation and related services",900,Real GDP by Metropolitan Area (millions of chained 2001 dollars),"(D)",1294,1435,1245,"(D)","(D)"
"12420","Austin-Round Rock, TX (MSA)",52,"     Securities, commodity contracts, investments",900,Real GDP by Metropolitan Area (millions of chained 2001 dollars),"(D)","(D)","(D)","(D)","(D)","(D)"
"12420","Austin-Round Rock, TX (MSA)",53,"     Insurance carriers and related activities",900,Real GDP by Metropolitan Area (millions of chained 2001 dollars),"(D)","(D)","(D)","(D)","(D)","(D)"
"12420","Austin-Round Rock, TX (MSA)",54,"     Funds, trusts, and other financial vehicles",900,Real GDP by Metropolitan Area (millions of chained 2001 dollars),"(D)","(D)","(D)","(D)","(D)","(D)"
"12420","Austin-Round Rock, TX (MSA)",55,"   Real estate and rental and leasing",900,Real GDP by Metropolitan Area (millions of chained 2001 dollars),5302,4646,4793,5082,5228,5518
"12420","Austin-Round Rock, TX (MSA)",56,"     Real estate",900,Real GDP by Metropolitan Area (millions of chained 2001 dollars),4784,"(D)",4222,4536,4765,5034
"12420","Austin-Round Rock, TX (MSA)",57,"     Rental and leasing services and lessors of intangible assets",900,Real GDP by Metropolitan Area (millions of chained 2001 dollars),518,"(D)",572,546,462,483
"12420","Austin-Round Rock, TX (MSA)",58,"   Professional and technical services",900,Real GDP by Metropolitan Area (millions of chained 2001 dollars),"(D)",4649,4774,5083,"(D)",6106
"12420","Austin-Round Rock, TX (MSA)",62,"   Management of companies and enterprises",900,Real GDP by Metropolitan Area (millions of chained 2001 dollars),"(D)","(D)","(D)","(D)","(D)","(D)"
"12420","Austin-Round Rock, TX (MSA)",63,"   Administrative and waste services",900,Real GDP by Metropolitan Area (millions of chained 2001 dollars),"(D)","(D)","(D)","(D)","(D)","(D)"
"12420","Austin-Round Rock, TX (MSA)",64,"     Administrative and support services",900,Real GDP by Metropolitan Area (millions of chained 2001 dollars),"(D)","(D)","(D)","(D)","(D)","(D)"
"12420","Austin-Round Rock, TX (MSA)",65,"     Waste management and remediation services",900,Real GDP by Metropolitan Area (millions of chained 2001 dollars),"(D)","(D)","(D)","(D)","(D)","(D)"
"12420","Austin-Round Rock, TX (MSA)",66,"   Educational services",900,Real GDP by Metropolitan Area (millions of chained 2001 dollars),"(D)","(D)","(D)","(D)",271,280
"12420","Austin-Round Rock, TX (MSA)",67,"   Health care and social assistance",900,Real GDP by Metropolitan Area (millions of chained 2001 dollars),"(D)","(D)","(D)","(D)",3410,3612
"12420","Austin-Round Rock, TX (MSA)",68,"     Ambulatory health care services",900,Real GDP by Metropolitan Area (millions of chained 2001 dollars),1579,1824,1876,"(D)","(D)",2268
"12420","Austin-Round Rock, TX (MSA)",69,"     Hospitals and nursing and residential care facilities",900,Real GDP by Metropolitan Area (millions of chained 2001 dollars),"(D)","(D)","(D)","(D)","(D)","(D)"
"12420","Austin-Round Rock, TX (MSA)",70,"     Social assistance",900,Real GDP by Metropolitan Area (millions of chained 2001 dollars),"(D)","(D)","(D)","(D)",344,"(D)"
"12420","Austin-Round Rock, TX (MSA)",71,"   Arts, entertainment, and recreation",900,Real GDP by Metropolitan Area (millions of chained 2001 dollars),311,326,334,387,382,410
"12420","Austin-Round Rock, TX (MSA)",72,"     Performing arts, museums, and related activities",900,Real GDP by Metropolitan Area (millions of chained 2001 dollars),"(D)",117,"(D)","(D)","(D)","(D)"
"12420","Austin-Round Rock, TX (MSA)",73,"     Amusement, gambling, and recreation",900,Real GDP by Metropolitan Area (millions of chained 2001 dollars),"(D)",209,"(D)","(D)","(D)","(D)"
"12420","Austin-Round Rock, TX (MSA)",74,"   Accommodation and food services",900,Real GDP by Metropolitan Area (millions of chained 2001 dollars),1457,1483,1540,1601,1687,1770
"12420","Austin-Round Rock, TX (MSA)",75,"     Accommodation",900,Real GDP by Metropolitan Area (millions of chained 2001 dollars),355,377,371,380,397,424
"12420","Austin-Round Rock, TX (MSA)",76,"     Food services and drinking places",900,Real GDP by Metropolitan Area (millions of chained 2001 dollars),1103,1106,1168,1221,1290,1345
"12420","Austin-Round Rock, TX (MSA)",77,"   Other services, except government",900,Real GDP by Metropolitan Area (millions of chained 2001 dollars),1448,1429,1474,1483,1524,1558
"12420","Austin-Round Rock, TX (MSA)",78," Government",900,Real GDP by Metropolitan Area (millions of chained 2001 dollars),7286,7731,7585,7334,7495,7705
"12420","Austin-Round Rock, TX (MSA)",79,"   Federal civilian",900,Real GDP by Metropolitan Area (millions of chained 2001 dollars),642,714,709,705,694,696
"12420","Austin-Round Rock, TX (MSA)",80,"   Federal military",900,Real GDP by Metropolitan Area (millions of chained 2001 dollars),85,98,120,127,125,115
"12420","Austin-Round Rock, TX (MSA)",81,"   State and local",900,Real GDP by Metropolitan Area (millions of chained 2001 dollars),6559,6919,6754,6498,6673,6896
"12420","Austin-Round Rock, TX (MSA)",99,"Natural resources and mining",900,Real GDP by Metropolitan Area (millions of chained 2001 dollars),"(D)","(D)",500,521,750,767
"12420","Austin-Round Rock, TX (MSA)",100,"Trade",900,Real GDP by Metropolitan Area (millions of chained 2001 dollars),10337,8661,9002,9404,9943,9899
"12420","Austin-Round Rock, TX (MSA)",101,"Transportation and utilities",900,Real GDP by Metropolitan Area (millions of chained 2001 dollars),783,825,830,983,1019,1084
"12420","Austin-Round Rock, TX (MSA)",102,"Financial activities",900,Real GDP by Metropolitan Area (millions of chained 2001 dollars),8189,7658,8076,8042,8325,9169
"12420","Austin-Round Rock, TX (MSA)",103,"Professional and business services",900,Real GDP by Metropolitan Area (millions of chained 2001 dollars),"(D)","(D)",7235,7375,7983,8451
"12420","Austin-Round Rock, TX (MSA)",104,"Education and health services",900,Real GDP by Metropolitan Area (millions of chained 2001 dollars),"(D)","(D)",3422,3600,3681,3891
"12420","Austin-Round Rock, TX (MSA)",105,"Leisure and hospitality",900,Real GDP by Metropolitan Area (millions of chained 2001 dollars),1769,1809,1874,1989,2070,2180
"12420","Austin-Round Rock, TX (MSA)",106,"Information, Communication, and Technology (ICT)",900,Real GDP by Metropolitan Area (millions of chained 2001 dollars),7224,7893,8274,10717,12524,16377
"12420","Austin-Round Rock, TX (MSA)",108,"Private goods-producing industries",900,Real GDP by Metropolitan Area (millions of chained 2001 dollars),"(D)","(D)",10750,13248,14769,17588
"12420","Austin-Round Rock, TX (MSA)",109,"Private services-providing industries",900,Real GDP by Metropolitan Area (millions of chained 2001 dollars),"(D)","(D)",35782,37198,39105,41157
"FIPS","Metropolitan Area","Industry Code","Industry","Component Code","Component","2001","2002","2003","2004","2005","2006"
"12420","Austin-Round Rock, TX (MSA)",1,"Total Gross Domestic Product by Metropolitan Area",1000,Per capita real GDP by Metropolitan Area (chained 2001 dollars),40366,38683,39041,40416,41495,42904
"12420","Austin-Round Rock, TX (MSA)",2," Private industries",1000,Per capita real GDP by Metropolitan Area (chained 2001 dollars),"n/a","n/a","n/a","n/a","n/a","n/a"
"12420","Austin-Round Rock, TX (MSA)",3,"   Agriculture, forestry, fishing, and hunting",1000,Per capita real GDP by Metropolitan Area (chained 2001 dollars),"n/a","n/a","n/a","n/a","n/a","n/a"
"12420","Austin-Round Rock, TX (MSA)",4,"     Crop and animal production (Farms)",1000,Per capita real GDP by Metropolitan Area (chained 2001 dollars),"n/a","n/a","n/a","n/a","n/a","n/a"
"12420","Austin-Round Rock, TX (MSA)",5,"     Forestry, fishing, and related activities",1000,Per capita real GDP by Metropolitan Area (chained 2001 dollars),"n/a","n/a","n/a","n/a","n/a","n/a"
"12420","Austin-Round Rock, TX (MSA)",6,"   Mining",1000,Per capita real GDP by Metropolitan Area (chained 2001 dollars),"n/a","n/a","n/a","n/a","n/a","n/a"
"12420","Austin-Round Rock, TX (MSA)",7,"     Oil and gas extraction",1000,Per capita real GDP by Metropolitan Area (chained 2001 dollars),"n/a","n/a","n/a","n/a","n/a","n/a"
"12420","Austin-Round Rock, TX (MSA)",8,"     Mining, except oil and gas",1000,Per capita real GDP by Metropolitan Area (chained 2001 dollars),"n/a","n/a","n/a","n/a","n/a","n/a"
"12420","Austin-Round Rock, TX (MSA)",9,"     Support activities for mining",1000,Per capita real GDP by Metropolitan Area (chained 2001 dollars),"n/a","n/a","n/a","n/a","n/a","n/a"
"12420","Austin-Round Rock, TX (MSA)",10,"   Utilities",1000,Per capita real GDP by Metropolitan Area (chained 2001 dollars),"n/a","n/a","n/a","n/a","n/a","n/a"
"12420","Austin-Round Rock, TX (MSA)",11,"   Construction",1000,Per capita real GDP by Metropolitan Area (chained 2001 dollars),"n/a","n/a","n/a","n/a","n/a","n/a"
"12420","Austin-Round Rock, TX (MSA)",12,"   Manufacturing",1000,Per capita real GDP by Metropolitan Area (chained 2001 dollars),"n/a","n/a","n/a","n/a","n/a","n/a"
"12420","Austin-Round Rock, TX (MSA)",13,"     Durable goods",1000,Per capita real GDP by Metropolitan Area (chained 2001 dollars),"n/a","n/a","n/a","n/a","n/a","n/a"
"12420","Austin-Round Rock, TX (MSA)",14,"       Wood product manufacturing",1000,Per capita real GDP by Metropolitan Area (chained 2001 dollars),"n/a","n/a","n/a","n/a","n/a","n/a"
"12420","Austin-Round Rock, TX (MSA)",15,"       Nonmetallic mineral product manufacturing",1000,Per capita real GDP by Metropolitan Area (chained 2001 dollars),"n/a","n/a","n/a","n/a","n/a","n/a"
"12420","Austin-Round Rock, TX (MSA)",16,"       Primary metal manufacturing",1000,Per capita real GDP by Metropolitan Area (chained 2001 dollars),"n/a","n/a","n/a","n/a","n/a","n/a"
"12420","Austin-Round Rock, TX (MSA)",17,"       Fabricated metal product manufacturing",1000,Per capita real GDP by Metropolitan Area (chained 2001 dollars),"n/a","n/a","n/a","n/a","n/a","n/a"
"12420","Austin-Round Rock, TX (MSA)",18,"       Machinery manufacturing",1000,Per capita real GDP by Metropolitan Area (chained 2001 dollars),"n/a","n/a","n/a","n/a","n/a","n/a"
"12420","Austin-Round Rock, TX (MSA)",19,"       Computer and electronic product manufacturing",1000,Per capita real GDP by Metropolitan Area (chained 2001 dollars),"n/a","n/a","n/a","n/a","n/a","n/a"
"12420","Austin-Round Rock, TX (MSA)",20,"       Electrical equipment and appliance manufacturing",1000,Per capita real GDP by Metropolitan Area (chained 2001 dollars),"n/a","n/a","n/a","n/a","n/a","n/a"
"12420","Austin-Round Rock, TX (MSA)",21,"       Motor vehicle, body, trailer, and parts manufacturing",1000,Per capita real GDP by Metropolitan Area (chained 2001 dollars),"n/a","n/a","n/a","n/a","n/a","n/a"
"12420","Austin-Round Rock, TX (MSA)",22,"       Other transportation equipment manufacturing",1000,Per capita real GDP by Metropolitan Area (chained 2001 dollars),"n/a","n/a","n/a","n/a","n/a","n/a"
"12420","Austin-Round Rock, TX (MSA)",23,"       Furniture and related product manufacturing",1000,Per capita real GDP by Metropolitan Area (chained 2001 dollars),"n/a","n/a","n/a","n/a","n/a","n/a"
"12420","Austin-Round Rock, TX (MSA)",24,"       Miscellaneous manufacturing",1000,Per capita real GDP by Metropolitan Area (chained 2001 dollars),"n/a","n/a","n/a","n/a","n/a","n/a"
"12420","Austin-Round Rock, TX (MSA)",25,"     Nondurable goods",1000,Per capita real GDP by Metropolitan Area (chained 2001 dollars),"n/a","n/a","n/a","n/a","n/a","n/a"
"12420","Austin-Round Rock, TX (MSA)",26,"       Food product manufacturing",1000,Per capita real GDP by Metropolitan Area (chained 2001 dollars),"n/a","n/a","n/a","n/a","n/a","n/a"
"12420","Austin-Round Rock, TX (MSA)",27,"       Textile and textile product mills",1000,Per capita real GDP by Metropolitan Area (chained 2001 dollars),"n/a","n/a","n/a","n/a","n/a","n/a"
"12420","Austin-Round Rock, TX (MSA)",28,"       Apparel manufacturing",1000,Per capita real GDP by Metropolitan Area (chained 2001 dollars),"n/a","n/a","n/a","n/a","n/a","n/a"
"12420","Austin-Round Rock, TX (MSA)",29,"       Paper manufacturing",1000,Per capita real GDP by Metropolitan Area (chained 2001 dollars),"n/a","n/a","n/a","n/a","n/a","n/a"
"12420","Austin-Round Rock, TX (MSA)",30,"       Printing and related support activities",1000,Per capita real GDP by Metropolitan Area (chained 2001 dollars),"n/a","n/a","n/a","n/a","n/a","n/a"
"12420","Austin-Round Rock, TX (MSA)",31,"       Petroleum and coal products manufacturing",1000,Per capita real GDP by Metropolitan Area (chained 2001 dollars),"n/a","n/a","n/a","n/a","n/a","n/a"
"12420","Austin-Round Rock, TX (MSA)",32,"       Chemical manufacturing",1000,Per capita real GDP by Metropolitan Area (chained 2001 dollars),"n/a","n/a","n/a","n/a","n/a","n/a"
"12420","Austin-Round Rock, TX (MSA)",33,"       Plastics and rubber products manufacturing",1000,Per capita real GDP by Metropolitan Area (chained 2001 dollars),"n/a","n/a","n/a","n/a","n/a","n/a"
"12420","Austin-Round Rock, TX (MSA)",34,"   Wholesale trade",1000,Per capita real GDP by Metropolitan Area (chained 2001 dollars),"n/a","n/a","n/a","n/a","n/a","n/a"
"12420","Austin-Round Rock, TX (MSA)",35,"   Retail trade",1000,Per capita real GDP by Metropolitan Area (chained 2001 dollars),"n/a","n/a","n/a","n/a","n/a","n/a"
"12420","Austin-Round Rock, TX (MSA)",36,"   Transportation and warehousing, excluding Postal Service",1000,Per capita real GDP by Metropolitan Area (chained 2001 dollars),"n/a","n/a","n/a","n/a","n/a","n/a"
"12420","Austin-Round Rock, TX (MSA)",37,"     Air transportation",1000,Per capita real GDP by Metropolitan Area (chained 2001 dollars),"n/a","n/a","n/a","n/a","n/a","n/a"
"12420","Austin-Round Rock, TX (MSA)",38,"     Rail transportation",1000,Per capita real GDP by Metropolitan Area (chained 2001 dollars),"n/a","n/a","n/a","n/a","n/a","n/a"
"12420","Austin-Round Rock, TX (MSA)",39,"     Water transportation",1000,Per capita real GDP by Metropolitan Area (chained 2001 dollars),"n/a","n/a","n/a","n/a","n/a","n/a"
"12420","Austin-Round Rock, TX (MSA)",40,"     Truck transportation",1000,Per capita real GDP by Metropolitan Area (chained 2001 dollars),"n/a","n/a","n/a","n/a","n/a","n/a"
"12420","Austin-Round Rock, TX (MSA)",41,"     Transit and ground passenger transportation",1000,Per capita real GDP by Metropolitan Area (chained 2001 dollars),"n/a","n/a","n/a","n/a","n/a","n/a"
"12420","Austin-Round Rock, TX (MSA)",42,"     Pipeline transportation",1000,Per capita real GDP by Metropolitan Area (chained 2001 dollars),"n/a","n/a","n/a","n/a","n/a","n/a"
"12420","Austin-Round Rock, TX (MSA)",43,"     Other transportation and support activities",1000,Per capita real GDP by Metropolitan Area (chained 2001 dollars),"n/a","n/a","n/a","n/a","n/a","n/a"
"12420","Austin-Round Rock, TX (MSA)",44,"     Warehousing and storage",1000,Per capita real GDP by Metropolitan Area (chained 2001 dollars),"n/a","n/a","n/a","n/a","n/a","n/a"
"12420","Austin-Round Rock, TX (MSA)",45,"   Information",1000,Per capita real GDP by Metropolitan Area (chained 2001 dollars),"n/a","n/a","n/a","n/a","n/a","n/a"
"12420","Austin-Round Rock, TX (MSA)",46,"     Publishing including software",1000,Per capita real GDP by Metropolitan Area (chained 2001 dollars),"n/a","n/a","n/a","n/a","n/a","n/a"
"12420","Austin-Round Rock, TX (MSA)",47,"     Motion picture and sound recording industries",1000,Per capita real GDP by Metropolitan Area (chained 2001 dollars),"n/a","n/a","n/a","n/a","n/a","n/a"
"12420","Austin-Round Rock, TX (MSA)",48,"     Broadcasting and telecommunications",1000,Per capita real GDP by Metropolitan Area (chained 2001 dollars),"n/a","n/a","n/a","n/a","n/a","n/a"
"12420","Austin-Round Rock, TX (MSA)",49,"     Information and data processing services",1000,Per capita real GDP by Metropolitan Area (chained 2001 dollars),"n/a","n/a","n/a","n/a","n/a","n/a"
"12420","Austin-Round Rock, TX (MSA)",50,"   Finance and insurance",1000,Per capita real GDP by Metropolitan Area (chained 2001 dollars),"n/a","n/a","n/a","n/a","n/a","n/a"
"12420","Austin-Round Rock, TX (MSA)",51,"     Federal Reserve banks, credit intermediation and related services",1000,Per capita real GDP by Metropolitan Area (chained 2001 dollars),"n/a","n/a","n/a","n/a","n/a","n/a"
"12420","Austin-Round Rock, TX (MSA)",52,"     Securities, commodity contracts, investments",1000,Per capita real GDP by Metropolitan Area (chained 2001 dollars),"n/a","n/a","n/a","n/a","n/a","n/a"
"12420","Austin-Round Rock, TX (MSA)",53,"     Insurance carriers and related activities",1000,Per capita real GDP by Metropolitan Area (chained 2001 dollars),"n/a","n/a","n/a","n/a","n/a","n/a"
"12420","Austin-Round Rock, TX (MSA)",54,"     Funds, trusts, and other financial vehicles",1000,Per capita real GDP by Metropolitan Area (chained 2001 dollars),"n/a","n/a","n/a","n/a","n/a","n/a"
"12420","Austin-Round Rock, TX (MSA)",55,"   Real estate and rental and leasing",1000,Per capita real GDP by Metropolitan Area (chained 2001 dollars),"n/a","n/a","n/a","n/a","n/a","n/a"
"12420","Austin-Round Rock, TX (MSA)",56,"     Real estate",1000,Per capita real GDP by Metropolitan Area (chained 2001 dollars),"n/a","n/a","n/a","n/a","n/a","n/a"
"12420","Austin-Round Rock, TX (MSA)",57,"     Rental and leasing services and lessors of intangible assets",1000,Per capita real GDP by Metropolitan Area (chained 2001 dollars),"n/a","n/a","n/a","n/a","n/a","n/a"
"12420","Austin-Round Rock, TX (MSA)",58,"   Professional and technical services",1000,Per capita real GDP by Metropolitan Area (chained 2001 dollars),"n/a","n/a","n/a","n/a","n/a","n/a"
"12420","Austin-Round Rock, TX (MSA)",62,"   Management of companies and enterprises",1000,Per capita real GDP by Metropolitan Area (chained 2001 dollars),"n/a","n/a","n/a","n/a","n/a","n/a"
"12420","Austin-Round Rock, TX (MSA)",63,"   Administrative and waste services",1000,Per capita real GDP by Metropolitan Area (chained 2001 dollars),"n/a","n/a","n/a","n/a","n/a","n/a"
"12420","Austin-Round Rock, TX (MSA)",64,"     Administrative and support services",1000,Per capita real GDP by Metropolitan Area (chained 2001 dollars),"n/a","n/a","n/a","n/a","n/a","n/a"
"12420","Austin-Round Rock, TX (MSA)",65,"     Waste management and remediation services",1000,Per capita real GDP by Metropolitan Area (chained 2001 dollars),"n/a","n/a","n/a","n/a","n/a","n/a"
"12420","Austin-Round Rock, TX (MSA)",66,"   Educational services",1000,Per capita real GDP by Metropolitan Area (chained 2001 dollars),"n/a","n/a","n/a","n/a","n/a","n/a"
"12420","Austin-Round Rock, TX (MSA)",67,"   Health care and social assistance",1000,Per capita real GDP by Metropolitan Area (chained 2001 dollars),"n/a","n/a","n/a","n/a","n/a","n/a"
"12420","Austin-Round Rock, TX (MSA)",68,"     Ambulatory health care services",1000,Per capita real GDP by Metropolitan Area (chained 2001 dollars),"n/a","n/a","n/a","n/a","n/a","n/a"
"12420","Austin-Round Rock, TX (MSA)",69,"     Hospitals and nursing and residential care facilities",1000,Per capita real GDP by Metropolitan Area (chained 2001 dollars),"n/a","n/a","n/a","n/a","n/a","n/a"
"12420","Austin-Round Rock, TX (MSA)",70,"     Social assistance",1000,Per capita real GDP by Metropolitan Area (chained 2001 dollars),"n/a","n/a","n/a","n/a","n/a","n/a"
"12420","Austin-Round Rock, TX (MSA)",71,"   Arts, entertainment, and recreation",1000,Per capita real GDP by Metropolitan Area (chained 2001 dollars),"n/a","n/a","n/a","n/a","n/a","n/a"
"12420","Austin-Round Rock, TX (MSA)",72,"     Performing arts, museums, and related activities",1000,Per capita real GDP by Metropolitan Area (chained 2001 dollars),"n/a","n/a","n/a","n/a","n/a","n/a"
"12420","Austin-Round Rock, TX (MSA)",73,"     Amusement, gambling, and recreation",1000,Per capita real GDP by Metropolitan Area (chained 2001 dollars),"n/a","n/a","n/a","n/a","n/a","n/a"
"12420","Austin-Round Rock, TX (MSA)",74,"   Accommodation and food services",1000,Per capita real GDP by Metropolitan Area (chained 2001 dollars),"n/a","n/a","n/a","n/a","n/a","n/a"
"12420","Austin-Round Rock, TX (MSA)",75,"     Accommodation",1000,Per capita real GDP by Metropolitan Area (chained 2001 dollars),"n/a","n/a","n/a","n/a","n/a","n/a"
"12420","Austin-Round Rock, TX (MSA)",76,"     Food services and drinking places",1000,Per capita real GDP by Metropolitan Area (chained 2001 dollars),"n/a","n/a","n/a","n/a","n/a","n/a"
"12420","Austin-Round Rock, TX (MSA)",77,"   Other services, except government",1000,Per capita real GDP by Metropolitan Area (chained 2001 dollars),"n/a","n/a","n/a","n/a","n/a","n/a"
"12420","Austin-Round Rock, TX (MSA)",78," Government",1000,Per capita real GDP by Metropolitan Area (chained 2001 dollars),"n/a","n/a","n/a","n/a","n/a","n/a"
"12420","Austin-Round Rock, TX (MSA)",79,"   Federal civilian",1000,Per capita real GDP by Metropolitan Area (chained 2001 dollars),"n/a","n/a","n/a","n/a","n/a","n/a"
"12420","Austin-Round Rock, TX (MSA)",80,"   Federal military",1000,Per capita real GDP by Metropolitan Area (chained 2001 dollars),"n/a","n/a","n/a","n/a","n/a","n/a"
"12420","Austin-Round Rock, TX (MSA)",81,"   State and local",1000,Per capita real GDP by Metropolitan Area (chained 2001 dollars),"n/a","n/a","n/a","n/a","n/a","n/a"
"12420","Austin-Round Rock, TX (MSA)",99,"Natural resources and mining",1000,Per capita real GDP by Metropolitan Area (chained 2001 dollars),"n/a","n/a","n/a","n/a","n/a","n/a"
"12420","Austin-Round Rock, TX (MSA)",100,"Trade",1000,Per capita real GDP by Metropolitan Area (chained 2001 dollars),"n/a","n/a","n/a","n/a","n/a","n/a"
"12420","Austin-Round Rock, TX (MSA)",101,"Transportation and utilities",1000,Per capita real GDP by Metropolitan Area (chained 2001 dollars),"n/a","n/a","n/a","n/a","n/a","n/a"
"12420","Austin-Round Rock, TX (MSA)",102,"Financial activities",1000,Per capita real GDP by Metropolitan Area (chained 2001 dollars),"n/a","n/a","n/a","n/a","n/a","n/a"
"12420","Austin-Round Rock, TX (MSA)",103,"Professional and business services",1000,Per capita real GDP by Metropolitan Area (chained 2001 dollars),"n/a","n/a","n/a","n/a","n/a","n/a"
"12420","Austin-Round Rock, TX (MSA)",104,"Education and health services",1000,Per capita real GDP by Metropolitan Area (chained 2001 dollars),"n/a","n/a","n/a","n/a","n/a","n/a"
"12420","Austin-Round Rock, TX (MSA)",105,"Leisure and hospitality",1000,Per capita real GDP by Metropolitan Area (chained 2001 dollars),"n/a","n/a","n/a","n/a","n/a","n/a"
"12420","Austin-Round Rock, TX (MSA)",106,"Information, Communication, and Technology (ICT)",1000,Per capita real GDP by Metropolitan Area (chained 2001 dollars),"n/a","n/a","n/a","n/a","n/a","n/a"
"12420","Austin-Round Rock, TX (MSA)",108,"Private goods-producing industries",1000,Per capita real GDP by Metropolitan Area (chained 2001 dollars),"n/a","n/a","n/a","n/a","n/a","n/a"
"12420","Austin-Round Rock, TX (MSA)",109,"Private services-providing industries",1000,Per capita real GDP by Metropolitan Area (chained 2001 dollars),"n/a","n/a","n/a","n/a","n/a","n/a"
Source: Bureau of Economic Analysis, U.S. Department of Commerce
