"FIPS","Metropolitan Area","Industry Code","Industry","Component Code","Component","2001","2002","2003","2004","2005","2006"
"14460","Boston-Cambridge-Quincy, MA-NH (MSA)",1,"Total Gross Domestic Product by Metropolitan Area",200,GDP by Metropolitan Area (millions of current dollars),230658,231908,238419,250412,259755,275756
"14460","Boston-Cambridge-Quincy, MA-NH (MSA)",2," Private industries",200,GDP by Metropolitan Area (millions of current dollars),213176,213544,219664,230853,239135,254073
"14460","Boston-Cambridge-Quincy, MA-NH (MSA)",3,"   Agriculture, forestry, fishing, and hunting",200,GDP by Metropolitan Area (millions of current dollars),"(D)","(D)","(D)",378,"(D)","(D)"
"14460","Boston-Cambridge-Quincy, MA-NH (MSA)",4,"     Crop and animal production (Farms)",200,GDP by Metropolitan Area (millions of current dollars),101,117,126,121,94,121
"14460","Boston-Cambridge-Quincy, MA-NH (MSA)",5,"     Forestry, fishing, and related activities",200,GDP by Metropolitan Area (millions of current dollars),"(D)","(D)","(D)",257,"(D)","(D)"
"14460","Boston-Cambridge-Quincy, MA-NH (MSA)",6,"   Mining",200,GDP by Metropolitan Area (millions of current dollars),"(D)","(D)","(D)",131,"(D)","(D)"
"14460","Boston-Cambridge-Quincy, MA-NH (MSA)",7,"     Oil and gas extraction",200,GDP by Metropolitan Area (millions of current dollars),0,0,"(D)","(D)","(D)","(D)"
"14460","Boston-Cambridge-Quincy, MA-NH (MSA)",8,"     Mining, except oil and gas",200,GDP by Metropolitan Area (millions of current dollars),"(D)","(D)","(D)","(D)","(D)","(D)"
"14460","Boston-Cambridge-Quincy, MA-NH (MSA)",9,"     Support activities for mining",200,GDP by Metropolitan Area (millions of current dollars),"(D)","(D)","(D)","(D)","(D)","(D)"
"14460","Boston-Cambridge-Quincy, MA-NH (MSA)",10,"   Utilities",200,GDP by Metropolitan Area (millions of current dollars),"(D)","(D)","(D)","(D)","(D)","(D)"
"14460","Boston-Cambridge-Quincy, MA-NH (MSA)",11,"   Construction",200,GDP by Metropolitan Area (millions of current dollars),10091,10238,9792,10242,11277,11147
"14460","Boston-Cambridge-Quincy, MA-NH (MSA)",12,"   Manufacturing",200,GDP by Metropolitan Area (millions of current dollars),24142,23947,24718,22911,23142,24322
"14460","Boston-Cambridge-Quincy, MA-NH (MSA)",13,"     Durable goods",200,GDP by Metropolitan Area (millions of current dollars),"(D)","(D)",18113,"(D)","(D)","(D)"
"14460","Boston-Cambridge-Quincy, MA-NH (MSA)",14,"       Wood product manufacturing",200,GDP by Metropolitan Area (millions of current dollars),"(D)","(D)","(D)",131,"(D)","(D)"
"14460","Boston-Cambridge-Quincy, MA-NH (MSA)",15,"       Nonmetallic mineral product manufacturing",200,GDP by Metropolitan Area (millions of current dollars),287,314,303,311,324,360
"14460","Boston-Cambridge-Quincy, MA-NH (MSA)",16,"       Primary metal manufacturing",200,GDP by Metropolitan Area (millions of current dollars),"(D)","(D)","(D)","(D)","(D)","(D)"
"14460","Boston-Cambridge-Quincy, MA-NH (MSA)",17,"       Fabricated metal product manufacturing",200,GDP by Metropolitan Area (millions of current dollars),2583,2012,2119,2238,2481,2346
"14460","Boston-Cambridge-Quincy, MA-NH (MSA)",18,"       Machinery manufacturing",200,GDP by Metropolitan Area (millions of current dollars),1476,1380,1261,1615,1834,2124
"14460","Boston-Cambridge-Quincy, MA-NH (MSA)",19,"       Computer and electronic product manufacturing",200,GDP by Metropolitan Area (millions of current dollars),7776,7407,8393,6836,6820,6651
"14460","Boston-Cambridge-Quincy, MA-NH (MSA)",20,"       Electrical equipment and appliance manufacturing",200,GDP by Metropolitan Area (millions of current dollars),1012,960,867,760,"(D)",698
"14460","Boston-Cambridge-Quincy, MA-NH (MSA)",21,"       Motor vehicle, body, trailer, and parts manufacturing",200,GDP by Metropolitan Area (millions of current dollars),"(D)","(D)","(D)","(D)","(D)","(D)"
"14460","Boston-Cambridge-Quincy, MA-NH (MSA)",22,"       Other transportation equipment manufacturing",200,GDP by Metropolitan Area (millions of current dollars),"(D)","(D)","(D)","(D)","(D)","(D)"
"14460","Boston-Cambridge-Quincy, MA-NH (MSA)",23,"       Furniture and related product manufacturing",200,GDP by Metropolitan Area (millions of current dollars),228,"(D)",264,"(D)","(D)","(D)"
"14460","Boston-Cambridge-Quincy, MA-NH (MSA)",24,"       Miscellaneous manufacturing",200,GDP by Metropolitan Area (millions of current dollars),2182,2160,2072,1753,1626,1804
"14460","Boston-Cambridge-Quincy, MA-NH (MSA)",25,"     Nondurable goods",200,GDP by Metropolitan Area (millions of current dollars),"(D)","(D)",6606,"(D)","(D)","(D)"
"14460","Boston-Cambridge-Quincy, MA-NH (MSA)",26,"       Food product manufacturing",200,GDP by Metropolitan Area (millions of current dollars),"(D)","(D)","(D)","(D)","(D)","(D)"
"14460","Boston-Cambridge-Quincy, MA-NH (MSA)",27,"       Textile and textile product mills",200,GDP by Metropolitan Area (millions of current dollars),"(D)","(D)","(D)","(D)","(D)","(D)"
"14460","Boston-Cambridge-Quincy, MA-NH (MSA)",28,"       Apparel manufacturing",200,GDP by Metropolitan Area (millions of current dollars),"(D)","(D)","(D)","(D)","(D)","(D)"
"14460","Boston-Cambridge-Quincy, MA-NH (MSA)",29,"       Paper manufacturing",200,GDP by Metropolitan Area (millions of current dollars),"(D)","(D)","(D)","(D)","(D)","(D)"
"14460","Boston-Cambridge-Quincy, MA-NH (MSA)",30,"       Printing and related support activities",200,GDP by Metropolitan Area (millions of current dollars),967,917,904,887,932,1071
"14460","Boston-Cambridge-Quincy, MA-NH (MSA)",31,"       Petroleum and coal products manufacturing",200,GDP by Metropolitan Area (millions of current dollars),"(D)","(D)","(D)","(D)","(D)","(D)"
"14460","Boston-Cambridge-Quincy, MA-NH (MSA)",32,"       Chemical manufacturing",200,GDP by Metropolitan Area (millions of current dollars),1753,2469,2677,2086,2410,2646
"14460","Boston-Cambridge-Quincy, MA-NH (MSA)",33,"       Plastics and rubber products manufacturing",200,GDP by Metropolitan Area (millions of current dollars),634,712,669,598,554,638
"14460","Boston-Cambridge-Quincy, MA-NH (MSA)",34,"   Wholesale trade",200,GDP by Metropolitan Area (millions of current dollars),14940,14258,14970,15910,15469,16708
"14460","Boston-Cambridge-Quincy, MA-NH (MSA)",35,"   Retail trade",200,GDP by Metropolitan Area (millions of current dollars),11112,11574,12031,12365,12608,12460
"14460","Boston-Cambridge-Quincy, MA-NH (MSA)",36,"   Transportation and warehousing, excluding Postal Service",200,GDP by Metropolitan Area (millions of current dollars),"(D)","(D)","(D)","(D)","(D)","(D)"
"14460","Boston-Cambridge-Quincy, MA-NH (MSA)",37,"     Air transportation",200,GDP by Metropolitan Area (millions of current dollars),"(D)","(D)","(D)","(D)","(D)","(D)"
"14460","Boston-Cambridge-Quincy, MA-NH (MSA)",38,"     Rail transportation",200,GDP by Metropolitan Area (millions of current dollars),232,233,247,245,264,278
"14460","Boston-Cambridge-Quincy, MA-NH (MSA)",39,"     Water transportation",200,GDP by Metropolitan Area (millions of current dollars),"(D)","(D)","(D)","(D)","(D)","(D)"
"14460","Boston-Cambridge-Quincy, MA-NH (MSA)",40,"     Truck transportation",200,GDP by Metropolitan Area (millions of current dollars),940,936,958,1026,1026,1055
"14460","Boston-Cambridge-Quincy, MA-NH (MSA)",41,"     Transit and ground passenger transportation",200,GDP by Metropolitan Area (millions of current dollars),478,495,494,517,483,545
"14460","Boston-Cambridge-Quincy, MA-NH (MSA)",42,"     Pipeline transportation",200,GDP by Metropolitan Area (millions of current dollars),"(D)","(D)","(D)","(D)","(D)","(D)"
"14460","Boston-Cambridge-Quincy, MA-NH (MSA)",43,"     Other transportation and support activities",200,GDP by Metropolitan Area (millions of current dollars),"(D)","(D)","(D)","(D)","(D)","(D)"
"14460","Boston-Cambridge-Quincy, MA-NH (MSA)",44,"     Warehousing and storage",200,GDP by Metropolitan Area (millions of current dollars),406,402,394,418,449,407
"14460","Boston-Cambridge-Quincy, MA-NH (MSA)",45,"   Information",200,GDP by Metropolitan Area (millions of current dollars),12329,12187,12091,12874,14483,15355
"14460","Boston-Cambridge-Quincy, MA-NH (MSA)",46,"     Publishing including software",200,GDP by Metropolitan Area (millions of current dollars),"(D)","(D)","(D)","(D)","(D)","(D)"
"14460","Boston-Cambridge-Quincy, MA-NH (MSA)",47,"     Motion picture and sound recording industries",200,GDP by Metropolitan Area (millions of current dollars),"(D)",227,214,"(D)","(D)","(D)"
"14460","Boston-Cambridge-Quincy, MA-NH (MSA)",48,"     Broadcasting and telecommunications",200,GDP by Metropolitan Area (millions of current dollars),"(D)",4297,4431,4592,4700,5110
"14460","Boston-Cambridge-Quincy, MA-NH (MSA)",49,"     Information and data processing services",200,GDP by Metropolitan Area (millions of current dollars),"(D)","(D)","(D)","(D)","(D)","(D)"
"14460","Boston-Cambridge-Quincy, MA-NH (MSA)",50,"   Finance and insurance",200,GDP by Metropolitan Area (millions of current dollars),27259,27308,27729,30778,29738,32641
"14460","Boston-Cambridge-Quincy, MA-NH (MSA)",51,"     Federal Reserve banks, credit intermediation and related services",200,GDP by Metropolitan Area (millions of current dollars),"(D)","(D)","(D)","(D)","(D)","(D)"
"14460","Boston-Cambridge-Quincy, MA-NH (MSA)",52,"     Securities, commodity contracts, investments",200,GDP by Metropolitan Area (millions of current dollars),10226,9315,8747,9148,10005,11624
"14460","Boston-Cambridge-Quincy, MA-NH (MSA)",53,"     Insurance carriers and related activities",200,GDP by Metropolitan Area (millions of current dollars),6834,7018,7324,7653,7117,7530
"14460","Boston-Cambridge-Quincy, MA-NH (MSA)",54,"     Funds, trusts, and other financial vehicles",200,GDP by Metropolitan Area (millions of current dollars),"(D)","(D)","(D)","(D)","(D)","(D)"
"14460","Boston-Cambridge-Quincy, MA-NH (MSA)",55,"   Real estate and rental and leasing",200,GDP by Metropolitan Area (millions of current dollars),34601,34843,36103,37497,39038,41343
"14460","Boston-Cambridge-Quincy, MA-NH (MSA)",56,"     Real estate",200,GDP by Metropolitan Area (millions of current dollars),33219,33622,34747,36162,37796,40122
"14460","Boston-Cambridge-Quincy, MA-NH (MSA)",57,"     Rental and leasing services and lessors of intangible assets",200,GDP by Metropolitan Area (millions of current dollars),1382,1221,1356,1335,1242,1221
"14460","Boston-Cambridge-Quincy, MA-NH (MSA)",58,"   Professional and technical services",200,GDP by Metropolitan Area (millions of current dollars),27065,26215,26168,29037,31187,33830
"14460","Boston-Cambridge-Quincy, MA-NH (MSA)",62,"   Management of companies and enterprises",200,GDP by Metropolitan Area (millions of current dollars),5294,4686,5006,5176,5855,6299
"14460","Boston-Cambridge-Quincy, MA-NH (MSA)",63,"   Administrative and waste services",200,GDP by Metropolitan Area (millions of current dollars),6604,6387,6789,6952,7553,8152
"14460","Boston-Cambridge-Quincy, MA-NH (MSA)",64,"     Administrative and support services",200,GDP by Metropolitan Area (millions of current dollars),5999,5728,6060,6234,6789,7350
"14460","Boston-Cambridge-Quincy, MA-NH (MSA)",65,"     Waste management and remediation services",200,GDP by Metropolitan Area (millions of current dollars),605,659,729,718,764,802
"14460","Boston-Cambridge-Quincy, MA-NH (MSA)",66,"   Educational services",200,GDP by Metropolitan Area (millions of current dollars),5298,5802,5983,6421,6568,6856
"14460","Boston-Cambridge-Quincy, MA-NH (MSA)",67,"   Health care and social assistance",200,GDP by Metropolitan Area (millions of current dollars),15970,17155,18548,19659,20787,22379
"14460","Boston-Cambridge-Quincy, MA-NH (MSA)",68,"     Ambulatory health care services",200,GDP by Metropolitan Area (millions of current dollars),6818,7127,7485,7968,8458,9343
"14460","Boston-Cambridge-Quincy, MA-NH (MSA)",69,"     Hospitals and nursing and residential care facilities",200,GDP by Metropolitan Area (millions of current dollars),"(D)","(D)","(D)",9872,"(D)","(D)"
"14460","Boston-Cambridge-Quincy, MA-NH (MSA)",70,"     Social assistance",200,GDP by Metropolitan Area (millions of current dollars),"(D)","(D)","(D)",1820,"(D)","(D)"
"14460","Boston-Cambridge-Quincy, MA-NH (MSA)",71,"   Arts, entertainment, and recreation",200,GDP by Metropolitan Area (millions of current dollars),1724,1891,2016,2170,2259,2333
"14460","Boston-Cambridge-Quincy, MA-NH (MSA)",72,"     Performing arts, museums, and related activities",200,GDP by Metropolitan Area (millions of current dollars),972,1073,1164,1248,1338,1355
"14460","Boston-Cambridge-Quincy, MA-NH (MSA)",73,"     Amusement, gambling, and recreation",200,GDP by Metropolitan Area (millions of current dollars),752,818,852,922,922,979
"14460","Boston-Cambridge-Quincy, MA-NH (MSA)",74,"   Accommodation and food services",200,GDP by Metropolitan Area (millions of current dollars),5138,5323,5509,5910,6105,6461
"14460","Boston-Cambridge-Quincy, MA-NH (MSA)",75,"     Accommodation",200,GDP by Metropolitan Area (millions of current dollars),"(D)","(D)","(D)",1724,1828,1980
"14460","Boston-Cambridge-Quincy, MA-NH (MSA)",76,"     Food services and drinking places",200,GDP by Metropolitan Area (millions of current dollars),"(D)","(D)","(D)",4186,4278,4481
"14460","Boston-Cambridge-Quincy, MA-NH (MSA)",77,"   Other services, except government",200,GDP by Metropolitan Area (millions of current dollars),4460,4675,4827,4890,5070,5265
"14460","Boston-Cambridge-Quincy, MA-NH (MSA)",78," Government",200,GDP by Metropolitan Area (millions of current dollars),17482,18364,18755,19559,20621,21684
"14460","Boston-Cambridge-Quincy, MA-NH (MSA)",79,"   Federal civilian",200,GDP by Metropolitan Area (millions of current dollars),3113,3329,3462,3624,3669,3842
"14460","Boston-Cambridge-Quincy, MA-NH (MSA)",80,"   Federal military",200,GDP by Metropolitan Area (millions of current dollars),545,674,802,828,867,876
"14460","Boston-Cambridge-Quincy, MA-NH (MSA)",81,"   State and local",200,GDP by Metropolitan Area (millions of current dollars),13824,14361,14491,15107,16084,16966
"14460","Boston-Cambridge-Quincy, MA-NH (MSA)",99,"Natural resources and mining",200,GDP by Metropolitan Area (millions of current dollars),366,415,469,509,498,541
"14460","Boston-Cambridge-Quincy, MA-NH (MSA)",100,"Trade",200,GDP by Metropolitan Area (millions of current dollars),26052,25832,27002,28275,28077,29168
"14460","Boston-Cambridge-Quincy, MA-NH (MSA)",101,"Transportation and utilities",200,GDP by Metropolitan Area (millions of current dollars),6782,6641,6916,7552,7496,7981
"14460","Boston-Cambridge-Quincy, MA-NH (MSA)",102,"Financial activities",200,GDP by Metropolitan Area (millions of current dollars),61860,62151,63832,68275,68776,73984
"14460","Boston-Cambridge-Quincy, MA-NH (MSA)",103,"Professional and business services",200,GDP by Metropolitan Area (millions of current dollars),38963,37288,37962,41165,44595,48281
"14460","Boston-Cambridge-Quincy, MA-NH (MSA)",104,"Education and health services",200,GDP by Metropolitan Area (millions of current dollars),21268,22957,24531,26080,27355,29234
"14460","Boston-Cambridge-Quincy, MA-NH (MSA)",105,"Leisure and hospitality",200,GDP by Metropolitan Area (millions of current dollars),6863,7214,7525,8080,8365,8794
"14460","Boston-Cambridge-Quincy, MA-NH (MSA)",106,"Information, Communication, and Technology (ICT)",200,GDP by Metropolitan Area (millions of current dollars),21900,21023,21240,20296,22012,23363
"14460","Boston-Cambridge-Quincy, MA-NH (MSA)",108,"Private goods-producing industries",200,GDP by Metropolitan Area (millions of current dollars),34432,34401,34748,33405,34661,35750
"14460","Boston-Cambridge-Quincy, MA-NH (MSA)",109,"Private services-providing industries",200,GDP by Metropolitan Area (millions of current dollars),178744,179143,184916,197449,204473,218323
"FIPS","Metropolitan Area","Industry Code","Industry","Component Code","Component","2001","2002","2003","2004","2005","2006"
"14460","Boston-Cambridge-Quincy, MA-NH (MSA)",1,"Total Gross Domestic Product by Metropolitan Area",800,Quantity Indexes for Real GDP by Metropolitan Area (2001=100.000),100.000,98.663,100.398,103.106,104.408,108.308
"14460","Boston-Cambridge-Quincy, MA-NH (MSA)",2," Private industries",800,Quantity Indexes for Real GDP by Metropolitan Area (2001=100.000),100.000,98.515,100.622,103.613,104.954,109.162
"14460","Boston-Cambridge-Quincy, MA-NH (MSA)",3,"   Agriculture, forestry, fishing, and hunting",800,Quantity Indexes for Real GDP by Metropolitan Area (2001=100.000),"(D)","(D)","(D)","(D)","(D)","(D)"
"14460","Boston-Cambridge-Quincy, MA-NH (MSA)",4,"     Crop and animal production (Farms)",800,Quantity Indexes for Real GDP by Metropolitan Area (2001=100.000),100.000,127.266,119.514,95.501,88.972,121.769
"14460","Boston-Cambridge-Quincy, MA-NH (MSA)",5,"     Forestry, fishing, and related activities",800,Quantity Indexes for Real GDP by Metropolitan Area (2001=100.000),"(D)","(D)","(D)","(D)","(D)","(D)"
"14460","Boston-Cambridge-Quincy, MA-NH (MSA)",6,"   Mining",800,Quantity Indexes for Real GDP by Metropolitan Area (2001=100.000),"(D)","(D)","(D)","(D)","(D)","(D)"
"14460","Boston-Cambridge-Quincy, MA-NH (MSA)",7,"     Oil and gas extraction",800,Quantity Indexes for Real GDP by Metropolitan Area (2001=100.000),0.000,0.000,"(D)","(D)","(D)","(D)"
"14460","Boston-Cambridge-Quincy, MA-NH (MSA)",8,"     Mining, except oil and gas",800,Quantity Indexes for Real GDP by Metropolitan Area (2001=100.000),"(D)","(D)","(D)","(D)","(D)","(D)"
"14460","Boston-Cambridge-Quincy, MA-NH (MSA)",9,"     Support activities for mining",800,Quantity Indexes for Real GDP by Metropolitan Area (2001=100.000),"(D)","(D)","(D)","(D)","(D)","(D)"
"14460","Boston-Cambridge-Quincy, MA-NH (MSA)",10,"   Utilities",800,Quantity Indexes for Real GDP by Metropolitan Area (2001=100.000),"(D)","(D)","(D)","(D)","(D)","(D)"
"14460","Boston-Cambridge-Quincy, MA-NH (MSA)",11,"   Construction",800,Quantity Indexes for Real GDP by Metropolitan Area (2001=100.000),100.000,96.832,88.170,85.083,85.339,76.495
"14460","Boston-Cambridge-Quincy, MA-NH (MSA)",12,"   Manufacturing",800,Quantity Indexes for Real GDP by Metropolitan Area (2001=100.000),100.000,102.557,110.479,106.543,109.399,117.591
"14460","Boston-Cambridge-Quincy, MA-NH (MSA)",13,"     Durable goods",800,Quantity Indexes for Real GDP by Metropolitan Area (2001=100.000),"(D)","(D)","(D)","(D)","(D)","(D)"
"14460","Boston-Cambridge-Quincy, MA-NH (MSA)",14,"       Wood product manufacturing",800,Quantity Indexes for Real GDP by Metropolitan Area (2001=100.000),"(D)","(D)","(D)","(D)","(D)","(D)"
"14460","Boston-Cambridge-Quincy, MA-NH (MSA)",15,"       Nonmetallic mineral product manufacturing",800,Quantity Indexes for Real GDP by Metropolitan Area (2001=100.000),100.000,107.709,105.018,105.490,102.171,100.492
"14460","Boston-Cambridge-Quincy, MA-NH (MSA)",16,"       Primary metal manufacturing",800,Quantity Indexes for Real GDP by Metropolitan Area (2001=100.000),"(D)","(D)","(D)","(D)","(D)","(D)"
"14460","Boston-Cambridge-Quincy, MA-NH (MSA)",17,"       Fabricated metal product manufacturing",800,Quantity Indexes for Real GDP by Metropolitan Area (2001=100.000),100.000,77.501,82.610,85.019,89.841,84.452
"14460","Boston-Cambridge-Quincy, MA-NH (MSA)",18,"       Machinery manufacturing",800,Quantity Indexes for Real GDP by Metropolitan Area (2001=100.000),100.000,92.878,85.299,112.699,125.205,143.629
"14460","Boston-Cambridge-Quincy, MA-NH (MSA)",19,"       Computer and electronic product manufacturing",800,Quantity Indexes for Real GDP by Metropolitan Area (2001=100.000),100.000,107.291,140.589,131.299,149.883,168.675
"14460","Boston-Cambridge-Quincy, MA-NH (MSA)",20,"       Electrical equipment and appliance manufacturing",800,Quantity Indexes for Real GDP by Metropolitan Area (2001=100.000),100.000,96.337,89.216,77.786,"(D)",65.452
"14460","Boston-Cambridge-Quincy, MA-NH (MSA)",21,"       Motor vehicle, body, trailer, and parts manufacturing",800,Quantity Indexes for Real GDP by Metropolitan Area (2001=100.000),"(D)","(D)","(D)","(D)","(D)","(D)"
"14460","Boston-Cambridge-Quincy, MA-NH (MSA)",22,"       Other transportation equipment manufacturing",800,Quantity Indexes for Real GDP by Metropolitan Area (2001=100.000),"(D)","(D)","(D)","(D)","(D)","(D)"
"14460","Boston-Cambridge-Quincy, MA-NH (MSA)",23,"       Furniture and related product manufacturing",800,Quantity Indexes for Real GDP by Metropolitan Area (2001=100.000),100.000,"(D)",112.879,"(D)","(D)","(D)"
"14460","Boston-Cambridge-Quincy, MA-NH (MSA)",24,"       Miscellaneous manufacturing",800,Quantity Indexes for Real GDP by Metropolitan Area (2001=100.000),100.000,96.285,92.382,79.739,74.619,83.511
"14460","Boston-Cambridge-Quincy, MA-NH (MSA)",25,"     Nondurable goods",800,Quantity Indexes for Real GDP by Metropolitan Area (2001=100.000),"(D)","(D)","(D)","(D)","(D)","(D)"
"14460","Boston-Cambridge-Quincy, MA-NH (MSA)",26,"       Food product manufacturing",800,Quantity Indexes for Real GDP by Metropolitan Area (2001=100.000),"(D)","(D)","(D)","(D)","(D)","(D)"
"14460","Boston-Cambridge-Quincy, MA-NH (MSA)",27,"       Textile and textile product mills",800,Quantity Indexes for Real GDP by Metropolitan Area (2001=100.000),"(D)","(D)","(D)","(D)","(D)","(D)"
"14460","Boston-Cambridge-Quincy, MA-NH (MSA)",28,"       Apparel manufacturing",800,Quantity Indexes for Real GDP by Metropolitan Area (2001=100.000),"(D)","(D)","(D)","(D)","(D)","(D)"
"14460","Boston-Cambridge-Quincy, MA-NH (MSA)",29,"       Paper manufacturing",800,Quantity Indexes for Real GDP by Metropolitan Area (2001=100.000),"(D)","(D)","(D)","(D)","(D)","(D)"
"14460","Boston-Cambridge-Quincy, MA-NH (MSA)",30,"       Printing and related support activities",800,Quantity Indexes for Real GDP by Metropolitan Area (2001=100.000),100.000,93.548,92.932,92.757,97.871,111.126
"14460","Boston-Cambridge-Quincy, MA-NH (MSA)",31,"       Petroleum and coal products manufacturing",800,Quantity Indexes for Real GDP by Metropolitan Area (2001=100.000),"(D)","(D)","(D)","(D)","(D)","(D)"
"14460","Boston-Cambridge-Quincy, MA-NH (MSA)",32,"       Chemical manufacturing",800,Quantity Indexes for Real GDP by Metropolitan Area (2001=100.000),100.000,141.422,148.194,112.299,120.766,125.354
"14460","Boston-Cambridge-Quincy, MA-NH (MSA)",33,"       Plastics and rubber products manufacturing",800,Quantity Indexes for Real GDP by Metropolitan Area (2001=100.000),100.000,111.243,107.076,98.839,89.967,92.587
"14460","Boston-Cambridge-Quincy, MA-NH (MSA)",34,"   Wholesale trade",800,Quantity Indexes for Real GDP by Metropolitan Area (2001=100.000),100.000,95.081,98.510,99.088,93.049,97.058
"14460","Boston-Cambridge-Quincy, MA-NH (MSA)",35,"   Retail trade",800,Quantity Indexes for Real GDP by Metropolitan Area (2001=100.000),100.000,102.276,105.777,107.908,111.608,110.983
"14460","Boston-Cambridge-Quincy, MA-NH (MSA)",36,"   Transportation and warehousing, excluding Postal Service",800,Quantity Indexes for Real GDP by Metropolitan Area (2001=100.000),"(D)","(D)","(D)","(D)","(D)","(D)"
"14460","Boston-Cambridge-Quincy, MA-NH (MSA)",37,"     Air transportation",800,Quantity Indexes for Real GDP by Metropolitan Area (2001=100.000),"(D)","(D)","(D)","(D)","(D)","(D)"
"14460","Boston-Cambridge-Quincy, MA-NH (MSA)",38,"     Rail transportation",800,Quantity Indexes for Real GDP by Metropolitan Area (2001=100.000),100.000,96.804,100.221,95.230,90.786,108.604
"14460","Boston-Cambridge-Quincy, MA-NH (MSA)",39,"     Water transportation",800,Quantity Indexes for Real GDP by Metropolitan Area (2001=100.000),"(D)","(D)","(D)","(D)","(D)","(D)"
"14460","Boston-Cambridge-Quincy, MA-NH (MSA)",40,"     Truck transportation",800,Quantity Indexes for Real GDP by Metropolitan Area (2001=100.000),100.000,96.680,97.655,101.233,98.957,98.793
"14460","Boston-Cambridge-Quincy, MA-NH (MSA)",41,"     Transit and ground passenger transportation",800,Quantity Indexes for Real GDP by Metropolitan Area (2001=100.000),100.000,100.524,95.987,98.583,90.113,99.175
"14460","Boston-Cambridge-Quincy, MA-NH (MSA)",42,"     Pipeline transportation",800,Quantity Indexes for Real GDP by Metropolitan Area (2001=100.000),"(D)","(D)","(D)","(D)","(D)","(D)"
"14460","Boston-Cambridge-Quincy, MA-NH (MSA)",43,"     Other transportation and support activities",800,Quantity Indexes for Real GDP by Metropolitan Area (2001=100.000),"(D)","(D)","(D)","(D)","(D)","(D)"
"14460","Boston-Cambridge-Quincy, MA-NH (MSA)",44,"     Warehousing and storage",800,Quantity Indexes for Real GDP by Metropolitan Area (2001=100.000),100.000,97.221,94.870,96.149,103.554,92.095
"14460","Boston-Cambridge-Quincy, MA-NH (MSA)",45,"   Information",800,Quantity Indexes for Real GDP by Metropolitan Area (2001=100.000),100.000,99.140,100.423,110.726,127.687,137.024
"14460","Boston-Cambridge-Quincy, MA-NH (MSA)",46,"     Publishing including software",800,Quantity Indexes for Real GDP by Metropolitan Area (2001=100.000),"(D)","(D)","(D)","(D)","(D)","(D)"
"14460","Boston-Cambridge-Quincy, MA-NH (MSA)",47,"     Motion picture and sound recording industries",800,Quantity Indexes for Real GDP by Metropolitan Area (2001=100.000),"(D)","(D)","(D)","(D)","(D)","(D)"
"14460","Boston-Cambridge-Quincy, MA-NH (MSA)",48,"     Broadcasting and telecommunications",800,Quantity Indexes for Real GDP by Metropolitan Area (2001=100.000),"(D)","(D)","(D)","(D)","(D)","(D)"
"14460","Boston-Cambridge-Quincy, MA-NH (MSA)",49,"     Information and data processing services",800,Quantity Indexes for Real GDP by Metropolitan Area (2001=100.000),"(D)","(D)","(D)","(D)","(D)","(D)"
"14460","Boston-Cambridge-Quincy, MA-NH (MSA)",50,"   Finance and insurance",800,Quantity Indexes for Real GDP by Metropolitan Area (2001=100.000),100.000,98.741,100.496,107.679,102.729,113.172
"14460","Boston-Cambridge-Quincy, MA-NH (MSA)",51,"     Federal Reserve banks, credit intermediation and related services",800,Quantity Indexes for Real GDP by Metropolitan Area (2001=100.000),"(D)","(D)","(D)","(D)","(D)","(D)"
"14460","Boston-Cambridge-Quincy, MA-NH (MSA)",52,"     Securities, commodity contracts, investments",800,Quantity Indexes for Real GDP by Metropolitan Area (2001=100.000),100.000,95.180,95.418,98.424,109.282,131.991
"14460","Boston-Cambridge-Quincy, MA-NH (MSA)",53,"     Insurance carriers and related activities",800,Quantity Indexes for Real GDP by Metropolitan Area (2001=100.000),100.000,99.542,96.600,93.874,84.252,88.204
"14460","Boston-Cambridge-Quincy, MA-NH (MSA)",54,"     Funds, trusts, and other financial vehicles",800,Quantity Indexes for Real GDP by Metropolitan Area (2001=100.000),"(D)","(D)","(D)","(D)","(D)","(D)"
"14460","Boston-Cambridge-Quincy, MA-NH (MSA)",55,"   Real estate and rental and leasing",800,Quantity Indexes for Real GDP by Metropolitan Area (2001=100.000),100.000,97.355,98.111,99.568,101.321,104.442
"14460","Boston-Cambridge-Quincy, MA-NH (MSA)",56,"     Real estate",800,Quantity Indexes for Real GDP by Metropolitan Area (2001=100.000),100.000,97.682,98.262,99.953,102.199,105.568
"14460","Boston-Cambridge-Quincy, MA-NH (MSA)",57,"     Rental and leasing services and lessors of intangible assets",800,Quantity Indexes for Real GDP by Metropolitan Area (2001=100.000),100.000,89.313,94.473,90.157,80.033,77.218
"14460","Boston-Cambridge-Quincy, MA-NH (MSA)",58,"   Professional and technical services",800,Quantity Indexes for Real GDP by Metropolitan Area (2001=100.000),100.000,94.798,94.876,105.397,110.177,116.892
"14460","Boston-Cambridge-Quincy, MA-NH (MSA)",62,"   Management of companies and enterprises",800,Quantity Indexes for Real GDP by Metropolitan Area (2001=100.000),100.000,88.119,90.979,83.300,84.590,86.127
"14460","Boston-Cambridge-Quincy, MA-NH (MSA)",63,"   Administrative and waste services",800,Quantity Indexes for Real GDP by Metropolitan Area (2001=100.000),100.000,94.431,99.983,98.807,103.840,107.095
"14460","Boston-Cambridge-Quincy, MA-NH (MSA)",64,"     Administrative and support services",800,Quantity Indexes for Real GDP by Metropolitan Area (2001=100.000),100.000,93.401,98.639,98.389,102.881,106.742
"14460","Boston-Cambridge-Quincy, MA-NH (MSA)",65,"     Waste management and remediation services",800,Quantity Indexes for Real GDP by Metropolitan Area (2001=100.000),100.000,104.548,113.136,103.325,113.491,110.908
"14460","Boston-Cambridge-Quincy, MA-NH (MSA)",66,"   Educational services",800,Quantity Indexes for Real GDP by Metropolitan Area (2001=100.000),100.000,102.529,101.994,103.193,100.048,99.476
"14460","Boston-Cambridge-Quincy, MA-NH (MSA)",67,"   Health care and social assistance",800,Quantity Indexes for Real GDP by Metropolitan Area (2001=100.000),100.000,103.481,108.878,111.617,114.618,120.160
"14460","Boston-Cambridge-Quincy, MA-NH (MSA)",68,"     Ambulatory health care services",800,Quantity Indexes for Real GDP by Metropolitan Area (2001=100.000),100.000,103.001,106.181,110.520,115.086,125.739
"14460","Boston-Cambridge-Quincy, MA-NH (MSA)",69,"     Hospitals and nursing and residential care facilities",800,Quantity Indexes for Real GDP by Metropolitan Area (2001=100.000),"(D)","(D)","(D)","(D)","(D)","(D)"
"14460","Boston-Cambridge-Quincy, MA-NH (MSA)",70,"     Social assistance",800,Quantity Indexes for Real GDP by Metropolitan Area (2001=100.000),"(D)","(D)","(D)","(D)","(D)","(D)"
"14460","Boston-Cambridge-Quincy, MA-NH (MSA)",71,"   Arts, entertainment, and recreation",800,Quantity Indexes for Real GDP by Metropolitan Area (2001=100.000),100.000,106.053,109.845,114.541,115.086,114.769
"14460","Boston-Cambridge-Quincy, MA-NH (MSA)",72,"     Performing arts, museums, and related activities",800,Quantity Indexes for Real GDP by Metropolitan Area (2001=100.000),100.000,106.623,111.444,114.846,117.529,114.529
"14460","Boston-Cambridge-Quincy, MA-NH (MSA)",73,"     Amusement, gambling, and recreation",800,Quantity Indexes for Real GDP by Metropolitan Area (2001=100.000),100.000,105.315,107.762,114.184,111.816,115.218
"14460","Boston-Cambridge-Quincy, MA-NH (MSA)",74,"   Accommodation and food services",800,Quantity Indexes for Real GDP by Metropolitan Area (2001=100.000),100.000,99.575,102.094,106.103,105.813,107.726
"14460","Boston-Cambridge-Quincy, MA-NH (MSA)",75,"     Accommodation",800,Quantity Indexes for Real GDP by Metropolitan Area (2001=100.000),"(D)","(D)","(D)","(D)","(D)","(D)"
"14460","Boston-Cambridge-Quincy, MA-NH (MSA)",76,"     Food services and drinking places",800,Quantity Indexes for Real GDP by Metropolitan Area (2001=100.000),"(D)","(D)","(D)","(D)","(D)","(D)"
"14460","Boston-Cambridge-Quincy, MA-NH (MSA)",77,"   Other services, except government",800,Quantity Indexes for Real GDP by Metropolitan Area (2001=100.000),100.000,100.560,100.798,99.061,97.080,96.147
"14460","Boston-Cambridge-Quincy, MA-NH (MSA)",78," Government",800,Quantity Indexes for Real GDP by Metropolitan Area (2001=100.000),100.000,100.443,97.852,97.375,98.240,98.833
"14460","Boston-Cambridge-Quincy, MA-NH (MSA)",79,"   Federal civilian",800,Quantity Indexes for Real GDP by Metropolitan Area (2001=100.000),100.000,100.422,99.045,96.682,93.922,94.509
"14460","Boston-Cambridge-Quincy, MA-NH (MSA)",80,"   Federal military",800,Quantity Indexes for Real GDP by Metropolitan Area (2001=100.000),100.000,113.951,124.935,121.184,116.896,111.704
"14460","Boston-Cambridge-Quincy, MA-NH (MSA)",81,"   State and local",800,Quantity Indexes for Real GDP by Metropolitan Area (2001=100.000),100.000,99.904,96.462,96.571,98.535,99.394
"14460","Boston-Cambridge-Quincy, MA-NH (MSA)",99,"Natural resources and mining",800,Quantity Indexes for Real GDP by Metropolitan Area (2001=100.000),100.000,115.733,124.190,123.400,120.495,124.066
"14460","Boston-Cambridge-Quincy, MA-NH (MSA)",100,"Trade",800,Quantity Indexes for Real GDP by Metropolitan Area (2001=100.000),100.000,98.163,101.622,102.856,100.813,102.977
"14460","Boston-Cambridge-Quincy, MA-NH (MSA)",101,"Transportation and utilities",800,Quantity Indexes for Real GDP by Metropolitan Area (2001=100.000),100.000,99.157,102.115,110.491,106.985,106.742
"14460","Boston-Cambridge-Quincy, MA-NH (MSA)",102,"Financial activities",800,Quantity Indexes for Real GDP by Metropolitan Area (2001=100.000),100.000,97.962,99.151,103.070,101.939,108.175
"14460","Boston-Cambridge-Quincy, MA-NH (MSA)",103,"Professional and business services",800,Quantity Indexes for Real GDP by Metropolitan Area (2001=100.000),100.000,93.835,95.223,101.100,105.388,110.679
"14460","Boston-Cambridge-Quincy, MA-NH (MSA)",104,"Education and health services",800,Quantity Indexes for Real GDP by Metropolitan Area (2001=100.000),100.000,103.242,107.124,109.465,110.848,114.757
"14460","Boston-Cambridge-Quincy, MA-NH (MSA)",105,"Leisure and hospitality",800,Quantity Indexes for Real GDP by Metropolitan Area (2001=100.000),100.000,101.199,104.039,108.221,108.143,109.491
"14460","Boston-Cambridge-Quincy, MA-NH (MSA)",106,"Information, Communication, and Technology (ICT)",800,Quantity Indexes for Real GDP by Metropolitan Area (2001=100.000),100.000,100.302,108.593,111.432,126.605,139.711
"14460","Boston-Cambridge-Quincy, MA-NH (MSA)",108,"Private goods-producing industries",800,Quantity Indexes for Real GDP by Metropolitan Area (2001=100.000),100.000,100.885,103.477,99.775,101.645,103.128
"14460","Boston-Cambridge-Quincy, MA-NH (MSA)",109,"Private services-providing industries",800,Quantity Indexes for Real GDP by Metropolitan Area (2001=100.000),100.000,98.065,100.080,104.270,105.518,110.204
"FIPS","Metropolitan Area","Industry Code","Industry","Component Code","Component","2001","2002","2003","2004","2005","2006"
"14460","Boston-Cambridge-Quincy, MA-NH (MSA)",1,"Total Gross Domestic Product by Metropolitan Area",900,Real GDP by Metropolitan Area (millions of chained 2001 dollars),230658,227575,231575,237822,240825,249822
"14460","Boston-Cambridge-Quincy, MA-NH (MSA)",2," Private industries",900,Real GDP by Metropolitan Area (millions of chained 2001 dollars),213176,210010,214501,220878,223738,232708
"14460","Boston-Cambridge-Quincy, MA-NH (MSA)",3,"   Agriculture, forestry, fishing, and hunting",900,Real GDP by Metropolitan Area (millions of chained 2001 dollars),"(D)","(D)","(D)",344,"(D)","(D)"
"14460","Boston-Cambridge-Quincy, MA-NH (MSA)",4,"     Crop and animal production (Farms)",900,Real GDP by Metropolitan Area (millions of chained 2001 dollars),101,129,121,97,90,123
"14460","Boston-Cambridge-Quincy, MA-NH (MSA)",5,"     Forestry, fishing, and related activities",900,Real GDP by Metropolitan Area (millions of chained 2001 dollars),"(D)","(D)","(D)",250,"(D)","(D)"
"14460","Boston-Cambridge-Quincy, MA-NH (MSA)",6,"   Mining",900,Real GDP by Metropolitan Area (millions of chained 2001 dollars),"(D)","(D)","(D)",109,"(D)","(D)"
"14460","Boston-Cambridge-Quincy, MA-NH (MSA)",7,"     Oil and gas extraction",900,Real GDP by Metropolitan Area (millions of chained 2001 dollars),0,0,"(D)","(D)","(D)","(D)"
"14460","Boston-Cambridge-Quincy, MA-NH (MSA)",8,"     Mining, except oil and gas",900,Real GDP by Metropolitan Area (millions of chained 2001 dollars),"(D)","(D)","(D)","(D)","(D)","(D)"
"14460","Boston-Cambridge-Quincy, MA-NH (MSA)",9,"     Support activities for mining",900,Real GDP by Metropolitan Area (millions of chained 2001 dollars),"(D)","(D)","(D)","(D)","(D)","(D)"
"14460","Boston-Cambridge-Quincy, MA-NH (MSA)",10,"   Utilities",900,Real GDP by Metropolitan Area (millions of chained 2001 dollars),"(D)","(D)","(D)","(D)","(D)","(D)"
"14460","Boston-Cambridge-Quincy, MA-NH (MSA)",11,"   Construction",900,Real GDP by Metropolitan Area (millions of chained 2001 dollars),10091,9772,8898,8586,8612,7719
"14460","Boston-Cambridge-Quincy, MA-NH (MSA)",12,"   Manufacturing",900,Real GDP by Metropolitan Area (millions of chained 2001 dollars),24142,24760,26672,25722,26411,28389
"14460","Boston-Cambridge-Quincy, MA-NH (MSA)",13,"     Durable goods",900,Real GDP by Metropolitan Area (millions of chained 2001 dollars),"(D)","(D)",20164,"(D)","(D)","(D)"
"14460","Boston-Cambridge-Quincy, MA-NH (MSA)",14,"       Wood product manufacturing",900,Real GDP by Metropolitan Area (millions of chained 2001 dollars),"(D)","(D)","(D)",108,"(D)","(D)"
"14460","Boston-Cambridge-Quincy, MA-NH (MSA)",15,"       Nonmetallic mineral product manufacturing",900,Real GDP by Metropolitan Area (millions of chained 2001 dollars),287,309,301,302,293,288
"14460","Boston-Cambridge-Quincy, MA-NH (MSA)",16,"       Primary metal manufacturing",900,Real GDP by Metropolitan Area (millions of chained 2001 dollars),"(D)","(D)","(D)","(D)","(D)","(D)"
"14460","Boston-Cambridge-Quincy, MA-NH (MSA)",17,"       Fabricated metal product manufacturing",900,Real GDP by Metropolitan Area (millions of chained 2001 dollars),2583,2002,2134,2196,2320,2181
"14460","Boston-Cambridge-Quincy, MA-NH (MSA)",18,"       Machinery manufacturing",900,Real GDP by Metropolitan Area (millions of chained 2001 dollars),1476,1371,1259,1663,1848,2119
"14460","Boston-Cambridge-Quincy, MA-NH (MSA)",19,"       Computer and electronic product manufacturing",900,Real GDP by Metropolitan Area (millions of chained 2001 dollars),7776,8343,10933,10210,11655,13117
"14460","Boston-Cambridge-Quincy, MA-NH (MSA)",20,"       Electrical equipment and appliance manufacturing",900,Real GDP by Metropolitan Area (millions of chained 2001 dollars),1012,975,903,788,"(D)",663
"14460","Boston-Cambridge-Quincy, MA-NH (MSA)",21,"       Motor vehicle, body, trailer, and parts manufacturing",900,Real GDP by Metropolitan Area (millions of chained 2001 dollars),"(D)","(D)","(D)","(D)","(D)","(D)"
"14460","Boston-Cambridge-Quincy, MA-NH (MSA)",22,"       Other transportation equipment manufacturing",900,Real GDP by Metropolitan Area (millions of chained 2001 dollars),"(D)","(D)","(D)","(D)","(D)","(D)"
"14460","Boston-Cambridge-Quincy, MA-NH (MSA)",23,"       Furniture and related product manufacturing",900,Real GDP by Metropolitan Area (millions of chained 2001 dollars),228,"(D)",258,"(D)","(D)","(D)"
"14460","Boston-Cambridge-Quincy, MA-NH (MSA)",24,"       Miscellaneous manufacturing",900,Real GDP by Metropolitan Area (millions of chained 2001 dollars),2182,2101,2016,1740,1628,1823
"14460","Boston-Cambridge-Quincy, MA-NH (MSA)",25,"     Nondurable goods",900,Real GDP by Metropolitan Area (millions of chained 2001 dollars),"(D)","(D)",6534,"(D)","(D)","(D)"
"14460","Boston-Cambridge-Quincy, MA-NH (MSA)",26,"       Food product manufacturing",900,Real GDP by Metropolitan Area (millions of chained 2001 dollars),"(D)","(D)","(D)","(D)","(D)","(D)"
"14460","Boston-Cambridge-Quincy, MA-NH (MSA)",27,"       Textile and textile product mills",900,Real GDP by Metropolitan Area (millions of chained 2001 dollars),"(D)","(D)","(D)","(D)","(D)","(D)"
"14460","Boston-Cambridge-Quincy, MA-NH (MSA)",28,"       Apparel manufacturing",900,Real GDP by Metropolitan Area (millions of chained 2001 dollars),"(D)","(D)","(D)","(D)","(D)","(D)"
"14460","Boston-Cambridge-Quincy, MA-NH (MSA)",29,"       Paper manufacturing",900,Real GDP by Metropolitan Area (millions of chained 2001 dollars),"(D)","(D)","(D)","(D)","(D)","(D)"
"14460","Boston-Cambridge-Quincy, MA-NH (MSA)",30,"       Printing and related support activities",900,Real GDP by Metropolitan Area (millions of chained 2001 dollars),967,905,899,897,947,1075
"14460","Boston-Cambridge-Quincy, MA-NH (MSA)",31,"       Petroleum and coal products manufacturing",900,Real GDP by Metropolitan Area (millions of chained 2001 dollars),"(D)","(D)","(D)","(D)","(D)","(D)"
"14460","Boston-Cambridge-Quincy, MA-NH (MSA)",32,"       Chemical manufacturing",900,Real GDP by Metropolitan Area (millions of chained 2001 dollars),1753,2479,2598,1969,2117,2197
"14460","Boston-Cambridge-Quincy, MA-NH (MSA)",33,"       Plastics and rubber products manufacturing",900,Real GDP by Metropolitan Area (millions of chained 2001 dollars),634,705,679,626,570,587
"14460","Boston-Cambridge-Quincy, MA-NH (MSA)",34,"   Wholesale trade",900,Real GDP by Metropolitan Area (millions of chained 2001 dollars),14940,14205,14717,14803,13901,14500
"14460","Boston-Cambridge-Quincy, MA-NH (MSA)",35,"   Retail trade",900,Real GDP by Metropolitan Area (millions of chained 2001 dollars),11112,11365,11754,11991,12402,12333
"14460","Boston-Cambridge-Quincy, MA-NH (MSA)",36,"   Transportation and warehousing, excluding Postal Service",900,Real GDP by Metropolitan Area (millions of chained 2001 dollars),"(D)","(D)","(D)","(D)","(D)","(D)"
"14460","Boston-Cambridge-Quincy, MA-NH (MSA)",37,"     Air transportation",900,Real GDP by Metropolitan Area (millions of chained 2001 dollars),"(D)","(D)","(D)","(D)","(D)","(D)"
"14460","Boston-Cambridge-Quincy, MA-NH (MSA)",38,"     Rail transportation",900,Real GDP by Metropolitan Area (millions of chained 2001 dollars),232,225,233,221,211,252
"14460","Boston-Cambridge-Quincy, MA-NH (MSA)",39,"     Water transportation",900,Real GDP by Metropolitan Area (millions of chained 2001 dollars),"(D)","(D)","(D)","(D)","(D)","(D)"
"14460","Boston-Cambridge-Quincy, MA-NH (MSA)",40,"     Truck transportation",900,Real GDP by Metropolitan Area (millions of chained 2001 dollars),940,909,918,952,930,929
"14460","Boston-Cambridge-Quincy, MA-NH (MSA)",41,"     Transit and ground passenger transportation",900,Real GDP by Metropolitan Area (millions of chained 2001 dollars),478,481,459,471,431,474
"14460","Boston-Cambridge-Quincy, MA-NH (MSA)",42,"     Pipeline transportation",900,Real GDP by Metropolitan Area (millions of chained 2001 dollars),"(D)","(D)","(D)","(D)","(D)","(D)"
"14460","Boston-Cambridge-Quincy, MA-NH (MSA)",43,"     Other transportation and support activities",900,Real GDP by Metropolitan Area (millions of chained 2001 dollars),"(D)","(D)","(D)","(D)","(D)","(D)"
"14460","Boston-Cambridge-Quincy, MA-NH (MSA)",44,"     Warehousing and storage",900,Real GDP by Metropolitan Area (millions of chained 2001 dollars),406,395,385,390,420,374
"14460","Boston-Cambridge-Quincy, MA-NH (MSA)",45,"   Information",900,Real GDP by Metropolitan Area (millions of chained 2001 dollars),12329,12223,12381,13651,15742,16894
"14460","Boston-Cambridge-Quincy, MA-NH (MSA)",46,"     Publishing including software",900,Real GDP by Metropolitan Area (millions of chained 2001 dollars),"(D)","(D)","(D)","(D)","(D)","(D)"
"14460","Boston-Cambridge-Quincy, MA-NH (MSA)",47,"     Motion picture and sound recording industries",900,Real GDP by Metropolitan Area (millions of chained 2001 dollars),"(D)",220,213,"(D)","(D)","(D)"
"14460","Boston-Cambridge-Quincy, MA-NH (MSA)",48,"     Broadcasting and telecommunications",900,Real GDP by Metropolitan Area (millions of chained 2001 dollars),"(D)",4403,4597,4915,5348,6016
"14460","Boston-Cambridge-Quincy, MA-NH (MSA)",49,"     Information and data processing services",900,Real GDP by Metropolitan Area (millions of chained 2001 dollars),"(D)","(D)","(D)","(D)","(D)","(D)"
"14460","Boston-Cambridge-Quincy, MA-NH (MSA)",50,"   Finance and insurance",900,Real GDP by Metropolitan Area (millions of chained 2001 dollars),27259,26915,27394,29352,28003,30849
"14460","Boston-Cambridge-Quincy, MA-NH (MSA)",51,"     Federal Reserve banks, credit intermediation and related services",900,Real GDP by Metropolitan Area (millions of chained 2001 dollars),"(D)","(D)","(D)","(D)","(D)","(D)"
"14460","Boston-Cambridge-Quincy, MA-NH (MSA)",52,"     Securities, commodity contracts, investments",900,Real GDP by Metropolitan Area (millions of chained 2001 dollars),10226,9733,9757,10065,11175,13497
"14460","Boston-Cambridge-Quincy, MA-NH (MSA)",53,"     Insurance carriers and related activities",900,Real GDP by Metropolitan Area (millions of chained 2001 dollars),6834,6802,6601,6415,5758,6028
"14460","Boston-Cambridge-Quincy, MA-NH (MSA)",54,"     Funds, trusts, and other financial vehicles",900,Real GDP by Metropolitan Area (millions of chained 2001 dollars),"(D)","(D)","(D)","(D)","(D)","(D)"
"14460","Boston-Cambridge-Quincy, MA-NH (MSA)",55,"   Real estate and rental and leasing",900,Real GDP by Metropolitan Area (millions of chained 2001 dollars),34601,33686,33948,34452,35058,36138
"14460","Boston-Cambridge-Quincy, MA-NH (MSA)",56,"     Real estate",900,Real GDP by Metropolitan Area (millions of chained 2001 dollars),33219,32449,32641,33203,33949,35068
"14460","Boston-Cambridge-Quincy, MA-NH (MSA)",57,"     Rental and leasing services and lessors of intangible assets",900,Real GDP by Metropolitan Area (millions of chained 2001 dollars),1382,1235,1306,1246,1106,1067
"14460","Boston-Cambridge-Quincy, MA-NH (MSA)",58,"   Professional and technical services",900,Real GDP by Metropolitan Area (millions of chained 2001 dollars),27065,25657,25678,28526,29820,31637
"14460","Boston-Cambridge-Quincy, MA-NH (MSA)",62,"   Management of companies and enterprises",900,Real GDP by Metropolitan Area (millions of chained 2001 dollars),5294,4665,4817,4410,4478,4560
"14460","Boston-Cambridge-Quincy, MA-NH (MSA)",63,"   Administrative and waste services",900,Real GDP by Metropolitan Area (millions of chained 2001 dollars),6604,6236,6603,6525,6857,7072
"14460","Boston-Cambridge-Quincy, MA-NH (MSA)",64,"     Administrative and support services",900,Real GDP by Metropolitan Area (millions of chained 2001 dollars),5999,5603,5917,5902,6171,6403
"14460","Boston-Cambridge-Quincy, MA-NH (MSA)",65,"     Waste management and remediation services",900,Real GDP by Metropolitan Area (millions of chained 2001 dollars),605,633,685,625,687,671
"14460","Boston-Cambridge-Quincy, MA-NH (MSA)",66,"   Educational services",900,Real GDP by Metropolitan Area (millions of chained 2001 dollars),5298,5432,5403,5467,5300,5270
"14460","Boston-Cambridge-Quincy, MA-NH (MSA)",67,"   Health care and social assistance",900,Real GDP by Metropolitan Area (millions of chained 2001 dollars),15970,16526,17388,17825,18304,19189
"14460","Boston-Cambridge-Quincy, MA-NH (MSA)",68,"     Ambulatory health care services",900,Real GDP by Metropolitan Area (millions of chained 2001 dollars),6818,7022,7239,7535,7846,8572
"14460","Boston-Cambridge-Quincy, MA-NH (MSA)",69,"     Hospitals and nursing and residential care facilities",900,Real GDP by Metropolitan Area (millions of chained 2001 dollars),"(D)","(D)","(D)",8507,"(D)","(D)"
"14460","Boston-Cambridge-Quincy, MA-NH (MSA)",70,"     Social assistance",900,Real GDP by Metropolitan Area (millions of chained 2001 dollars),"(D)","(D)","(D)",1785,"(D)","(D)"
"14460","Boston-Cambridge-Quincy, MA-NH (MSA)",71,"   Arts, entertainment, and recreation",900,Real GDP by Metropolitan Area (millions of chained 2001 dollars),1724,1828,1894,1975,1984,1979
"14460","Boston-Cambridge-Quincy, MA-NH (MSA)",72,"     Performing arts, museums, and related activities",900,Real GDP by Metropolitan Area (millions of chained 2001 dollars),972,1037,1083,1117,1143,1113
"14460","Boston-Cambridge-Quincy, MA-NH (MSA)",73,"     Amusement, gambling, and recreation",900,Real GDP by Metropolitan Area (millions of chained 2001 dollars),752,792,810,859,841,866
"14460","Boston-Cambridge-Quincy, MA-NH (MSA)",74,"   Accommodation and food services",900,Real GDP by Metropolitan Area (millions of chained 2001 dollars),5138,5117,5246,5452,5437,5535
"14460","Boston-Cambridge-Quincy, MA-NH (MSA)",75,"     Accommodation",900,Real GDP by Metropolitan Area (millions of chained 2001 dollars),"(D)","(D)","(D)",1610,1626,1714
"14460","Boston-Cambridge-Quincy, MA-NH (MSA)",76,"     Food services and drinking places",900,Real GDP by Metropolitan Area (millions of chained 2001 dollars),"(D)","(D)","(D)",3842,3810,3821
"14460","Boston-Cambridge-Quincy, MA-NH (MSA)",77,"   Other services, except government",900,Real GDP by Metropolitan Area (millions of chained 2001 dollars),4460,4485,4495,4418,4330,4288
"14460","Boston-Cambridge-Quincy, MA-NH (MSA)",78," Government",900,Real GDP by Metropolitan Area (millions of chained 2001 dollars),17482,17560,17107,17023,17175,17278
"14460","Boston-Cambridge-Quincy, MA-NH (MSA)",79,"   Federal civilian",900,Real GDP by Metropolitan Area (millions of chained 2001 dollars),3113,3127,3084,3010,2924,2943
"14460","Boston-Cambridge-Quincy, MA-NH (MSA)",80,"   Federal military",900,Real GDP by Metropolitan Area (millions of chained 2001 dollars),545,621,681,661,637,609
"14460","Boston-Cambridge-Quincy, MA-NH (MSA)",81,"   State and local",900,Real GDP by Metropolitan Area (millions of chained 2001 dollars),13824,13810,13334,13350,13621,13740
"14460","Boston-Cambridge-Quincy, MA-NH (MSA)",99,"Natural resources and mining",900,Real GDP by Metropolitan Area (millions of chained 2001 dollars),366,424,455,452,442,455
"14460","Boston-Cambridge-Quincy, MA-NH (MSA)",100,"Trade",900,Real GDP by Metropolitan Area (millions of chained 2001 dollars),26052,25573,26475,26796,26264,26828
"14460","Boston-Cambridge-Quincy, MA-NH (MSA)",101,"Transportation and utilities",900,Real GDP by Metropolitan Area (millions of chained 2001 dollars),6782,6725,6925,7494,7256,7239
"14460","Boston-Cambridge-Quincy, MA-NH (MSA)",102,"Financial activities",900,Real GDP by Metropolitan Area (millions of chained 2001 dollars),61860,60599,61334,63759,63059,66917
"14460","Boston-Cambridge-Quincy, MA-NH (MSA)",103,"Professional and business services",900,Real GDP by Metropolitan Area (millions of chained 2001 dollars),38963,36561,37102,39392,41062,43124
"14460","Boston-Cambridge-Quincy, MA-NH (MSA)",104,"Education and health services",900,Real GDP by Metropolitan Area (millions of chained 2001 dollars),21268,21957,22783,23281,23575,24406
"14460","Boston-Cambridge-Quincy, MA-NH (MSA)",105,"Leisure and hospitality",900,Real GDP by Metropolitan Area (millions of chained 2001 dollars),6863,6945,7140,7427,7421,7514
"14460","Boston-Cambridge-Quincy, MA-NH (MSA)",106,"Information, Communication, and Technology (ICT)",900,Real GDP by Metropolitan Area (millions of chained 2001 dollars),21900,21966,23782,24403,27726,30597
"14460","Boston-Cambridge-Quincy, MA-NH (MSA)",108,"Private goods-producing industries",900,Real GDP by Metropolitan Area (millions of chained 2001 dollars),34432,34737,35630,34355,34999,35509
"14460","Boston-Cambridge-Quincy, MA-NH (MSA)",109,"Private services-providing industries",900,Real GDP by Metropolitan Area (millions of chained 2001 dollars),178744,175284,178887,186376,188607,196982
"FIPS","Metropolitan Area","Industry Code","Industry","Component Code","Component","2001","2002","2003","2004","2005","2006"
"14460","Boston-Cambridge-Quincy, MA-NH (MSA)",1,"Total Gross Domestic Product by Metropolitan Area",1000,Per capita real GDP by Metropolitan Area (chained 2001 dollars),51915,51068,51964,53397,54059,55943
"14460","Boston-Cambridge-Quincy, MA-NH (MSA)",2," Private industries",1000,Per capita real GDP by Metropolitan Area (chained 2001 dollars),"n/a","n/a","n/a","n/a","n/a","n/a"
"14460","Boston-Cambridge-Quincy, MA-NH (MSA)",3,"   Agriculture, forestry, fishing, and hunting",1000,Per capita real GDP by Metropolitan Area (chained 2001 dollars),"n/a","n/a","n/a","n/a","n/a","n/a"
"14460","Boston-Cambridge-Quincy, MA-NH (MSA)",4,"     Crop and animal production (Farms)",1000,Per capita real GDP by Metropolitan Area (chained 2001 dollars),"n/a","n/a","n/a","n/a","n/a","n/a"
"14460","Boston-Cambridge-Quincy, MA-NH (MSA)",5,"     Forestry, fishing, and related activities",1000,Per capita real GDP by Metropolitan Area (chained 2001 dollars),"n/a","n/a","n/a","n/a","n/a","n/a"
"14460","Boston-Cambridge-Quincy, MA-NH (MSA)",6,"   Mining",1000,Per capita real GDP by Metropolitan Area (chained 2001 dollars),"n/a","n/a","n/a","n/a","n/a","n/a"
"14460","Boston-Cambridge-Quincy, MA-NH (MSA)",7,"     Oil and gas extraction",1000,Per capita real GDP by Metropolitan Area (chained 2001 dollars),"n/a","n/a","n/a","n/a","n/a","n/a"
"14460","Boston-Cambridge-Quincy, MA-NH (MSA)",8,"     Mining, except oil and gas",1000,Per capita real GDP by Metropolitan Area (chained 2001 dollars),"n/a","n/a","n/a","n/a","n/a","n/a"
"14460","Boston-Cambridge-Quincy, MA-NH (MSA)",9,"     Support activities for mining",1000,Per capita real GDP by Metropolitan Area (chained 2001 dollars),"n/a","n/a","n/a","n/a","n/a","n/a"
"14460","Boston-Cambridge-Quincy, MA-NH (MSA)",10,"   Utilities",1000,Per capita real GDP by Metropolitan Area (chained 2001 dollars),"n/a","n/a","n/a","n/a","n/a","n/a"
"14460","Boston-Cambridge-Quincy, MA-NH (MSA)",11,"   Construction",1000,Per capita real GDP by Metropolitan Area (chained 2001 dollars),"n/a","n/a","n/a","n/a","n/a","n/a"
"14460","Boston-Cambridge-Quincy, MA-NH (MSA)",12,"   Manufacturing",1000,Per capita real GDP by Metropolitan Area (chained 2001 dollars),"n/a","n/a","n/a","n/a","n/a","n/a"
"14460","Boston-Cambridge-Quincy, MA-NH (MSA)",13,"     Durable goods",1000,Per capita real GDP by Metropolitan Area (chained 2001 dollars),"n/a","n/a","n/a","n/a","n/a","n/a"
"14460","Boston-Cambridge-Quincy, MA-NH (MSA)",14,"       Wood product manufacturing",1000,Per capita real GDP by Metropolitan Area (chained 2001 dollars),"n/a","n/a","n/a","n/a","n/a","n/a"
"14460","Boston-Cambridge-Quincy, MA-NH (MSA)",15,"       Nonmetallic mineral product manufacturing",1000,Per capita real GDP by Metropolitan Area (chained 2001 dollars),"n/a","n/a","n/a","n/a","n/a","n/a"
"14460","Boston-Cambridge-Quincy, MA-NH (MSA)",16,"       Primary metal manufacturing",1000,Per capita real GDP by Metropolitan Area (chained 2001 dollars),"n/a","n/a","n/a","n/a","n/a","n/a"
"14460","Boston-Cambridge-Quincy, MA-NH (MSA)",17,"       Fabricated metal product manufacturing",1000,Per capita real GDP by Metropolitan Area (chained 2001 dollars),"n/a","n/a","n/a","n/a","n/a","n/a"
"14460","Boston-Cambridge-Quincy, MA-NH (MSA)",18,"       Machinery manufacturing",1000,Per capita real GDP by Metropolitan Area (chained 2001 dollars),"n/a","n/a","n/a","n/a","n/a","n/a"
"14460","Boston-Cambridge-Quincy, MA-NH (MSA)",19,"       Computer and electronic product manufacturing",1000,Per capita real GDP by Metropolitan Area (chained 2001 dollars),"n/a","n/a","n/a","n/a","n/a","n/a"
"14460","Boston-Cambridge-Quincy, MA-NH (MSA)",20,"       Electrical equipment and appliance manufacturing",1000,Per capita real GDP by Metropolitan Area (chained 2001 dollars),"n/a","n/a","n/a","n/a","n/a","n/a"
"14460","Boston-Cambridge-Quincy, MA-NH (MSA)",21,"       Motor vehicle, body, trailer, and parts manufacturing",1000,Per capita real GDP by Metropolitan Area (chained 2001 dollars),"n/a","n/a","n/a","n/a","n/a","n/a"
"14460","Boston-Cambridge-Quincy, MA-NH (MSA)",22,"       Other transportation equipment manufacturing",1000,Per capita real GDP by Metropolitan Area (chained 2001 dollars),"n/a","n/a","n/a","n/a","n/a","n/a"
"14460","Boston-Cambridge-Quincy, MA-NH (MSA)",23,"       Furniture and related product manufacturing",1000,Per capita real GDP by Metropolitan Area (chained 2001 dollars),"n/a","n/a","n/a","n/a","n/a","n/a"
"14460","Boston-Cambridge-Quincy, MA-NH (MSA)",24,"       Miscellaneous manufacturing",1000,Per capita real GDP by Metropolitan Area (chained 2001 dollars),"n/a","n/a","n/a","n/a","n/a","n/a"
"14460","Boston-Cambridge-Quincy, MA-NH (MSA)",25,"     Nondurable goods",1000,Per capita real GDP by Metropolitan Area (chained 2001 dollars),"n/a","n/a","n/a","n/a","n/a","n/a"
"14460","Boston-Cambridge-Quincy, MA-NH (MSA)",26,"       Food product manufacturing",1000,Per capita real GDP by Metropolitan Area (chained 2001 dollars),"n/a","n/a","n/a","n/a","n/a","n/a"
"14460","Boston-Cambridge-Quincy, MA-NH (MSA)",27,"       Textile and textile product mills",1000,Per capita real GDP by Metropolitan Area (chained 2001 dollars),"n/a","n/a","n/a","n/a","n/a","n/a"
"14460","Boston-Cambridge-Quincy, MA-NH (MSA)",28,"       Apparel manufacturing",1000,Per capita real GDP by Metropolitan Area (chained 2001 dollars),"n/a","n/a","n/a","n/a","n/a","n/a"
"14460","Boston-Cambridge-Quincy, MA-NH (MSA)",29,"       Paper manufacturing",1000,Per capita real GDP by Metropolitan Area (chained 2001 dollars),"n/a","n/a","n/a","n/a","n/a","n/a"
"14460","Boston-Cambridge-Quincy, MA-NH (MSA)",30,"       Printing and related support activities",1000,Per capita real GDP by Metropolitan Area (chained 2001 dollars),"n/a","n/a","n/a","n/a","n/a","n/a"
"14460","Boston-Cambridge-Quincy, MA-NH (MSA)",31,"       Petroleum and coal products manufacturing",1000,Per capita real GDP by Metropolitan Area (chained 2001 dollars),"n/a","n/a","n/a","n/a","n/a","n/a"
"14460","Boston-Cambridge-Quincy, MA-NH (MSA)",32,"       Chemical manufacturing",1000,Per capita real GDP by Metropolitan Area (chained 2001 dollars),"n/a","n/a","n/a","n/a","n/a","n/a"
"14460","Boston-Cambridge-Quincy, MA-NH (MSA)",33,"       Plastics and rubber products manufacturing",1000,Per capita real GDP by Metropolitan Area (chained 2001 dollars),"n/a","n/a","n/a","n/a","n/a","n/a"
"14460","Boston-Cambridge-Quincy, MA-NH (MSA)",34,"   Wholesale trade",1000,Per capita real GDP by Metropolitan Area (chained 2001 dollars),"n/a","n/a","n/a","n/a","n/a","n/a"
"14460","Boston-Cambridge-Quincy, MA-NH (MSA)",35,"   Retail trade",1000,Per capita real GDP by Metropolitan Area (chained 2001 dollars),"n/a","n/a","n/a","n/a","n/a","n/a"
"14460","Boston-Cambridge-Quincy, MA-NH (MSA)",36,"   Transportation and warehousing, excluding Postal Service",1000,Per capita real GDP by Metropolitan Area (chained 2001 dollars),"n/a","n/a","n/a","n/a","n/a","n/a"
"14460","Boston-Cambridge-Quincy, MA-NH (MSA)",37,"     Air transportation",1000,Per capita real GDP by Metropolitan Area (chained 2001 dollars),"n/a","n/a","n/a","n/a","n/a","n/a"
"14460","Boston-Cambridge-Quincy, MA-NH (MSA)",38,"     Rail transportation",1000,Per capita real GDP by Metropolitan Area (chained 2001 dollars),"n/a","n/a","n/a","n/a","n/a","n/a"
"14460","Boston-Cambridge-Quincy, MA-NH (MSA)",39,"     Water transportation",1000,Per capita real GDP by Metropolitan Area (chained 2001 dollars),"n/a","n/a","n/a","n/a","n/a","n/a"
"14460","Boston-Cambridge-Quincy, MA-NH (MSA)",40,"     Truck transportation",1000,Per capita real GDP by Metropolitan Area (chained 2001 dollars),"n/a","n/a","n/a","n/a","n/a","n/a"
"14460","Boston-Cambridge-Quincy, MA-NH (MSA)",41,"     Transit and ground passenger transportation",1000,Per capita real GDP by Metropolitan Area (chained 2001 dollars),"n/a","n/a","n/a","n/a","n/a","n/a"
"14460","Boston-Cambridge-Quincy, MA-NH (MSA)",42,"     Pipeline transportation",1000,Per capita real GDP by Metropolitan Area (chained 2001 dollars),"n/a","n/a","n/a","n/a","n/a","n/a"
"14460","Boston-Cambridge-Quincy, MA-NH (MSA)",43,"     Other transportation and support activities",1000,Per capita real GDP by Metropolitan Area (chained 2001 dollars),"n/a","n/a","n/a","n/a","n/a","n/a"
"14460","Boston-Cambridge-Quincy, MA-NH (MSA)",44,"     Warehousing and storage",1000,Per capita real GDP by Metropolitan Area (chained 2001 dollars),"n/a","n/a","n/a","n/a","n/a","n/a"
"14460","Boston-Cambridge-Quincy, MA-NH (MSA)",45,"   Information",1000,Per capita real GDP by Metropolitan Area (chained 2001 dollars),"n/a","n/a","n/a","n/a","n/a","n/a"
"14460","Boston-Cambridge-Quincy, MA-NH (MSA)",46,"     Publishing including software",1000,Per capita real GDP by Metropolitan Area (chained 2001 dollars),"n/a","n/a","n/a","n/a","n/a","n/a"
"14460","Boston-Cambridge-Quincy, MA-NH (MSA)",47,"     Motion picture and sound recording industries",1000,Per capita real GDP by Metropolitan Area (chained 2001 dollars),"n/a","n/a","n/a","n/a","n/a","n/a"
"14460","Boston-Cambridge-Quincy, MA-NH (MSA)",48,"     Broadcasting and telecommunications",1000,Per capita real GDP by Metropolitan Area (chained 2001 dollars),"n/a","n/a","n/a","n/a","n/a","n/a"
"14460","Boston-Cambridge-Quincy, MA-NH (MSA)",49,"     Information and data processing services",1000,Per capita real GDP by Metropolitan Area (chained 2001 dollars),"n/a","n/a","n/a","n/a","n/a","n/a"
"14460","Boston-Cambridge-Quincy, MA-NH (MSA)",50,"   Finance and insurance",1000,Per capita real GDP by Metropolitan Area (chained 2001 dollars),"n/a","n/a","n/a","n/a","n/a","n/a"
"14460","Boston-Cambridge-Quincy, MA-NH (MSA)",51,"     Federal Reserve banks, credit intermediation and related services",1000,Per capita real GDP by Metropolitan Area (chained 2001 dollars),"n/a","n/a","n/a","n/a","n/a","n/a"
"14460","Boston-Cambridge-Quincy, MA-NH (MSA)",52,"     Securities, commodity contracts, investments",1000,Per capita real GDP by Metropolitan Area (chained 2001 dollars),"n/a","n/a","n/a","n/a","n/a","n/a"
"14460","Boston-Cambridge-Quincy, MA-NH (MSA)",53,"     Insurance carriers and related activities",1000,Per capita real GDP by Metropolitan Area (chained 2001 dollars),"n/a","n/a","n/a","n/a","n/a","n/a"
"14460","Boston-Cambridge-Quincy, MA-NH (MSA)",54,"     Funds, trusts, and other financial vehicles",1000,Per capita real GDP by Metropolitan Area (chained 2001 dollars),"n/a","n/a","n/a","n/a","n/a","n/a"
"14460","Boston-Cambridge-Quincy, MA-NH (MSA)",55,"   Real estate and rental and leasing",1000,Per capita real GDP by Metropolitan Area (chained 2001 dollars),"n/a","n/a","n/a","n/a","n/a","n/a"
"14460","Boston-Cambridge-Quincy, MA-NH (MSA)",56,"     Real estate",1000,Per capita real GDP by Metropolitan Area (chained 2001 dollars),"n/a","n/a","n/a","n/a","n/a","n/a"
"14460","Boston-Cambridge-Quincy, MA-NH (MSA)",57,"     Rental and leasing services and lessors of intangible assets",1000,Per capita real GDP by Metropolitan Area (chained 2001 dollars),"n/a","n/a","n/a","n/a","n/a","n/a"
"14460","Boston-Cambridge-Quincy, MA-NH (MSA)",58,"   Professional and technical services",1000,Per capita real GDP by Metropolitan Area (chained 2001 dollars),"n/a","n/a","n/a","n/a","n/a","n/a"
"14460","Boston-Cambridge-Quincy, MA-NH (MSA)",62,"   Management of companies and enterprises",1000,Per capita real GDP by Metropolitan Area (chained 2001 dollars),"n/a","n/a","n/a","n/a","n/a","n/a"
"14460","Boston-Cambridge-Quincy, MA-NH (MSA)",63,"   Administrative and waste services",1000,Per capita real GDP by Metropolitan Area (chained 2001 dollars),"n/a","n/a","n/a","n/a","n/a","n/a"
"14460","Boston-Cambridge-Quincy, MA-NH (MSA)",64,"     Administrative and support services",1000,Per capita real GDP by Metropolitan Area (chained 2001 dollars),"n/a","n/a","n/a","n/a","n/a","n/a"
"14460","Boston-Cambridge-Quincy, MA-NH (MSA)",65,"     Waste management and remediation services",1000,Per capita real GDP by Metropolitan Area (chained 2001 dollars),"n/a","n/a","n/a","n/a","n/a","n/a"
"14460","Boston-Cambridge-Quincy, MA-NH (MSA)",66,"   Educational services",1000,Per capita real GDP by Metropolitan Area (chained 2001 dollars),"n/a","n/a","n/a","n/a","n/a","n/a"
"14460","Boston-Cambridge-Quincy, MA-NH (MSA)",67,"   Health care and social assistance",1000,Per capita real GDP by Metropolitan Area (chained 2001 dollars),"n/a","n/a","n/a","n/a","n/a","n/a"
"14460","Boston-Cambridge-Quincy, MA-NH (MSA)",68,"     Ambulatory health care services",1000,Per capita real GDP by Metropolitan Area (chained 2001 dollars),"n/a","n/a","n/a","n/a","n/a","n/a"
"14460","Boston-Cambridge-Quincy, MA-NH (MSA)",69,"     Hospitals and nursing and residential care facilities",1000,Per capita real GDP by Metropolitan Area (chained 2001 dollars),"n/a","n/a","n/a","n/a","n/a","n/a"
"14460","Boston-Cambridge-Quincy, MA-NH (MSA)",70,"     Social assistance",1000,Per capita real GDP by Metropolitan Area (chained 2001 dollars),"n/a","n/a","n/a","n/a","n/a","n/a"
"14460","Boston-Cambridge-Quincy, MA-NH (MSA)",71,"   Arts, entertainment, and recreation",1000,Per capita real GDP by Metropolitan Area (chained 2001 dollars),"n/a","n/a","n/a","n/a","n/a","n/a"
"14460","Boston-Cambridge-Quincy, MA-NH (MSA)",72,"     Performing arts, museums, and related activities",1000,Per capita real GDP by Metropolitan Area (chained 2001 dollars),"n/a","n/a","n/a","n/a","n/a","n/a"
"14460","Boston-Cambridge-Quincy, MA-NH (MSA)",73,"     Amusement, gambling, and recreation",1000,Per capita real GDP by Metropolitan Area (chained 2001 dollars),"n/a","n/a","n/a","n/a","n/a","n/a"
"14460","Boston-Cambridge-Quincy, MA-NH (MSA)",74,"   Accommodation and food services",1000,Per capita real GDP by Metropolitan Area (chained 2001 dollars),"n/a","n/a","n/a","n/a","n/a","n/a"
"14460","Boston-Cambridge-Quincy, MA-NH (MSA)",75,"     Accommodation",1000,Per capita real GDP by Metropolitan Area (chained 2001 dollars),"n/a","n/a","n/a","n/a","n/a","n/a"
"14460","Boston-Cambridge-Quincy, MA-NH (MSA)",76,"     Food services and drinking places",1000,Per capita real GDP by Metropolitan Area (chained 2001 dollars),"n/a","n/a","n/a","n/a","n/a","n/a"
"14460","Boston-Cambridge-Quincy, MA-NH (MSA)",77,"   Other services, except government",1000,Per capita real GDP by Metropolitan Area (chained 2001 dollars),"n/a","n/a","n/a","n/a","n/a","n/a"
"14460","Boston-Cambridge-Quincy, MA-NH (MSA)",78," Government",1000,Per capita real GDP by Metropolitan Area (chained 2001 dollars),"n/a","n/a","n/a","n/a","n/a","n/a"
"14460","Boston-Cambridge-Quincy, MA-NH (MSA)",79,"   Federal civilian",1000,Per capita real GDP by Metropolitan Area (chained 2001 dollars),"n/a","n/a","n/a","n/a","n/a","n/a"
"14460","Boston-Cambridge-Quincy, MA-NH (MSA)",80,"   Federal military",1000,Per capita real GDP by Metropolitan Area (chained 2001 dollars),"n/a","n/a","n/a","n/a","n/a","n/a"
"14460","Boston-Cambridge-Quincy, MA-NH (MSA)",81,"   State and local",1000,Per capita real GDP by Metropolitan Area (chained 2001 dollars),"n/a","n/a","n/a","n/a","n/a","n/a"
"14460","Boston-Cambridge-Quincy, MA-NH (MSA)",99,"Natural resources and mining",1000,Per capita real GDP by Metropolitan Area (chained 2001 dollars),"n/a","n/a","n/a","n/a","n/a","n/a"
"14460","Boston-Cambridge-Quincy, MA-NH (MSA)",100,"Trade",1000,Per capita real GDP by Metropolitan Area (chained 2001 dollars),"n/a","n/a","n/a","n/a","n/a","n/a"
"14460","Boston-Cambridge-Quincy, MA-NH (MSA)",101,"Transportation and utilities",1000,Per capita real GDP by Metropolitan Area (chained 2001 dollars),"n/a","n/a","n/a","n/a","n/a","n/a"
"14460","Boston-Cambridge-Quincy, MA-NH (MSA)",102,"Financial activities",1000,Per capita real GDP by Metropolitan Area (chained 2001 dollars),"n/a","n/a","n/a","n/a","n/a","n/a"
"14460","Boston-Cambridge-Quincy, MA-NH (MSA)",103,"Professional and business services",1000,Per capita real GDP by Metropolitan Area (chained 2001 dollars),"n/a","n/a","n/a","n/a","n/a","n/a"
"14460","Boston-Cambridge-Quincy, MA-NH (MSA)",104,"Education and health services",1000,Per capita real GDP by Metropolitan Area (chained 2001 dollars),"n/a","n/a","n/a","n/a","n/a","n/a"
"14460","Boston-Cambridge-Quincy, MA-NH (MSA)",105,"Leisure and hospitality",1000,Per capita real GDP by Metropolitan Area (chained 2001 dollars),"n/a","n/a","n/a","n/a","n/a","n/a"
"14460","Boston-Cambridge-Quincy, MA-NH (MSA)",106,"Information, Communication, and Technology (ICT)",1000,Per capita real GDP by Metropolitan Area (chained 2001 dollars),"n/a","n/a","n/a","n/a","n/a","n/a"
"14460","Boston-Cambridge-Quincy, MA-NH (MSA)",108,"Private goods-producing industries",1000,Per capita real GDP by Metropolitan Area (chained 2001 dollars),"n/a","n/a","n/a","n/a","n/a","n/a"
"14460","Boston-Cambridge-Quincy, MA-NH (MSA)",109,"Private services-providing industries",1000,Per capita real GDP by Metropolitan Area (chained 2001 dollars),"n/a","n/a","n/a","n/a","n/a","n/a"
Source: Bureau of Economic Analysis, U.S. Department of Commerce
