"FIPS","Metropolitan Area","Industry Code","Industry","Component Code","Component","2001","2002","2003","2004","2005","2006"
"17980","Columbus, GA-AL (MSA)",1,"Total Gross Domestic Product by Metropolitan Area",200,GDP by Metropolitan Area (millions of current dollars),8363,8184,8471,8842,9582,10026
"17980","Columbus, GA-AL (MSA)",2," Private industries",200,GDP by Metropolitan Area (millions of current dollars),6257,5956,6120,6350,6742,6934
"17980","Columbus, GA-AL (MSA)",3,"   Agriculture, forestry, fishing, and hunting",200,GDP by Metropolitan Area (millions of current dollars),"(D)","(D)","(D)","(D)","(D)","(D)"
"17980","Columbus, GA-AL (MSA)",4,"     Crop and animal production (Farms)",200,GDP by Metropolitan Area (millions of current dollars),20,15,19,23,21,22
"17980","Columbus, GA-AL (MSA)",5,"     Forestry, fishing, and related activities",200,GDP by Metropolitan Area (millions of current dollars),"(D)","(D)","(D)","(D)","(D)","(D)"
"17980","Columbus, GA-AL (MSA)",6,"   Mining",200,GDP by Metropolitan Area (millions of current dollars),"(D)","(D)","(D)","(D)","(D)","(D)"
"17980","Columbus, GA-AL (MSA)",7,"     Oil and gas extraction",200,GDP by Metropolitan Area (millions of current dollars),"(L)","(L)","(L)","(L)",0,0
"17980","Columbus, GA-AL (MSA)",8,"     Mining, except oil and gas",200,GDP by Metropolitan Area (millions of current dollars),"(D)","(D)","(D)","(D)","(D)","(D)"
"17980","Columbus, GA-AL (MSA)",9,"     Support activities for mining",200,GDP by Metropolitan Area (millions of current dollars),0,0,0,0,0,0
"17980","Columbus, GA-AL (MSA)",10,"   Utilities",200,GDP by Metropolitan Area (millions of current dollars),"(D)","(D)","(D)","(D)","(D)","(D)"
"17980","Columbus, GA-AL (MSA)",11,"   Construction",200,GDP by Metropolitan Area (millions of current dollars),"(D)","(D)",295,329,"(D)","(D)"
"17980","Columbus, GA-AL (MSA)",12,"   Manufacturing",200,GDP by Metropolitan Area (millions of current dollars),"(D)","(D)",1284,1270,1239,1135
"17980","Columbus, GA-AL (MSA)",13,"     Durable goods",200,GDP by Metropolitan Area (millions of current dollars),"(D)","(D)","(D)","(D)","(D)","(D)"
"17980","Columbus, GA-AL (MSA)",14,"       Wood product manufacturing",200,GDP by Metropolitan Area (millions of current dollars),"(D)","(D)","(D)","(D)","(D)","(D)"
"17980","Columbus, GA-AL (MSA)",15,"       Nonmetallic mineral product manufacturing",200,GDP by Metropolitan Area (millions of current dollars),"(D)","(D)","(D)","(D)","(D)",78
"17980","Columbus, GA-AL (MSA)",16,"       Primary metal manufacturing",200,GDP by Metropolitan Area (millions of current dollars),"(D)","(D)","(D)","(D)","(D)","(D)"
"17980","Columbus, GA-AL (MSA)",17,"       Fabricated metal product manufacturing",200,GDP by Metropolitan Area (millions of current dollars),43,39,36,32,34,36
"17980","Columbus, GA-AL (MSA)",18,"       Machinery manufacturing",200,GDP by Metropolitan Area (millions of current dollars),"(D)","(D)","(D)","(D)","(D)","(D)"
"17980","Columbus, GA-AL (MSA)",19,"       Computer and electronic product manufacturing",200,GDP by Metropolitan Area (millions of current dollars),1,"(D)","(D)","(D)","(D)",1
"17980","Columbus, GA-AL (MSA)",20,"       Electrical equipment and appliance manufacturing",200,GDP by Metropolitan Area (millions of current dollars),"(D)",184,191,"(D)","(D)","(D)"
"17980","Columbus, GA-AL (MSA)",21,"       Motor vehicle, body, trailer, and parts manufacturing",200,GDP by Metropolitan Area (millions of current dollars),"(D)","(D)","(D)","(D)","(D)","(D)"
"17980","Columbus, GA-AL (MSA)",22,"       Other transportation equipment manufacturing",200,GDP by Metropolitan Area (millions of current dollars),83,112,75,101,137,191
"17980","Columbus, GA-AL (MSA)",23,"       Furniture and related product manufacturing",200,GDP by Metropolitan Area (millions of current dollars),"(D)","(D)","(D)","(D)","(D)","(D)"
"17980","Columbus, GA-AL (MSA)",24,"       Miscellaneous manufacturing",200,GDP by Metropolitan Area (millions of current dollars),"(D)","(D)",11,9,9,9
"17980","Columbus, GA-AL (MSA)",25,"     Nondurable goods",200,GDP by Metropolitan Area (millions of current dollars),"(D)","(D)","(D)","(D)","(D)","(D)"
"17980","Columbus, GA-AL (MSA)",26,"       Food product manufacturing",200,GDP by Metropolitan Area (millions of current dollars),"(D)","(D)","(D)","(D)","(D)","(D)"
"17980","Columbus, GA-AL (MSA)",27,"       Textile and textile product mills",200,GDP by Metropolitan Area (millions of current dollars),"(D)","(D)","(D)","(D)","(D)","(D)"
"17980","Columbus, GA-AL (MSA)",28,"       Apparel manufacturing",200,GDP by Metropolitan Area (millions of current dollars),"(D)","(D)","(D)","(D)","(D)","(D)"
"17980","Columbus, GA-AL (MSA)",29,"       Paper manufacturing",200,GDP by Metropolitan Area (millions of current dollars),"(D)","(D)","(D)","(D)","(D)","(D)"
"17980","Columbus, GA-AL (MSA)",30,"       Printing and related support activities",200,GDP by Metropolitan Area (millions of current dollars),64,61,56,"(D)","(D)","(D)"
"17980","Columbus, GA-AL (MSA)",31,"       Petroleum and coal products manufacturing",200,GDP by Metropolitan Area (millions of current dollars),1,0,0,0,0,0
"17980","Columbus, GA-AL (MSA)",32,"       Chemical manufacturing",200,GDP by Metropolitan Area (millions of current dollars),"(D)","(D)","(D)","(D)","(D)","(D)"
"17980","Columbus, GA-AL (MSA)",33,"       Plastics and rubber products manufacturing",200,GDP by Metropolitan Area (millions of current dollars),"(D)","(D)",11,17,20,21
"17980","Columbus, GA-AL (MSA)",34,"   Wholesale trade",200,GDP by Metropolitan Area (millions of current dollars),"(D)","(D)","(D)","(D)","(D)","(D)"
"17980","Columbus, GA-AL (MSA)",35,"   Retail trade",200,GDP by Metropolitan Area (millions of current dollars),535,560,591,597,596,643
"17980","Columbus, GA-AL (MSA)",36,"   Transportation and warehousing, excluding Postal Service",200,GDP by Metropolitan Area (millions of current dollars),"(D)","(D)","(D)","(D)","(D)","(D)"
"17980","Columbus, GA-AL (MSA)",37,"     Air transportation",200,GDP by Metropolitan Area (millions of current dollars),"(D)",2,2,2,2,3
"17980","Columbus, GA-AL (MSA)",38,"     Rail transportation",200,GDP by Metropolitan Area (millions of current dollars),15,18,18,22,25,28
"17980","Columbus, GA-AL (MSA)",39,"     Water transportation",200,GDP by Metropolitan Area (millions of current dollars),"(L)","(L)","(L)","(L)","(L)","(L)"
"17980","Columbus, GA-AL (MSA)",40,"     Truck transportation",200,GDP by Metropolitan Area (millions of current dollars),39,43,"(D)","(D)","(D)","(D)"
"17980","Columbus, GA-AL (MSA)",41,"     Transit and ground passenger transportation",200,GDP by Metropolitan Area (millions of current dollars),"(D)","(D)","(D)","(D)","(D)","(D)"
"17980","Columbus, GA-AL (MSA)",42,"     Pipeline transportation",200,GDP by Metropolitan Area (millions of current dollars),"(D)","(D)","(D)","(D)","(D)","(D)"
"17980","Columbus, GA-AL (MSA)",43,"     Other transportation and support activities",200,GDP by Metropolitan Area (millions of current dollars),"(D)","(D)","(D)","(D)","(D)","(D)"
"17980","Columbus, GA-AL (MSA)",44,"     Warehousing and storage",200,GDP by Metropolitan Area (millions of current dollars),"(D)",4,"(D)","(D)","(D)","(D)"
"17980","Columbus, GA-AL (MSA)",45,"   Information",200,GDP by Metropolitan Area (millions of current dollars),"(D)","(D)","(D)","(D)","(D)","(D)"
"17980","Columbus, GA-AL (MSA)",46,"     Publishing including software",200,GDP by Metropolitan Area (millions of current dollars),"(D)","(D)","(D)","(D)","(D)","(D)"
"17980","Columbus, GA-AL (MSA)",47,"     Motion picture and sound recording industries",200,GDP by Metropolitan Area (millions of current dollars),"(D)",19,19,23,31,49
"17980","Columbus, GA-AL (MSA)",48,"     Broadcasting and telecommunications",200,GDP by Metropolitan Area (millions of current dollars),"(D)","(D)","(D)","(D)","(D)","(D)"
"17980","Columbus, GA-AL (MSA)",49,"     Information and data processing services",200,GDP by Metropolitan Area (millions of current dollars),"(D)","(D)","(D)","(D)","(D)","(D)"
"17980","Columbus, GA-AL (MSA)",50,"   Finance and insurance",200,GDP by Metropolitan Area (millions of current dollars),"(D)","(D)","(D)","(D)","(D)","(D)"
"17980","Columbus, GA-AL (MSA)",51,"     Federal Reserve banks, credit intermediation and related services",200,GDP by Metropolitan Area (millions of current dollars),"(D)","(D)","(D)",241,"(D)",277
"17980","Columbus, GA-AL (MSA)",52,"     Securities, commodity contracts, investments",200,GDP by Metropolitan Area (millions of current dollars),"(D)","(D)","(D)","(D)","(D)","(D)"
"17980","Columbus, GA-AL (MSA)",53,"     Insurance carriers and related activities",200,GDP by Metropolitan Area (millions of current dollars),"(D)","(D)","(D)","(D)","(D)","(D)"
"17980","Columbus, GA-AL (MSA)",54,"     Funds, trusts, and other financial vehicles",200,GDP by Metropolitan Area (millions of current dollars),0,"(D)","(D)","(D)","(D)","(D)"
"17980","Columbus, GA-AL (MSA)",55,"   Real estate and rental and leasing",200,GDP by Metropolitan Area (millions of current dollars),"(D)","(D)","(D)","(D)","(D)","(D)"
"17980","Columbus, GA-AL (MSA)",56,"     Real estate",200,GDP by Metropolitan Area (millions of current dollars),"(D)","(D)","(D)","(D)","(D)","(D)"
"17980","Columbus, GA-AL (MSA)",57,"     Rental and leasing services and lessors of intangible assets",200,GDP by Metropolitan Area (millions of current dollars),"(D)","(D)","(D)","(D)","(D)","(D)"
"17980","Columbus, GA-AL (MSA)",58,"   Professional and technical services",200,GDP by Metropolitan Area (millions of current dollars),"(D)","(D)","(D)","(D)","(D)","(D)"
"17980","Columbus, GA-AL (MSA)",62,"   Management of companies and enterprises",200,GDP by Metropolitan Area (millions of current dollars),"(D)","(D)","(D)","(D)",211,175
"17980","Columbus, GA-AL (MSA)",63,"   Administrative and waste services",200,GDP by Metropolitan Area (millions of current dollars),"(D)",148,"(D)","(D)","(D)","(D)"
"17980","Columbus, GA-AL (MSA)",64,"     Administrative and support services",200,GDP by Metropolitan Area (millions of current dollars),"(D)","(D)","(D)","(D)","(D)","(D)"
"17980","Columbus, GA-AL (MSA)",65,"     Waste management and remediation services",200,GDP by Metropolitan Area (millions of current dollars),"(D)","(D)","(D)","(D)","(D)","(D)"
"17980","Columbus, GA-AL (MSA)",66,"   Educational services",200,GDP by Metropolitan Area (millions of current dollars),"(D)","(D)","(D)","(D)","(D)","(D)"
"17980","Columbus, GA-AL (MSA)",67,"   Health care and social assistance",200,GDP by Metropolitan Area (millions of current dollars),"(D)","(D)","(D)","(D)","(D)","(D)"
"17980","Columbus, GA-AL (MSA)",68,"     Ambulatory health care services",200,GDP by Metropolitan Area (millions of current dollars),"(D)","(D)","(D)","(D)","(D)","(D)"
"17980","Columbus, GA-AL (MSA)",69,"     Hospitals and nursing and residential care facilities",200,GDP by Metropolitan Area (millions of current dollars),"(D)","(D)","(D)","(D)","(D)","(D)"
"17980","Columbus, GA-AL (MSA)",70,"     Social assistance",200,GDP by Metropolitan Area (millions of current dollars),"(D)","(D)","(D)","(D)","(D)","(D)"
"17980","Columbus, GA-AL (MSA)",71,"   Arts, entertainment, and recreation",200,GDP by Metropolitan Area (millions of current dollars),"(D)","(D)","(D)","(D)","(D)","(D)"
"17980","Columbus, GA-AL (MSA)",72,"     Performing arts, museums, and related activities",200,GDP by Metropolitan Area (millions of current dollars),"(D)","(D)","(D)","(D)","(D)","(D)"
"17980","Columbus, GA-AL (MSA)",73,"     Amusement, gambling, and recreation",200,GDP by Metropolitan Area (millions of current dollars),"(D)","(D)","(D)","(D)","(D)","(D)"
"17980","Columbus, GA-AL (MSA)",74,"   Accommodation and food services",200,GDP by Metropolitan Area (millions of current dollars),"(D)","(D)","(D)","(D)","(D)","(D)"
"17980","Columbus, GA-AL (MSA)",75,"     Accommodation",200,GDP by Metropolitan Area (millions of current dollars),"(D)","(D)","(D)","(D)","(D)","(D)"
"17980","Columbus, GA-AL (MSA)",76,"     Food services and drinking places",200,GDP by Metropolitan Area (millions of current dollars),"(D)","(D)","(D)","(D)","(D)","(D)"
"17980","Columbus, GA-AL (MSA)",77,"   Other services, except government",200,GDP by Metropolitan Area (millions of current dollars),192,"(D)","(D)","(D)","(D)","(D)"
"17980","Columbus, GA-AL (MSA)",78," Government",200,GDP by Metropolitan Area (millions of current dollars),2106,2228,2351,2492,2839,3093
"17980","Columbus, GA-AL (MSA)",79,"   Federal civilian",200,GDP by Metropolitan Area (millions of current dollars),317,340,339,337,367,395
"17980","Columbus, GA-AL (MSA)",80,"   Federal military",200,GDP by Metropolitan Area (millions of current dollars),1099,1163,1259,1383,1655,1844
"17980","Columbus, GA-AL (MSA)",81,"   State and local",200,GDP by Metropolitan Area (millions of current dollars),689,725,753,772,818,853
"17980","Columbus, GA-AL (MSA)",99,"Natural resources and mining",200,GDP by Metropolitan Area (millions of current dollars),51,50,55,61,61,64
"17980","Columbus, GA-AL (MSA)",100,"Trade",200,GDP by Metropolitan Area (millions of current dollars),"(D)","(D)","(D)","(D)","(D)","(D)"
"17980","Columbus, GA-AL (MSA)",101,"Transportation and utilities",200,GDP by Metropolitan Area (millions of current dollars),153,157,162,184,198,194
"17980","Columbus, GA-AL (MSA)",102,"Financial activities",200,GDP by Metropolitan Area (millions of current dollars),1462,1096,1211,1238,1304,1412
"17980","Columbus, GA-AL (MSA)",103,"Professional and business services",200,GDP by Metropolitan Area (millions of current dollars),770,787,675,688,827,823
"17980","Columbus, GA-AL (MSA)",104,"Education and health services",200,GDP by Metropolitan Area (millions of current dollars),518,534,630,681,727,760
"17980","Columbus, GA-AL (MSA)",105,"Leisure and hospitality",200,GDP by Metropolitan Area (millions of current dollars),241,250,286,309,336,353
"17980","Columbus, GA-AL (MSA)",106,"Information, Communication, and Technology (ICT)",200,GDP by Metropolitan Area (millions of current dollars),306,402,482,518,548,585
"17980","Columbus, GA-AL (MSA)",108,"Private goods-producing industries",200,GDP by Metropolitan Area (millions of current dollars),1780,1702,1613,1640,1643,1561
"17980","Columbus, GA-AL (MSA)",109,"Private services-providing industries",200,GDP by Metropolitan Area (millions of current dollars),4478,4253,4507,4710,5099,5373
"FIPS","Metropolitan Area","Industry Code","Industry","Component Code","Component","2001","2002","2003","2004","2005","2006"
"17980","Columbus, GA-AL (MSA)",1,"Total Gross Domestic Product by Metropolitan Area",800,Quantity Indexes for Real GDP by Metropolitan Area (2001=100.000),100.000,94.794,95.432,96.358,100.715,102.074
"17980","Columbus, GA-AL (MSA)",2," Private industries",800,Quantity Indexes for Real GDP by Metropolitan Area (2001=100.000),100.000,93.273,94.567,95.781,99.239,99.645
"17980","Columbus, GA-AL (MSA)",3,"   Agriculture, forestry, fishing, and hunting",800,Quantity Indexes for Real GDP by Metropolitan Area (2001=100.000),"(D)","(D)","(D)","(D)","(D)","(D)"
"17980","Columbus, GA-AL (MSA)",4,"     Crop and animal production (Farms)",800,Quantity Indexes for Real GDP by Metropolitan Area (2001=100.000),100.000,81.765,88.778,88.950,102.107,110.584
"17980","Columbus, GA-AL (MSA)",5,"     Forestry, fishing, and related activities",800,Quantity Indexes for Real GDP by Metropolitan Area (2001=100.000),"(D)","(D)","(D)","(D)","(D)","(D)"
"17980","Columbus, GA-AL (MSA)",6,"   Mining",800,Quantity Indexes for Real GDP by Metropolitan Area (2001=100.000),"(D)","(D)","(D)","(D)","(D)","(D)"
"17980","Columbus, GA-AL (MSA)",7,"     Oil and gas extraction",800,Quantity Indexes for Real GDP by Metropolitan Area (2001=100.000),100.000,415.255,27.525,15.183,0.000,0.000
"17980","Columbus, GA-AL (MSA)",8,"     Mining, except oil and gas",800,Quantity Indexes for Real GDP by Metropolitan Area (2001=100.000),"(D)","(D)","(D)","(D)","(D)","(D)"
"17980","Columbus, GA-AL (MSA)",9,"     Support activities for mining",800,Quantity Indexes for Real GDP by Metropolitan Area (2001=100.000),0.000,0.000,0.000,0.000,0.000,0.000
"17980","Columbus, GA-AL (MSA)",10,"   Utilities",800,Quantity Indexes for Real GDP by Metropolitan Area (2001=100.000),"(D)","(D)","(D)","(D)","(D)","(D)"
"17980","Columbus, GA-AL (MSA)",11,"   Construction",800,Quantity Indexes for Real GDP by Metropolitan Area (2001=100.000),"(D)","(D)","(D)","(D)","(D)","(D)"
"17980","Columbus, GA-AL (MSA)",12,"   Manufacturing",800,Quantity Indexes for Real GDP by Metropolitan Area (2001=100.000),"(D)","(D)","(D)","(D)","(D)","(D)"
"17980","Columbus, GA-AL (MSA)",13,"     Durable goods",800,Quantity Indexes for Real GDP by Metropolitan Area (2001=100.000),"(D)","(D)","(D)","(D)","(D)","(D)"
"17980","Columbus, GA-AL (MSA)",14,"       Wood product manufacturing",800,Quantity Indexes for Real GDP by Metropolitan Area (2001=100.000),"(D)","(D)","(D)","(D)","(D)","(D)"
"17980","Columbus, GA-AL (MSA)",15,"       Nonmetallic mineral product manufacturing",800,Quantity Indexes for Real GDP by Metropolitan Area (2001=100.000),"(D)","(D)","(D)","(D)","(D)","(D)"
"17980","Columbus, GA-AL (MSA)",16,"       Primary metal manufacturing",800,Quantity Indexes for Real GDP by Metropolitan Area (2001=100.000),"(D)","(D)","(D)","(D)","(D)","(D)"
"17980","Columbus, GA-AL (MSA)",17,"       Fabricated metal product manufacturing",800,Quantity Indexes for Real GDP by Metropolitan Area (2001=100.000),100.000,90.928,83.576,72.466,73.688,78.207
"17980","Columbus, GA-AL (MSA)",18,"       Machinery manufacturing",800,Quantity Indexes for Real GDP by Metropolitan Area (2001=100.000),"(D)","(D)","(D)","(D)","(D)","(D)"
"17980","Columbus, GA-AL (MSA)",19,"       Computer and electronic product manufacturing",800,Quantity Indexes for Real GDP by Metropolitan Area (2001=100.000),100.000,"(D)","(D)","(D)","(D)",192.758
"17980","Columbus, GA-AL (MSA)",20,"       Electrical equipment and appliance manufacturing",800,Quantity Indexes for Real GDP by Metropolitan Area (2001=100.000),"(D)","(D)","(D)","(D)","(D)","(D)"
"17980","Columbus, GA-AL (MSA)",21,"       Motor vehicle, body, trailer, and parts manufacturing",800,Quantity Indexes for Real GDP by Metropolitan Area (2001=100.000),"(D)","(D)","(D)","(D)","(D)","(D)"
"17980","Columbus, GA-AL (MSA)",22,"       Other transportation equipment manufacturing",800,Quantity Indexes for Real GDP by Metropolitan Area (2001=100.000),100.000,131.637,85.551,111.679,146.562,198.498
"17980","Columbus, GA-AL (MSA)",23,"       Furniture and related product manufacturing",800,Quantity Indexes for Real GDP by Metropolitan Area (2001=100.000),"(D)","(D)","(D)","(D)","(D)","(D)"
"17980","Columbus, GA-AL (MSA)",24,"       Miscellaneous manufacturing",800,Quantity Indexes for Real GDP by Metropolitan Area (2001=100.000),"(D)","(D)","(D)","(D)","(D)","(D)"
"17980","Columbus, GA-AL (MSA)",25,"     Nondurable goods",800,Quantity Indexes for Real GDP by Metropolitan Area (2001=100.000),"(D)","(D)","(D)","(D)","(D)","(D)"
"17980","Columbus, GA-AL (MSA)",26,"       Food product manufacturing",800,Quantity Indexes for Real GDP by Metropolitan Area (2001=100.000),"(D)","(D)","(D)","(D)","(D)","(D)"
"17980","Columbus, GA-AL (MSA)",27,"       Textile and textile product mills",800,Quantity Indexes for Real GDP by Metropolitan Area (2001=100.000),"(D)","(D)","(D)","(D)","(D)","(D)"
"17980","Columbus, GA-AL (MSA)",28,"       Apparel manufacturing",800,Quantity Indexes for Real GDP by Metropolitan Area (2001=100.000),"(D)","(D)","(D)","(D)","(D)","(D)"
"17980","Columbus, GA-AL (MSA)",29,"       Paper manufacturing",800,Quantity Indexes for Real GDP by Metropolitan Area (2001=100.000),"(D)","(D)","(D)","(D)","(D)","(D)"
"17980","Columbus, GA-AL (MSA)",30,"       Printing and related support activities",800,Quantity Indexes for Real GDP by Metropolitan Area (2001=100.000),100.000,93.941,86.013,"(D)","(D)","(D)"
"17980","Columbus, GA-AL (MSA)",31,"       Petroleum and coal products manufacturing",800,Quantity Indexes for Real GDP by Metropolitan Area (2001=100.000),100.000,0.000,0.000,0.000,0.000,0.000
"17980","Columbus, GA-AL (MSA)",32,"       Chemical manufacturing",800,Quantity Indexes for Real GDP by Metropolitan Area (2001=100.000),"(D)","(D)","(D)","(D)","(D)","(D)"
"17980","Columbus, GA-AL (MSA)",33,"       Plastics and rubber products manufacturing",800,Quantity Indexes for Real GDP by Metropolitan Area (2001=100.000),"(D)","(D)","(D)","(D)","(D)","(D)"
"17980","Columbus, GA-AL (MSA)",34,"   Wholesale trade",800,Quantity Indexes for Real GDP by Metropolitan Area (2001=100.000),"(D)","(D)","(D)","(D)","(D)","(D)"
"17980","Columbus, GA-AL (MSA)",35,"   Retail trade",800,Quantity Indexes for Real GDP by Metropolitan Area (2001=100.000),100.000,102.772,107.911,108.264,109.537,118.933
"17980","Columbus, GA-AL (MSA)",36,"   Transportation and warehousing, excluding Postal Service",800,Quantity Indexes for Real GDP by Metropolitan Area (2001=100.000),"(D)","(D)","(D)","(D)","(D)","(D)"
"17980","Columbus, GA-AL (MSA)",37,"     Air transportation",800,Quantity Indexes for Real GDP by Metropolitan Area (2001=100.000),"(D)","(D)","(D)","(D)","(D)","(D)"
"17980","Columbus, GA-AL (MSA)",38,"     Rail transportation",800,Quantity Indexes for Real GDP by Metropolitan Area (2001=100.000),100.000,111.975,113.032,128.725,132.687,166.791
"17980","Columbus, GA-AL (MSA)",39,"     Water transportation",800,Quantity Indexes for Real GDP by Metropolitan Area (2001=100.000),100.000,45.860,58.056,92.594,59.279,51.439
"17980","Columbus, GA-AL (MSA)",40,"     Truck transportation",800,Quantity Indexes for Real GDP by Metropolitan Area (2001=100.000),100.000,105.918,"(D)","(D)","(D)","(D)"
"17980","Columbus, GA-AL (MSA)",41,"     Transit and ground passenger transportation",800,Quantity Indexes for Real GDP by Metropolitan Area (2001=100.000),"(D)","(D)","(D)","(D)","(D)","(D)"
"17980","Columbus, GA-AL (MSA)",42,"     Pipeline transportation",800,Quantity Indexes for Real GDP by Metropolitan Area (2001=100.000),"(D)","(D)","(D)","(D)","(D)","(D)"
"17980","Columbus, GA-AL (MSA)",43,"     Other transportation and support activities",800,Quantity Indexes for Real GDP by Metropolitan Area (2001=100.000),"(D)","(D)","(D)","(D)","(D)","(D)"
"17980","Columbus, GA-AL (MSA)",44,"     Warehousing and storage",800,Quantity Indexes for Real GDP by Metropolitan Area (2001=100.000),"(D)","(D)","(D)","(D)","(D)","(D)"
"17980","Columbus, GA-AL (MSA)",45,"   Information",800,Quantity Indexes for Real GDP by Metropolitan Area (2001=100.000),"(D)","(D)","(D)","(D)","(D)","(D)"
"17980","Columbus, GA-AL (MSA)",46,"     Publishing including software",800,Quantity Indexes for Real GDP by Metropolitan Area (2001=100.000),"(D)","(D)","(D)","(D)","(D)","(D)"
"17980","Columbus, GA-AL (MSA)",47,"     Motion picture and sound recording industries",800,Quantity Indexes for Real GDP by Metropolitan Area (2001=100.000),"(D)","(D)","(D)","(D)","(D)","(D)"
"17980","Columbus, GA-AL (MSA)",48,"     Broadcasting and telecommunications",800,Quantity Indexes for Real GDP by Metropolitan Area (2001=100.000),"(D)","(D)","(D)","(D)","(D)","(D)"
"17980","Columbus, GA-AL (MSA)",49,"     Information and data processing services",800,Quantity Indexes for Real GDP by Metropolitan Area (2001=100.000),"(D)","(D)","(D)","(D)","(D)","(D)"
"17980","Columbus, GA-AL (MSA)",50,"   Finance and insurance",800,Quantity Indexes for Real GDP by Metropolitan Area (2001=100.000),"(D)","(D)","(D)","(D)","(D)","(D)"
"17980","Columbus, GA-AL (MSA)",51,"     Federal Reserve banks, credit intermediation and related services",800,Quantity Indexes for Real GDP by Metropolitan Area (2001=100.000),"(D)","(D)","(D)","(D)","(D)","(D)"
"17980","Columbus, GA-AL (MSA)",52,"     Securities, commodity contracts, investments",800,Quantity Indexes for Real GDP by Metropolitan Area (2001=100.000),"(D)","(D)","(D)","(D)","(D)","(D)"
"17980","Columbus, GA-AL (MSA)",53,"     Insurance carriers and related activities",800,Quantity Indexes for Real GDP by Metropolitan Area (2001=100.000),"(D)","(D)","(D)","(D)","(D)","(D)"
"17980","Columbus, GA-AL (MSA)",54,"     Funds, trusts, and other financial vehicles",800,Quantity Indexes for Real GDP by Metropolitan Area (2001=100.000),0.000,"(D)","(D)","(D)","(D)","(D)"
"17980","Columbus, GA-AL (MSA)",55,"   Real estate and rental and leasing",800,Quantity Indexes for Real GDP by Metropolitan Area (2001=100.000),"(D)","(D)","(D)","(D)","(D)","(D)"
"17980","Columbus, GA-AL (MSA)",56,"     Real estate",800,Quantity Indexes for Real GDP by Metropolitan Area (2001=100.000),"(D)","(D)","(D)","(D)","(D)","(D)"
"17980","Columbus, GA-AL (MSA)",57,"     Rental and leasing services and lessors of intangible assets",800,Quantity Indexes for Real GDP by Metropolitan Area (2001=100.000),"(D)","(D)","(D)","(D)","(D)","(D)"
"17980","Columbus, GA-AL (MSA)",58,"   Professional and technical services",800,Quantity Indexes for Real GDP by Metropolitan Area (2001=100.000),"(D)","(D)","(D)","(D)","(D)","(D)"
"17980","Columbus, GA-AL (MSA)",62,"   Management of companies and enterprises",800,Quantity Indexes for Real GDP by Metropolitan Area (2001=100.000),"(D)","(D)","(D)","(D)","(D)","(D)"
"17980","Columbus, GA-AL (MSA)",63,"   Administrative and waste services",800,Quantity Indexes for Real GDP by Metropolitan Area (2001=100.000),"(D)","(D)","(D)","(D)","(D)","(D)"
"17980","Columbus, GA-AL (MSA)",64,"     Administrative and support services",800,Quantity Indexes for Real GDP by Metropolitan Area (2001=100.000),"(D)","(D)","(D)","(D)","(D)","(D)"
"17980","Columbus, GA-AL (MSA)",65,"     Waste management and remediation services",800,Quantity Indexes for Real GDP by Metropolitan Area (2001=100.000),"(D)","(D)","(D)","(D)","(D)","(D)"
"17980","Columbus, GA-AL (MSA)",66,"   Educational services",800,Quantity Indexes for Real GDP by Metropolitan Area (2001=100.000),"(D)","(D)","(D)","(D)","(D)","(D)"
"17980","Columbus, GA-AL (MSA)",67,"   Health care and social assistance",800,Quantity Indexes for Real GDP by Metropolitan Area (2001=100.000),"(D)","(D)","(D)","(D)","(D)","(D)"
"17980","Columbus, GA-AL (MSA)",68,"     Ambulatory health care services",800,Quantity Indexes for Real GDP by Metropolitan Area (2001=100.000),"(D)","(D)","(D)","(D)","(D)","(D)"
"17980","Columbus, GA-AL (MSA)",69,"     Hospitals and nursing and residential care facilities",800,Quantity Indexes for Real GDP by Metropolitan Area (2001=100.000),"(D)","(D)","(D)","(D)","(D)","(D)"
"17980","Columbus, GA-AL (MSA)",70,"     Social assistance",800,Quantity Indexes for Real GDP by Metropolitan Area (2001=100.000),"(D)","(D)","(D)","(D)","(D)","(D)"
"17980","Columbus, GA-AL (MSA)",71,"   Arts, entertainment, and recreation",800,Quantity Indexes for Real GDP by Metropolitan Area (2001=100.000),"(D)","(D)","(D)","(D)","(D)","(D)"
"17980","Columbus, GA-AL (MSA)",72,"     Performing arts, museums, and related activities",800,Quantity Indexes for Real GDP by Metropolitan Area (2001=100.000),"(D)","(D)","(D)","(D)","(D)","(D)"
"17980","Columbus, GA-AL (MSA)",73,"     Amusement, gambling, and recreation",800,Quantity Indexes for Real GDP by Metropolitan Area (2001=100.000),"(D)","(D)","(D)","(D)","(D)","(D)"
"17980","Columbus, GA-AL (MSA)",74,"   Accommodation and food services",800,Quantity Indexes for Real GDP by Metropolitan Area (2001=100.000),"(D)","(D)","(D)","(D)","(D)","(D)"
"17980","Columbus, GA-AL (MSA)",75,"     Accommodation",800,Quantity Indexes for Real GDP by Metropolitan Area (2001=100.000),"(D)","(D)","(D)","(D)","(D)","(D)"
"17980","Columbus, GA-AL (MSA)",76,"     Food services and drinking places",800,Quantity Indexes for Real GDP by Metropolitan Area (2001=100.000),"(D)","(D)","(D)","(D)","(D)","(D)"
"17980","Columbus, GA-AL (MSA)",77,"   Other services, except government",800,Quantity Indexes for Real GDP by Metropolitan Area (2001=100.000),100.000,"(D)","(D)","(D)","(D)","(D)"
"17980","Columbus, GA-AL (MSA)",78," Government",800,Quantity Indexes for Real GDP by Metropolitan Area (2001=100.000),100.000,99.214,98.035,98.199,104.873,108.602
"17980","Columbus, GA-AL (MSA)",79,"   Federal civilian",800,Quantity Indexes for Real GDP by Metropolitan Area (2001=100.000),100.000,100.591,95.008,88.111,92.089,95.408
"17980","Columbus, GA-AL (MSA)",80,"   Federal military",800,Quantity Indexes for Real GDP by Metropolitan Area (2001=100.000),100.000,97.572,97.332,100.403,110.716,116.695
"17980","Columbus, GA-AL (MSA)",81,"   State and local",800,Quantity Indexes for Real GDP by Metropolitan Area (2001=100.000),100.000,101.248,100.565,99.058,100.490,100.267
"17980","Columbus, GA-AL (MSA)",99,"Natural resources and mining",800,Quantity Indexes for Real GDP by Metropolitan Area (2001=100.000),100.000,101.364,105.060,104.464,107.240,108.237
"17980","Columbus, GA-AL (MSA)",100,"Trade",800,Quantity Indexes for Real GDP by Metropolitan Area (2001=100.000),"(D)","(D)","(D)","(D)","(D)","(D)"
"17980","Columbus, GA-AL (MSA)",101,"Transportation and utilities",800,Quantity Indexes for Real GDP by Metropolitan Area (2001=100.000),100.000,102.071,104.747,115.131,117.833,110.607
"17980","Columbus, GA-AL (MSA)",102,"Financial activities",800,Quantity Indexes for Real GDP by Metropolitan Area (2001=100.000),100.000,72.787,77.245,75.938,77.696,82.265
"17980","Columbus, GA-AL (MSA)",103,"Professional and business services",800,Quantity Indexes for Real GDP by Metropolitan Area (2001=100.000),100.000,100.562,85.410,84.199,96.720,93.027
"17980","Columbus, GA-AL (MSA)",104,"Education and health services",800,Quantity Indexes for Real GDP by Metropolitan Area (2001=100.000),100.000,100.026,115.087,120.578,125.300,127.983
"17980","Columbus, GA-AL (MSA)",105,"Leisure and hospitality",800,Quantity Indexes for Real GDP by Metropolitan Area (2001=100.000),100.000,99.341,112.322,117.963,124.359,125.314
"17980","Columbus, GA-AL (MSA)",106,"Information, Communication, and Technology (ICT)",800,Quantity Indexes for Real GDP by Metropolitan Area (2001=100.000),100.000,129.881,156.239,173.929,187.584,208.434
"17980","Columbus, GA-AL (MSA)",108,"Private goods-producing industries",800,Quantity Indexes for Real GDP by Metropolitan Area (2001=100.000),100.000,94.383,89.542,88.790,85.942,77.863
"17980","Columbus, GA-AL (MSA)",109,"Private services-providing industries",800,Quantity Indexes for Real GDP by Metropolitan Area (2001=100.000),100.000,92.834,96.520,98.493,104.404,108.183
"FIPS","Metropolitan Area","Industry Code","Industry","Component Code","Component","2001","2002","2003","2004","2005","2006"
"17980","Columbus, GA-AL (MSA)",1,"Total Gross Domestic Product by Metropolitan Area",900,Real GDP by Metropolitan Area (millions of chained 2001 dollars),8363,7928,7981,8058,8423,8536
"17980","Columbus, GA-AL (MSA)",2," Private industries",900,Real GDP by Metropolitan Area (millions of chained 2001 dollars),6257,5836,5917,5993,6210,6235
"17980","Columbus, GA-AL (MSA)",3,"   Agriculture, forestry, fishing, and hunting",900,Real GDP by Metropolitan Area (millions of chained 2001 dollars),"(D)","(D)","(D)","(D)","(D)","(D)"
"17980","Columbus, GA-AL (MSA)",4,"     Crop and animal production (Farms)",900,Real GDP by Metropolitan Area (millions of chained 2001 dollars),20,17,18,18,21,22
"17980","Columbus, GA-AL (MSA)",5,"     Forestry, fishing, and related activities",900,Real GDP by Metropolitan Area (millions of chained 2001 dollars),"(D)","(D)","(D)","(D)","(D)","(D)"
"17980","Columbus, GA-AL (MSA)",6,"   Mining",900,Real GDP by Metropolitan Area (millions of chained 2001 dollars),"(D)","(D)","(D)","(D)","(D)","(D)"
"17980","Columbus, GA-AL (MSA)",7,"     Oil and gas extraction",900,Real GDP by Metropolitan Area (millions of chained 2001 dollars),"(L)","(L)","(L)","(L)",0,0
"17980","Columbus, GA-AL (MSA)",8,"     Mining, except oil and gas",900,Real GDP by Metropolitan Area (millions of chained 2001 dollars),"(D)","(D)","(D)","(D)","(D)","(D)"
"17980","Columbus, GA-AL (MSA)",9,"     Support activities for mining",900,Real GDP by Metropolitan Area (millions of chained 2001 dollars),0,0,0,0,0,0
"17980","Columbus, GA-AL (MSA)",10,"   Utilities",900,Real GDP by Metropolitan Area (millions of chained 2001 dollars),"(D)","(D)","(D)","(D)","(D)","(D)"
"17980","Columbus, GA-AL (MSA)",11,"   Construction",900,Real GDP by Metropolitan Area (millions of chained 2001 dollars),"(D)","(D)",268,276,"(D)","(D)"
"17980","Columbus, GA-AL (MSA)",12,"   Manufacturing",900,Real GDP by Metropolitan Area (millions of chained 2001 dollars),"(D)","(D)",1294,1271,1214,1077
"17980","Columbus, GA-AL (MSA)",13,"     Durable goods",900,Real GDP by Metropolitan Area (millions of chained 2001 dollars),"(D)","(D)","(D)","(D)","(D)","(D)"
"17980","Columbus, GA-AL (MSA)",14,"       Wood product manufacturing",900,Real GDP by Metropolitan Area (millions of chained 2001 dollars),"(D)","(D)","(D)","(D)","(D)","(D)"
"17980","Columbus, GA-AL (MSA)",15,"       Nonmetallic mineral product manufacturing",900,Real GDP by Metropolitan Area (millions of chained 2001 dollars),"(D)","(D)","(D)","(D)","(D)",62
"17980","Columbus, GA-AL (MSA)",16,"       Primary metal manufacturing",900,Real GDP by Metropolitan Area (millions of chained 2001 dollars),"(D)","(D)","(D)","(D)","(D)","(D)"
"17980","Columbus, GA-AL (MSA)",17,"       Fabricated metal product manufacturing",900,Real GDP by Metropolitan Area (millions of chained 2001 dollars),43,39,36,31,32,34
"17980","Columbus, GA-AL (MSA)",18,"       Machinery manufacturing",900,Real GDP by Metropolitan Area (millions of chained 2001 dollars),"(D)","(D)","(D)","(D)","(D)","(D)"
"17980","Columbus, GA-AL (MSA)",19,"       Computer and electronic product manufacturing",900,Real GDP by Metropolitan Area (millions of chained 2001 dollars),1,"(D)","(D)","(D)","(D)",3
"17980","Columbus, GA-AL (MSA)",20,"       Electrical equipment and appliance manufacturing",900,Real GDP by Metropolitan Area (millions of chained 2001 dollars),"(D)",187,199,"(D)","(D)","(D)"
"17980","Columbus, GA-AL (MSA)",21,"       Motor vehicle, body, trailer, and parts manufacturing",900,Real GDP by Metropolitan Area (millions of chained 2001 dollars),"(D)","(D)","(D)","(D)","(D)","(D)"
"17980","Columbus, GA-AL (MSA)",22,"       Other transportation equipment manufacturing",900,Real GDP by Metropolitan Area (millions of chained 2001 dollars),83,109,71,93,122,165
"17980","Columbus, GA-AL (MSA)",23,"       Furniture and related product manufacturing",900,Real GDP by Metropolitan Area (millions of chained 2001 dollars),"(D)","(D)","(D)","(D)","(D)","(D)"
"17980","Columbus, GA-AL (MSA)",24,"       Miscellaneous manufacturing",900,Real GDP by Metropolitan Area (millions of chained 2001 dollars),"(D)","(D)",10,9,9,9
"17980","Columbus, GA-AL (MSA)",25,"     Nondurable goods",900,Real GDP by Metropolitan Area (millions of chained 2001 dollars),"(D)","(D)","(D)","(D)","(D)","(D)"
"17980","Columbus, GA-AL (MSA)",26,"       Food product manufacturing",900,Real GDP by Metropolitan Area (millions of chained 2001 dollars),"(D)","(D)","(D)","(D)","(D)","(D)"
"17980","Columbus, GA-AL (MSA)",27,"       Textile and textile product mills",900,Real GDP by Metropolitan Area (millions of chained 2001 dollars),"(D)","(D)","(D)","(D)","(D)","(D)"
"17980","Columbus, GA-AL (MSA)",28,"       Apparel manufacturing",900,Real GDP by Metropolitan Area (millions of chained 2001 dollars),"(D)","(D)","(D)","(D)","(D)","(D)"
"17980","Columbus, GA-AL (MSA)",29,"       Paper manufacturing",900,Real GDP by Metropolitan Area (millions of chained 2001 dollars),"(D)","(D)","(D)","(D)","(D)","(D)"
"17980","Columbus, GA-AL (MSA)",30,"       Printing and related support activities",900,Real GDP by Metropolitan Area (millions of chained 2001 dollars),64,60,55,"(D)","(D)","(D)"
"17980","Columbus, GA-AL (MSA)",31,"       Petroleum and coal products manufacturing",900,Real GDP by Metropolitan Area (millions of chained 2001 dollars),1,0,0,0,0,0
"17980","Columbus, GA-AL (MSA)",32,"       Chemical manufacturing",900,Real GDP by Metropolitan Area (millions of chained 2001 dollars),"(D)","(D)","(D)","(D)","(D)","(D)"
"17980","Columbus, GA-AL (MSA)",33,"       Plastics and rubber products manufacturing",900,Real GDP by Metropolitan Area (millions of chained 2001 dollars),"(D)","(D)",11,18,21,19
"17980","Columbus, GA-AL (MSA)",34,"   Wholesale trade",900,Real GDP by Metropolitan Area (millions of chained 2001 dollars),"(D)","(D)","(D)","(D)","(D)","(D)"
"17980","Columbus, GA-AL (MSA)",35,"   Retail trade",900,Real GDP by Metropolitan Area (millions of chained 2001 dollars),535,550,577,579,586,636
"17980","Columbus, GA-AL (MSA)",36,"   Transportation and warehousing, excluding Postal Service",900,Real GDP by Metropolitan Area (millions of chained 2001 dollars),"(D)","(D)","(D)","(D)","(D)","(D)"
"17980","Columbus, GA-AL (MSA)",37,"     Air transportation",900,Real GDP by Metropolitan Area (millions of chained 2001 dollars),"(D)",2,2,2,3,5
"17980","Columbus, GA-AL (MSA)",38,"     Rail transportation",900,Real GDP by Metropolitan Area (millions of chained 2001 dollars),15,17,17,20,20,26
"17980","Columbus, GA-AL (MSA)",39,"     Water transportation",900,Real GDP by Metropolitan Area (millions of chained 2001 dollars),"(L)","(L)","(L)","(L)","(L)","(L)"
"17980","Columbus, GA-AL (MSA)",40,"     Truck transportation",900,Real GDP by Metropolitan Area (millions of chained 2001 dollars),39,42,"(D)","(D)","(D)","(D)"
"17980","Columbus, GA-AL (MSA)",41,"     Transit and ground passenger transportation",900,Real GDP by Metropolitan Area (millions of chained 2001 dollars),"(D)","(D)","(D)","(D)","(D)","(D)"
"17980","Columbus, GA-AL (MSA)",42,"     Pipeline transportation",900,Real GDP by Metropolitan Area (millions of chained 2001 dollars),"(D)","(D)","(D)","(D)","(D)","(D)"
"17980","Columbus, GA-AL (MSA)",43,"     Other transportation and support activities",900,Real GDP by Metropolitan Area (millions of chained 2001 dollars),"(D)","(D)","(D)","(D)","(D)","(D)"
"17980","Columbus, GA-AL (MSA)",44,"     Warehousing and storage",900,Real GDP by Metropolitan Area (millions of chained 2001 dollars),"(D)",4,"(D)","(D)","(D)","(D)"
"17980","Columbus, GA-AL (MSA)",45,"   Information",900,Real GDP by Metropolitan Area (millions of chained 2001 dollars),"(D)","(D)","(D)","(D)","(D)","(D)"
"17980","Columbus, GA-AL (MSA)",46,"     Publishing including software",900,Real GDP by Metropolitan Area (millions of chained 2001 dollars),"(D)","(D)","(D)","(D)","(D)","(D)"
"17980","Columbus, GA-AL (MSA)",47,"     Motion picture and sound recording industries",900,Real GDP by Metropolitan Area (millions of chained 2001 dollars),"(D)",19,19,22,29,45
"17980","Columbus, GA-AL (MSA)",48,"     Broadcasting and telecommunications",900,Real GDP by Metropolitan Area (millions of chained 2001 dollars),"(D)","(D)","(D)","(D)","(D)","(D)"
"17980","Columbus, GA-AL (MSA)",49,"     Information and data processing services",900,Real GDP by Metropolitan Area (millions of chained 2001 dollars),"(D)","(D)","(D)","(D)","(D)","(D)"
"17980","Columbus, GA-AL (MSA)",50,"   Finance and insurance",900,Real GDP by Metropolitan Area (millions of chained 2001 dollars),"(D)","(D)","(D)","(D)","(D)","(D)"
"17980","Columbus, GA-AL (MSA)",51,"     Federal Reserve banks, credit intermediation and related services",900,Real GDP by Metropolitan Area (millions of chained 2001 dollars),"(D)","(D)","(D)",219,"(D)",236
"17980","Columbus, GA-AL (MSA)",52,"     Securities, commodity contracts, investments",900,Real GDP by Metropolitan Area (millions of chained 2001 dollars),"(D)","(D)","(D)","(D)","(D)","(D)"
"17980","Columbus, GA-AL (MSA)",53,"     Insurance carriers and related activities",900,Real GDP by Metropolitan Area (millions of chained 2001 dollars),"(D)","(D)","(D)","(D)","(D)","(D)"
"17980","Columbus, GA-AL (MSA)",54,"     Funds, trusts, and other financial vehicles",900,Real GDP by Metropolitan Area (millions of chained 2001 dollars),0,"(D)","(D)","(D)","(D)","(D)"
"17980","Columbus, GA-AL (MSA)",55,"   Real estate and rental and leasing",900,Real GDP by Metropolitan Area (millions of chained 2001 dollars),"(D)","(D)","(D)","(D)","(D)","(D)"
"17980","Columbus, GA-AL (MSA)",56,"     Real estate",900,Real GDP by Metropolitan Area (millions of chained 2001 dollars),"(D)","(D)","(D)","(D)","(D)","(D)"
"17980","Columbus, GA-AL (MSA)",57,"     Rental and leasing services and lessors of intangible assets",900,Real GDP by Metropolitan Area (millions of chained 2001 dollars),"(D)","(D)","(D)","(D)","(D)","(D)"
"17980","Columbus, GA-AL (MSA)",58,"   Professional and technical services",900,Real GDP by Metropolitan Area (millions of chained 2001 dollars),"(D)","(D)","(D)","(D)","(D)","(D)"
"17980","Columbus, GA-AL (MSA)",62,"   Management of companies and enterprises",900,Real GDP by Metropolitan Area (millions of chained 2001 dollars),"(D)","(D)","(D)","(D)",162,126
"17980","Columbus, GA-AL (MSA)",63,"   Administrative and waste services",900,Real GDP by Metropolitan Area (millions of chained 2001 dollars),"(D)",144,"(D)","(D)","(D)","(D)"
"17980","Columbus, GA-AL (MSA)",64,"     Administrative and support services",900,Real GDP by Metropolitan Area (millions of chained 2001 dollars),"(D)","(D)","(D)","(D)","(D)","(D)"
"17980","Columbus, GA-AL (MSA)",65,"     Waste management and remediation services",900,Real GDP by Metropolitan Area (millions of chained 2001 dollars),"(D)","(D)","(D)","(D)","(D)","(D)"
"17980","Columbus, GA-AL (MSA)",66,"   Educational services",900,Real GDP by Metropolitan Area (millions of chained 2001 dollars),"(D)","(D)","(D)","(D)","(D)","(D)"
"17980","Columbus, GA-AL (MSA)",67,"   Health care and social assistance",900,Real GDP by Metropolitan Area (millions of chained 2001 dollars),"(D)","(D)","(D)","(D)","(D)","(D)"
"17980","Columbus, GA-AL (MSA)",68,"     Ambulatory health care services",900,Real GDP by Metropolitan Area (millions of chained 2001 dollars),"(D)","(D)","(D)","(D)","(D)","(D)"
"17980","Columbus, GA-AL (MSA)",69,"     Hospitals and nursing and residential care facilities",900,Real GDP by Metropolitan Area (millions of chained 2001 dollars),"(D)","(D)","(D)","(D)","(D)","(D)"
"17980","Columbus, GA-AL (MSA)",70,"     Social assistance",900,Real GDP by Metropolitan Area (millions of chained 2001 dollars),"(D)","(D)","(D)","(D)","(D)","(D)"
"17980","Columbus, GA-AL (MSA)",71,"   Arts, entertainment, and recreation",900,Real GDP by Metropolitan Area (millions of chained 2001 dollars),"(D)","(D)","(D)","(D)","(D)","(D)"
"17980","Columbus, GA-AL (MSA)",72,"     Performing arts, museums, and related activities",900,Real GDP by Metropolitan Area (millions of chained 2001 dollars),"(D)","(D)","(D)","(D)","(D)","(D)"
"17980","Columbus, GA-AL (MSA)",73,"     Amusement, gambling, and recreation",900,Real GDP by Metropolitan Area (millions of chained 2001 dollars),"(D)","(D)","(D)","(D)","(D)","(D)"
"17980","Columbus, GA-AL (MSA)",74,"   Accommodation and food services",900,Real GDP by Metropolitan Area (millions of chained 2001 dollars),"(D)","(D)","(D)","(D)","(D)","(D)"
"17980","Columbus, GA-AL (MSA)",75,"     Accommodation",900,Real GDP by Metropolitan Area (millions of chained 2001 dollars),"(D)","(D)","(D)","(D)","(D)","(D)"
"17980","Columbus, GA-AL (MSA)",76,"     Food services and drinking places",900,Real GDP by Metropolitan Area (millions of chained 2001 dollars),"(D)","(D)","(D)","(D)","(D)","(D)"
"17980","Columbus, GA-AL (MSA)",77,"   Other services, except government",900,Real GDP by Metropolitan Area (millions of chained 2001 dollars),192,"(D)","(D)","(D)","(D)","(D)"
"17980","Columbus, GA-AL (MSA)",78," Government",900,Real GDP by Metropolitan Area (millions of chained 2001 dollars),2106,2089,2064,2068,2208,2287
"17980","Columbus, GA-AL (MSA)",79,"   Federal civilian",900,Real GDP by Metropolitan Area (millions of chained 2001 dollars),317,319,302,280,292,303
"17980","Columbus, GA-AL (MSA)",80,"   Federal military",900,Real GDP by Metropolitan Area (millions of chained 2001 dollars),1099,1072,1070,1104,1217,1283
"17980","Columbus, GA-AL (MSA)",81,"   State and local",900,Real GDP by Metropolitan Area (millions of chained 2001 dollars),689,698,693,682,692,691
"17980","Columbus, GA-AL (MSA)",99,"Natural resources and mining",900,Real GDP by Metropolitan Area (millions of chained 2001 dollars),51,52,53,53,54,55
"17980","Columbus, GA-AL (MSA)",100,"Trade",900,Real GDP by Metropolitan Area (millions of chained 2001 dollars),"(D)","(D)","(D)","(D)","(D)","(D)"
"17980","Columbus, GA-AL (MSA)",101,"Transportation and utilities",900,Real GDP by Metropolitan Area (millions of chained 2001 dollars),153,156,160,176,181,169
"17980","Columbus, GA-AL (MSA)",102,"Financial activities",900,Real GDP by Metropolitan Area (millions of chained 2001 dollars),1462,1064,1130,1111,1136,1203
"17980","Columbus, GA-AL (MSA)",103,"Professional and business services",900,Real GDP by Metropolitan Area (millions of chained 2001 dollars),770,774,657,648,744,716
"17980","Columbus, GA-AL (MSA)",104,"Education and health services",900,Real GDP by Metropolitan Area (millions of chained 2001 dollars),518,518,596,625,649,663
"17980","Columbus, GA-AL (MSA)",105,"Leisure and hospitality",900,Real GDP by Metropolitan Area (millions of chained 2001 dollars),241,239,271,284,300,302
"17980","Columbus, GA-AL (MSA)",106,"Information, Communication, and Technology (ICT)",900,Real GDP by Metropolitan Area (millions of chained 2001 dollars),306,397,478,532,573,637
"17980","Columbus, GA-AL (MSA)",108,"Private goods-producing industries",900,Real GDP by Metropolitan Area (millions of chained 2001 dollars),1780,1680,1594,1580,1529,1386
"17980","Columbus, GA-AL (MSA)",109,"Private services-providing industries",900,Real GDP by Metropolitan Area (millions of chained 2001 dollars),4478,4157,4322,4410,4675,4844
"FIPS","Metropolitan Area","Industry Code","Industry","Component Code","Component","2001","2002","2003","2004","2005","2006"
"17980","Columbus, GA-AL (MSA)",1,"Total Gross Domestic Product by Metropolitan Area",1000,Per capita real GDP by Metropolitan Area (chained 2001 dollars),29503,27682,28764,28525,29654,29401
"17980","Columbus, GA-AL (MSA)",2," Private industries",1000,Per capita real GDP by Metropolitan Area (chained 2001 dollars),"n/a","n/a","n/a","n/a","n/a","n/a"
"17980","Columbus, GA-AL (MSA)",3,"   Agriculture, forestry, fishing, and hunting",1000,Per capita real GDP by Metropolitan Area (chained 2001 dollars),"n/a","n/a","n/a","n/a","n/a","n/a"
"17980","Columbus, GA-AL (MSA)",4,"     Crop and animal production (Farms)",1000,Per capita real GDP by Metropolitan Area (chained 2001 dollars),"n/a","n/a","n/a","n/a","n/a","n/a"
"17980","Columbus, GA-AL (MSA)",5,"     Forestry, fishing, and related activities",1000,Per capita real GDP by Metropolitan Area (chained 2001 dollars),"n/a","n/a","n/a","n/a","n/a","n/a"
"17980","Columbus, GA-AL (MSA)",6,"   Mining",1000,Per capita real GDP by Metropolitan Area (chained 2001 dollars),"n/a","n/a","n/a","n/a","n/a","n/a"
"17980","Columbus, GA-AL (MSA)",7,"     Oil and gas extraction",1000,Per capita real GDP by Metropolitan Area (chained 2001 dollars),"n/a","n/a","n/a","n/a","n/a","n/a"
"17980","Columbus, GA-AL (MSA)",8,"     Mining, except oil and gas",1000,Per capita real GDP by Metropolitan Area (chained 2001 dollars),"n/a","n/a","n/a","n/a","n/a","n/a"
"17980","Columbus, GA-AL (MSA)",9,"     Support activities for mining",1000,Per capita real GDP by Metropolitan Area (chained 2001 dollars),"n/a","n/a","n/a","n/a","n/a","n/a"
"17980","Columbus, GA-AL (MSA)",10,"   Utilities",1000,Per capita real GDP by Metropolitan Area (chained 2001 dollars),"n/a","n/a","n/a","n/a","n/a","n/a"
"17980","Columbus, GA-AL (MSA)",11,"   Construction",1000,Per capita real GDP by Metropolitan Area (chained 2001 dollars),"n/a","n/a","n/a","n/a","n/a","n/a"
"17980","Columbus, GA-AL (MSA)",12,"   Manufacturing",1000,Per capita real GDP by Metropolitan Area (chained 2001 dollars),"n/a","n/a","n/a","n/a","n/a","n/a"
"17980","Columbus, GA-AL (MSA)",13,"     Durable goods",1000,Per capita real GDP by Metropolitan Area (chained 2001 dollars),"n/a","n/a","n/a","n/a","n/a","n/a"
"17980","Columbus, GA-AL (MSA)",14,"       Wood product manufacturing",1000,Per capita real GDP by Metropolitan Area (chained 2001 dollars),"n/a","n/a","n/a","n/a","n/a","n/a"
"17980","Columbus, GA-AL (MSA)",15,"       Nonmetallic mineral product manufacturing",1000,Per capita real GDP by Metropolitan Area (chained 2001 dollars),"n/a","n/a","n/a","n/a","n/a","n/a"
"17980","Columbus, GA-AL (MSA)",16,"       Primary metal manufacturing",1000,Per capita real GDP by Metropolitan Area (chained 2001 dollars),"n/a","n/a","n/a","n/a","n/a","n/a"
"17980","Columbus, GA-AL (MSA)",17,"       Fabricated metal product manufacturing",1000,Per capita real GDP by Metropolitan Area (chained 2001 dollars),"n/a","n/a","n/a","n/a","n/a","n/a"
"17980","Columbus, GA-AL (MSA)",18,"       Machinery manufacturing",1000,Per capita real GDP by Metropolitan Area (chained 2001 dollars),"n/a","n/a","n/a","n/a","n/a","n/a"
"17980","Columbus, GA-AL (MSA)",19,"       Computer and electronic product manufacturing",1000,Per capita real GDP by Metropolitan Area (chained 2001 dollars),"n/a","n/a","n/a","n/a","n/a","n/a"
"17980","Columbus, GA-AL (MSA)",20,"       Electrical equipment and appliance manufacturing",1000,Per capita real GDP by Metropolitan Area (chained 2001 dollars),"n/a","n/a","n/a","n/a","n/a","n/a"
"17980","Columbus, GA-AL (MSA)",21,"       Motor vehicle, body, trailer, and parts manufacturing",1000,Per capita real GDP by Metropolitan Area (chained 2001 dollars),"n/a","n/a","n/a","n/a","n/a","n/a"
"17980","Columbus, GA-AL (MSA)",22,"       Other transportation equipment manufacturing",1000,Per capita real GDP by Metropolitan Area (chained 2001 dollars),"n/a","n/a","n/a","n/a","n/a","n/a"
"17980","Columbus, GA-AL (MSA)",23,"       Furniture and related product manufacturing",1000,Per capita real GDP by Metropolitan Area (chained 2001 dollars),"n/a","n/a","n/a","n/a","n/a","n/a"
"17980","Columbus, GA-AL (MSA)",24,"       Miscellaneous manufacturing",1000,Per capita real GDP by Metropolitan Area (chained 2001 dollars),"n/a","n/a","n/a","n/a","n/a","n/a"
"17980","Columbus, GA-AL (MSA)",25,"     Nondurable goods",1000,Per capita real GDP by Metropolitan Area (chained 2001 dollars),"n/a","n/a","n/a","n/a","n/a","n/a"
"17980","Columbus, GA-AL (MSA)",26,"       Food product manufacturing",1000,Per capita real GDP by Metropolitan Area (chained 2001 dollars),"n/a","n/a","n/a","n/a","n/a","n/a"
"17980","Columbus, GA-AL (MSA)",27,"       Textile and textile product mills",1000,Per capita real GDP by Metropolitan Area (chained 2001 dollars),"n/a","n/a","n/a","n/a","n/a","n/a"
"17980","Columbus, GA-AL (MSA)",28,"       Apparel manufacturing",1000,Per capita real GDP by Metropolitan Area (chained 2001 dollars),"n/a","n/a","n/a","n/a","n/a","n/a"
"17980","Columbus, GA-AL (MSA)",29,"       Paper manufacturing",1000,Per capita real GDP by Metropolitan Area (chained 2001 dollars),"n/a","n/a","n/a","n/a","n/a","n/a"
"17980","Columbus, GA-AL (MSA)",30,"       Printing and related support activities",1000,Per capita real GDP by Metropolitan Area (chained 2001 dollars),"n/a","n/a","n/a","n/a","n/a","n/a"
"17980","Columbus, GA-AL (MSA)",31,"       Petroleum and coal products manufacturing",1000,Per capita real GDP by Metropolitan Area (chained 2001 dollars),"n/a","n/a","n/a","n/a","n/a","n/a"
"17980","Columbus, GA-AL (MSA)",32,"       Chemical manufacturing",1000,Per capita real GDP by Metropolitan Area (chained 2001 dollars),"n/a","n/a","n/a","n/a","n/a","n/a"
"17980","Columbus, GA-AL (MSA)",33,"       Plastics and rubber products manufacturing",1000,Per capita real GDP by Metropolitan Area (chained 2001 dollars),"n/a","n/a","n/a","n/a","n/a","n/a"
"17980","Columbus, GA-AL (MSA)",34,"   Wholesale trade",1000,Per capita real GDP by Metropolitan Area (chained 2001 dollars),"n/a","n/a","n/a","n/a","n/a","n/a"
"17980","Columbus, GA-AL (MSA)",35,"   Retail trade",1000,Per capita real GDP by Metropolitan Area (chained 2001 dollars),"n/a","n/a","n/a","n/a","n/a","n/a"
"17980","Columbus, GA-AL (MSA)",36,"   Transportation and warehousing, excluding Postal Service",1000,Per capita real GDP by Metropolitan Area (chained 2001 dollars),"n/a","n/a","n/a","n/a","n/a","n/a"
"17980","Columbus, GA-AL (MSA)",37,"     Air transportation",1000,Per capita real GDP by Metropolitan Area (chained 2001 dollars),"n/a","n/a","n/a","n/a","n/a","n/a"
"17980","Columbus, GA-AL (MSA)",38,"     Rail transportation",1000,Per capita real GDP by Metropolitan Area (chained 2001 dollars),"n/a","n/a","n/a","n/a","n/a","n/a"
"17980","Columbus, GA-AL (MSA)",39,"     Water transportation",1000,Per capita real GDP by Metropolitan Area (chained 2001 dollars),"n/a","n/a","n/a","n/a","n/a","n/a"
"17980","Columbus, GA-AL (MSA)",40,"     Truck transportation",1000,Per capita real GDP by Metropolitan Area (chained 2001 dollars),"n/a","n/a","n/a","n/a","n/a","n/a"
"17980","Columbus, GA-AL (MSA)",41,"     Transit and ground passenger transportation",1000,Per capita real GDP by Metropolitan Area (chained 2001 dollars),"n/a","n/a","n/a","n/a","n/a","n/a"
"17980","Columbus, GA-AL (MSA)",42,"     Pipeline transportation",1000,Per capita real GDP by Metropolitan Area (chained 2001 dollars),"n/a","n/a","n/a","n/a","n/a","n/a"
"17980","Columbus, GA-AL (MSA)",43,"     Other transportation and support activities",1000,Per capita real GDP by Metropolitan Area (chained 2001 dollars),"n/a","n/a","n/a","n/a","n/a","n/a"
"17980","Columbus, GA-AL (MSA)",44,"     Warehousing and storage",1000,Per capita real GDP by Metropolitan Area (chained 2001 dollars),"n/a","n/a","n/a","n/a","n/a","n/a"
"17980","Columbus, GA-AL (MSA)",45,"   Information",1000,Per capita real GDP by Metropolitan Area (chained 2001 dollars),"n/a","n/a","n/a","n/a","n/a","n/a"
"17980","Columbus, GA-AL (MSA)",46,"     Publishing including software",1000,Per capita real GDP by Metropolitan Area (chained 2001 dollars),"n/a","n/a","n/a","n/a","n/a","n/a"
"17980","Columbus, GA-AL (MSA)",47,"     Motion picture and sound recording industries",1000,Per capita real GDP by Metropolitan Area (chained 2001 dollars),"n/a","n/a","n/a","n/a","n/a","n/a"
"17980","Columbus, GA-AL (MSA)",48,"     Broadcasting and telecommunications",1000,Per capita real GDP by Metropolitan Area (chained 2001 dollars),"n/a","n/a","n/a","n/a","n/a","n/a"
"17980","Columbus, GA-AL (MSA)",49,"     Information and data processing services",1000,Per capita real GDP by Metropolitan Area (chained 2001 dollars),"n/a","n/a","n/a","n/a","n/a","n/a"
"17980","Columbus, GA-AL (MSA)",50,"   Finance and insurance",1000,Per capita real GDP by Metropolitan Area (chained 2001 dollars),"n/a","n/a","n/a","n/a","n/a","n/a"
"17980","Columbus, GA-AL (MSA)",51,"     Federal Reserve banks, credit intermediation and related services",1000,Per capita real GDP by Metropolitan Area (chained 2001 dollars),"n/a","n/a","n/a","n/a","n/a","n/a"
"17980","Columbus, GA-AL (MSA)",52,"     Securities, commodity contracts, investments",1000,Per capita real GDP by Metropolitan Area (chained 2001 dollars),"n/a","n/a","n/a","n/a","n/a","n/a"
"17980","Columbus, GA-AL (MSA)",53,"     Insurance carriers and related activities",1000,Per capita real GDP by Metropolitan Area (chained 2001 dollars),"n/a","n/a","n/a","n/a","n/a","n/a"
"17980","Columbus, GA-AL (MSA)",54,"     Funds, trusts, and other financial vehicles",1000,Per capita real GDP by Metropolitan Area (chained 2001 dollars),"n/a","n/a","n/a","n/a","n/a","n/a"
"17980","Columbus, GA-AL (MSA)",55,"   Real estate and rental and leasing",1000,Per capita real GDP by Metropolitan Area (chained 2001 dollars),"n/a","n/a","n/a","n/a","n/a","n/a"
"17980","Columbus, GA-AL (MSA)",56,"     Real estate",1000,Per capita real GDP by Metropolitan Area (chained 2001 dollars),"n/a","n/a","n/a","n/a","n/a","n/a"
"17980","Columbus, GA-AL (MSA)",57,"     Rental and leasing services and lessors of intangible assets",1000,Per capita real GDP by Metropolitan Area (chained 2001 dollars),"n/a","n/a","n/a","n/a","n/a","n/a"
"17980","Columbus, GA-AL (MSA)",58,"   Professional and technical services",1000,Per capita real GDP by Metropolitan Area (chained 2001 dollars),"n/a","n/a","n/a","n/a","n/a","n/a"
"17980","Columbus, GA-AL (MSA)",62,"   Management of companies and enterprises",1000,Per capita real GDP by Metropolitan Area (chained 2001 dollars),"n/a","n/a","n/a","n/a","n/a","n/a"
"17980","Columbus, GA-AL (MSA)",63,"   Administrative and waste services",1000,Per capita real GDP by Metropolitan Area (chained 2001 dollars),"n/a","n/a","n/a","n/a","n/a","n/a"
"17980","Columbus, GA-AL (MSA)",64,"     Administrative and support services",1000,Per capita real GDP by Metropolitan Area (chained 2001 dollars),"n/a","n/a","n/a","n/a","n/a","n/a"
"17980","Columbus, GA-AL (MSA)",65,"     Waste management and remediation services",1000,Per capita real GDP by Metropolitan Area (chained 2001 dollars),"n/a","n/a","n/a","n/a","n/a","n/a"
"17980","Columbus, GA-AL (MSA)",66,"   Educational services",1000,Per capita real GDP by Metropolitan Area (chained 2001 dollars),"n/a","n/a","n/a","n/a","n/a","n/a"
"17980","Columbus, GA-AL (MSA)",67,"   Health care and social assistance",1000,Per capita real GDP by Metropolitan Area (chained 2001 dollars),"n/a","n/a","n/a","n/a","n/a","n/a"
"17980","Columbus, GA-AL (MSA)",68,"     Ambulatory health care services",1000,Per capita real GDP by Metropolitan Area (chained 2001 dollars),"n/a","n/a","n/a","n/a","n/a","n/a"
"17980","Columbus, GA-AL (MSA)",69,"     Hospitals and nursing and residential care facilities",1000,Per capita real GDP by Metropolitan Area (chained 2001 dollars),"n/a","n/a","n/a","n/a","n/a","n/a"
"17980","Columbus, GA-AL (MSA)",70,"     Social assistance",1000,Per capita real GDP by Metropolitan Area (chained 2001 dollars),"n/a","n/a","n/a","n/a","n/a","n/a"
"17980","Columbus, GA-AL (MSA)",71,"   Arts, entertainment, and recreation",1000,Per capita real GDP by Metropolitan Area (chained 2001 dollars),"n/a","n/a","n/a","n/a","n/a","n/a"
"17980","Columbus, GA-AL (MSA)",72,"     Performing arts, museums, and related activities",1000,Per capita real GDP by Metropolitan Area (chained 2001 dollars),"n/a","n/a","n/a","n/a","n/a","n/a"
"17980","Columbus, GA-AL (MSA)",73,"     Amusement, gambling, and recreation",1000,Per capita real GDP by Metropolitan Area (chained 2001 dollars),"n/a","n/a","n/a","n/a","n/a","n/a"
"17980","Columbus, GA-AL (MSA)",74,"   Accommodation and food services",1000,Per capita real GDP by Metropolitan Area (chained 2001 dollars),"n/a","n/a","n/a","n/a","n/a","n/a"
"17980","Columbus, GA-AL (MSA)",75,"     Accommodation",1000,Per capita real GDP by Metropolitan Area (chained 2001 dollars),"n/a","n/a","n/a","n/a","n/a","n/a"
"17980","Columbus, GA-AL (MSA)",76,"     Food services and drinking places",1000,Per capita real GDP by Metropolitan Area (chained 2001 dollars),"n/a","n/a","n/a","n/a","n/a","n/a"
"17980","Columbus, GA-AL (MSA)",77,"   Other services, except government",1000,Per capita real GDP by Metropolitan Area (chained 2001 dollars),"n/a","n/a","n/a","n/a","n/a","n/a"
"17980","Columbus, GA-AL (MSA)",78," Government",1000,Per capita real GDP by Metropolitan Area (chained 2001 dollars),"n/a","n/a","n/a","n/a","n/a","n/a"
"17980","Columbus, GA-AL (MSA)",79,"   Federal civilian",1000,Per capita real GDP by Metropolitan Area (chained 2001 dollars),"n/a","n/a","n/a","n/a","n/a","n/a"
"17980","Columbus, GA-AL (MSA)",80,"   Federal military",1000,Per capita real GDP by Metropolitan Area (chained 2001 dollars),"n/a","n/a","n/a","n/a","n/a","n/a"
"17980","Columbus, GA-AL (MSA)",81,"   State and local",1000,Per capita real GDP by Metropolitan Area (chained 2001 dollars),"n/a","n/a","n/a","n/a","n/a","n/a"
"17980","Columbus, GA-AL (MSA)",99,"Natural resources and mining",1000,Per capita real GDP by Metropolitan Area (chained 2001 dollars),"n/a","n/a","n/a","n/a","n/a","n/a"
"17980","Columbus, GA-AL (MSA)",100,"Trade",1000,Per capita real GDP by Metropolitan Area (chained 2001 dollars),"n/a","n/a","n/a","n/a","n/a","n/a"
"17980","Columbus, GA-AL (MSA)",101,"Transportation and utilities",1000,Per capita real GDP by Metropolitan Area (chained 2001 dollars),"n/a","n/a","n/a","n/a","n/a","n/a"
"17980","Columbus, GA-AL (MSA)",102,"Financial activities",1000,Per capita real GDP by Metropolitan Area (chained 2001 dollars),"n/a","n/a","n/a","n/a","n/a","n/a"
"17980","Columbus, GA-AL (MSA)",103,"Professional and business services",1000,Per capita real GDP by Metropolitan Area (chained 2001 dollars),"n/a","n/a","n/a","n/a","n/a","n/a"
"17980","Columbus, GA-AL (MSA)",104,"Education and health services",1000,Per capita real GDP by Metropolitan Area (chained 2001 dollars),"n/a","n/a","n/a","n/a","n/a","n/a"
"17980","Columbus, GA-AL (MSA)",105,"Leisure and hospitality",1000,Per capita real GDP by Metropolitan Area (chained 2001 dollars),"n/a","n/a","n/a","n/a","n/a","n/a"
"17980","Columbus, GA-AL (MSA)",106,"Information, Communication, and Technology (ICT)",1000,Per capita real GDP by Metropolitan Area (chained 2001 dollars),"n/a","n/a","n/a","n/a","n/a","n/a"
"17980","Columbus, GA-AL (MSA)",108,"Private goods-producing industries",1000,Per capita real GDP by Metropolitan Area (chained 2001 dollars),"n/a","n/a","n/a","n/a","n/a","n/a"
"17980","Columbus, GA-AL (MSA)",109,"Private services-providing industries",1000,Per capita real GDP by Metropolitan Area (chained 2001 dollars),"n/a","n/a","n/a","n/a","n/a","n/a"
Source: Bureau of Economic Analysis, U.S. Department of Commerce
