"FIPS","Metropolitan Area","Industry Code","Industry","Component Code","Component","2001","2002","2003","2004","2005","2006"
"19740","Denver-Aurora, CO (MSA)",1,"Total Gross Domestic Product by Metropolitan Area",200,GDP by Metropolitan Area (millions of current dollars),109152,113380,116193,121916,131509,139600
"19740","Denver-Aurora, CO (MSA)",2," Private industries",200,GDP by Metropolitan Area (millions of current dollars),99584,103000,105345,110602,119684,127176
"19740","Denver-Aurora, CO (MSA)",3,"   Agriculture, forestry, fishing, and hunting",200,GDP by Metropolitan Area (millions of current dollars),"(D)","(D)","(D)","(D)","(D)","(D)"
"19740","Denver-Aurora, CO (MSA)",4,"     Crop and animal production (Farms)",200,GDP by Metropolitan Area (millions of current dollars),65,59,56,95,81,67
"19740","Denver-Aurora, CO (MSA)",5,"     Forestry, fishing, and related activities",200,GDP by Metropolitan Area (millions of current dollars),"(D)","(D)","(D)","(D)","(D)","(D)"
"19740","Denver-Aurora, CO (MSA)",6,"   Mining",200,GDP by Metropolitan Area (millions of current dollars),"(D)","(D)","(D)","(D)","(D)","(D)"
"19740","Denver-Aurora, CO (MSA)",7,"     Oil and gas extraction",200,GDP by Metropolitan Area (millions of current dollars),"(D)","(D)","(D)","(D)","(D)","(D)"
"19740","Denver-Aurora, CO (MSA)",8,"     Mining, except oil and gas",200,GDP by Metropolitan Area (millions of current dollars),"(D)","(D)","(D)","(D)","(D)","(D)"
"19740","Denver-Aurora, CO (MSA)",9,"     Support activities for mining",200,GDP by Metropolitan Area (millions of current dollars),"(D)","(D)","(D)","(D)","(D)","(D)"
"19740","Denver-Aurora, CO (MSA)",10,"   Utilities",200,GDP by Metropolitan Area (millions of current dollars),"(D)","(D)","(D)","(D)","(D)","(D)"
"19740","Denver-Aurora, CO (MSA)",11,"   Construction",200,GDP by Metropolitan Area (millions of current dollars),6329,6393,"(D)","(D)",7055,7352
"19740","Denver-Aurora, CO (MSA)",12,"   Manufacturing",200,GDP by Metropolitan Area (millions of current dollars),"(D)","(D)","(D)","(D)","(D)","(D)"
"19740","Denver-Aurora, CO (MSA)",13,"     Durable goods",200,GDP by Metropolitan Area (millions of current dollars),"(D)","(D)",3276,"(D)","(D)","(D)"
"19740","Denver-Aurora, CO (MSA)",14,"       Wood product manufacturing",200,GDP by Metropolitan Area (millions of current dollars),"(D)","(D)","(D)","(D)","(D)","(D)"
"19740","Denver-Aurora, CO (MSA)",15,"       Nonmetallic mineral product manufacturing",200,GDP by Metropolitan Area (millions of current dollars),"(D)","(D)","(D)","(D)","(D)","(D)"
"19740","Denver-Aurora, CO (MSA)",16,"       Primary metal manufacturing",200,GDP by Metropolitan Area (millions of current dollars),"(D)","(D)","(D)","(D)","(D)","(D)"
"19740","Denver-Aurora, CO (MSA)",17,"       Fabricated metal product manufacturing",200,GDP by Metropolitan Area (millions of current dollars),"(D)","(D)","(D)","(D)","(D)","(D)"
"19740","Denver-Aurora, CO (MSA)",18,"       Machinery manufacturing",200,GDP by Metropolitan Area (millions of current dollars),"(D)","(D)","(D)","(D)","(D)","(D)"
"19740","Denver-Aurora, CO (MSA)",19,"       Computer and electronic product manufacturing",200,GDP by Metropolitan Area (millions of current dollars),"(D)","(D)","(D)","(D)","(D)","(D)"
"19740","Denver-Aurora, CO (MSA)",20,"       Electrical equipment and appliance manufacturing",200,GDP by Metropolitan Area (millions of current dollars),"(D)","(D)","(D)","(D)","(D)","(D)"
"19740","Denver-Aurora, CO (MSA)",21,"       Motor vehicle, body, trailer, and parts manufacturing",200,GDP by Metropolitan Area (millions of current dollars),"(D)","(D)","(D)","(D)","(D)","(D)"
"19740","Denver-Aurora, CO (MSA)",22,"       Other transportation equipment manufacturing",200,GDP by Metropolitan Area (millions of current dollars),"(D)","(D)","(D)","(D)","(D)","(D)"
"19740","Denver-Aurora, CO (MSA)",23,"       Furniture and related product manufacturing",200,GDP by Metropolitan Area (millions of current dollars),149,"(D)","(D)","(D)","(D)","(D)"
"19740","Denver-Aurora, CO (MSA)",24,"       Miscellaneous manufacturing",200,GDP by Metropolitan Area (millions of current dollars),"(D)","(D)","(D)","(D)","(D)","(D)"
"19740","Denver-Aurora, CO (MSA)",25,"     Nondurable goods",200,GDP by Metropolitan Area (millions of current dollars),"(D)","(D)","(D)","(D)","(D)","(D)"
"19740","Denver-Aurora, CO (MSA)",26,"       Food product manufacturing",200,GDP by Metropolitan Area (millions of current dollars),"(D)","(D)","(D)","(D)","(D)","(D)"
"19740","Denver-Aurora, CO (MSA)",27,"       Textile and textile product mills",200,GDP by Metropolitan Area (millions of current dollars),"(D)","(D)","(D)","(D)","(D)","(D)"
"19740","Denver-Aurora, CO (MSA)",28,"       Apparel manufacturing",200,GDP by Metropolitan Area (millions of current dollars),"(D)","(D)","(D)","(D)","(D)","(D)"
"19740","Denver-Aurora, CO (MSA)",29,"       Paper manufacturing",200,GDP by Metropolitan Area (millions of current dollars),"(D)","(D)","(D)","(D)","(D)","(D)"
"19740","Denver-Aurora, CO (MSA)",30,"       Printing and related support activities",200,GDP by Metropolitan Area (millions of current dollars),"(D)","(D)","(D)","(D)",457,"(D)"
"19740","Denver-Aurora, CO (MSA)",31,"       Petroleum and coal products manufacturing",200,GDP by Metropolitan Area (millions of current dollars),"(D)","(D)","(D)","(D)","(D)","(D)"
"19740","Denver-Aurora, CO (MSA)",32,"       Chemical manufacturing",200,GDP by Metropolitan Area (millions of current dollars),"(D)","(D)","(D)","(D)","(D)","(D)"
"19740","Denver-Aurora, CO (MSA)",33,"       Plastics and rubber products manufacturing",200,GDP by Metropolitan Area (millions of current dollars),"(D)","(D)","(D)","(D)","(D)","(D)"
"19740","Denver-Aurora, CO (MSA)",34,"   Wholesale trade",200,GDP by Metropolitan Area (millions of current dollars),"(D)",7679,7645,"(D)","(D)","(D)"
"19740","Denver-Aurora, CO (MSA)",35,"   Retail trade",200,GDP by Metropolitan Area (millions of current dollars),6255,6475,6517,6639,6942,7136
"19740","Denver-Aurora, CO (MSA)",36,"   Transportation and warehousing, excluding Postal Service",200,GDP by Metropolitan Area (millions of current dollars),"(D)","(D)","(D)","(D)","(D)","(D)"
"19740","Denver-Aurora, CO (MSA)",37,"     Air transportation",200,GDP by Metropolitan Area (millions of current dollars),"(D)","(D)","(D)","(D)","(D)","(D)"
"19740","Denver-Aurora, CO (MSA)",38,"     Rail transportation",200,GDP by Metropolitan Area (millions of current dollars),"(D)","(D)","(D)","(D)","(D)","(D)"
"19740","Denver-Aurora, CO (MSA)",39,"     Water transportation",200,GDP by Metropolitan Area (millions of current dollars),"(D)","(D)","(D)","(D)","(D)","(D)"
"19740","Denver-Aurora, CO (MSA)",40,"     Truck transportation",200,GDP by Metropolitan Area (millions of current dollars),"(D)","(D)","(D)","(D)","(D)","(D)"
"19740","Denver-Aurora, CO (MSA)",41,"     Transit and ground passenger transportation",200,GDP by Metropolitan Area (millions of current dollars),"(D)","(D)","(D)","(D)","(D)",160
"19740","Denver-Aurora, CO (MSA)",42,"     Pipeline transportation",200,GDP by Metropolitan Area (millions of current dollars),"(D)","(D)","(D)","(D)","(D)","(D)"
"19740","Denver-Aurora, CO (MSA)",43,"     Other transportation and support activities",200,GDP by Metropolitan Area (millions of current dollars),"(D)","(D)","(D)","(D)","(D)","(D)"
"19740","Denver-Aurora, CO (MSA)",44,"     Warehousing and storage",200,GDP by Metropolitan Area (millions of current dollars),312,"(D)","(D)","(D)",312,327
"19740","Denver-Aurora, CO (MSA)",45,"   Information",200,GDP by Metropolitan Area (millions of current dollars),"(D)","(D)","(D)","(D)","(D)","(D)"
"19740","Denver-Aurora, CO (MSA)",46,"     Publishing including software",200,GDP by Metropolitan Area (millions of current dollars),"(D)","(D)","(D)","(D)","(D)","(D)"
"19740","Denver-Aurora, CO (MSA)",47,"     Motion picture and sound recording industries",200,GDP by Metropolitan Area (millions of current dollars),"(D)","(D)","(D)","(D)","(D)","(D)"
"19740","Denver-Aurora, CO (MSA)",48,"     Broadcasting and telecommunications",200,GDP by Metropolitan Area (millions of current dollars),"(D)","(D)","(D)","(D)","(D)","(D)"
"19740","Denver-Aurora, CO (MSA)",49,"     Information and data processing services",200,GDP by Metropolitan Area (millions of current dollars),"(D)","(D)","(D)","(D)","(D)","(D)"
"19740","Denver-Aurora, CO (MSA)",50,"   Finance and insurance",200,GDP by Metropolitan Area (millions of current dollars),8600,8875,9040,"(D)","(D)","(D)"
"19740","Denver-Aurora, CO (MSA)",51,"     Federal Reserve banks, credit intermediation and related services",200,GDP by Metropolitan Area (millions of current dollars),"(D)","(D)","(D)","(D)","(D)","(D)"
"19740","Denver-Aurora, CO (MSA)",52,"     Securities, commodity contracts, investments",200,GDP by Metropolitan Area (millions of current dollars),"(D)","(D)","(D)","(D)","(D)","(D)"
"19740","Denver-Aurora, CO (MSA)",53,"     Insurance carriers and related activities",200,GDP by Metropolitan Area (millions of current dollars),"(D)","(D)","(D)","(D)","(D)","(D)"
"19740","Denver-Aurora, CO (MSA)",54,"     Funds, trusts, and other financial vehicles",200,GDP by Metropolitan Area (millions of current dollars),"(D)","(D)","(D)","(D)","(D)","(D)"
"19740","Denver-Aurora, CO (MSA)",55,"   Real estate and rental and leasing",200,GDP by Metropolitan Area (millions of current dollars),"(D)",17028,17722,18224,"(D)",19190
"19740","Denver-Aurora, CO (MSA)",56,"     Real estate",200,GDP by Metropolitan Area (millions of current dollars),"(D)","(D)","(D)","(D)","(D)","(D)"
"19740","Denver-Aurora, CO (MSA)",57,"     Rental and leasing services and lessors of intangible assets",200,GDP by Metropolitan Area (millions of current dollars),"(D)","(D)","(D)","(D)","(D)","(D)"
"19740","Denver-Aurora, CO (MSA)",58,"   Professional and technical services",200,GDP by Metropolitan Area (millions of current dollars),"(D)","(D)",9841,10559,11692,12649
"19740","Denver-Aurora, CO (MSA)",62,"   Management of companies and enterprises",200,GDP by Metropolitan Area (millions of current dollars),1576,"(D)","(D)","(D)","(D)","(D)"
"19740","Denver-Aurora, CO (MSA)",63,"   Administrative and waste services",200,GDP by Metropolitan Area (millions of current dollars),"(D)","(D)","(D)","(D)","(D)","(D)"
"19740","Denver-Aurora, CO (MSA)",64,"     Administrative and support services",200,GDP by Metropolitan Area (millions of current dollars),"(D)","(D)","(D)","(D)","(D)","(D)"
"19740","Denver-Aurora, CO (MSA)",65,"     Waste management and remediation services",200,GDP by Metropolitan Area (millions of current dollars),"(D)","(D)","(D)","(D)","(D)","(D)"
"19740","Denver-Aurora, CO (MSA)",66,"   Educational services",200,GDP by Metropolitan Area (millions of current dollars),"(D)","(D)","(D)","(D)","(D)","(D)"
"19740","Denver-Aurora, CO (MSA)",67,"   Health care and social assistance",200,GDP by Metropolitan Area (millions of current dollars),"(D)","(D)","(D)","(D)","(D)","(D)"
"19740","Denver-Aurora, CO (MSA)",68,"     Ambulatory health care services",200,GDP by Metropolitan Area (millions of current dollars),3163,"(D)","(D)","(D)","(D)","(D)"
"19740","Denver-Aurora, CO (MSA)",69,"     Hospitals and nursing and residential care facilities",200,GDP by Metropolitan Area (millions of current dollars),"(D)","(D)","(D)","(D)","(D)","(D)"
"19740","Denver-Aurora, CO (MSA)",70,"     Social assistance",200,GDP by Metropolitan Area (millions of current dollars),"(D)","(D)","(D)","(D)","(D)","(D)"
"19740","Denver-Aurora, CO (MSA)",71,"   Arts, entertainment, and recreation",200,GDP by Metropolitan Area (millions of current dollars),"(D)","(D)",1522,1509,1497,1673
"19740","Denver-Aurora, CO (MSA)",72,"     Performing arts, museums, and related activities",200,GDP by Metropolitan Area (millions of current dollars),"(D)","(D)","(D)","(D)","(D)","(D)"
"19740","Denver-Aurora, CO (MSA)",73,"     Amusement, gambling, and recreation",200,GDP by Metropolitan Area (millions of current dollars),"(D)","(D)","(D)","(D)","(D)","(D)"
"19740","Denver-Aurora, CO (MSA)",74,"   Accommodation and food services",200,GDP by Metropolitan Area (millions of current dollars),"(D)","(D)",2740,2955,3104,3312
"19740","Denver-Aurora, CO (MSA)",75,"     Accommodation",200,GDP by Metropolitan Area (millions of current dollars),"(D)","(D)","(D)","(D)","(D)","(D)"
"19740","Denver-Aurora, CO (MSA)",76,"     Food services and drinking places",200,GDP by Metropolitan Area (millions of current dollars),"(D)","(D)","(D)","(D)","(D)","(D)"
"19740","Denver-Aurora, CO (MSA)",77,"   Other services, except government",200,GDP by Metropolitan Area (millions of current dollars),2399,2497,2642,2700,"(D)",2989
"19740","Denver-Aurora, CO (MSA)",78," Government",200,GDP by Metropolitan Area (millions of current dollars),9568,10380,10848,11314,11825,12424
"19740","Denver-Aurora, CO (MSA)",79,"   Federal civilian",200,GDP by Metropolitan Area (millions of current dollars),2471,2526,2623,2806,2854,2983
"19740","Denver-Aurora, CO (MSA)",80,"   Federal military",200,GDP by Metropolitan Area (millions of current dollars),310,379,458,469,476,493
"19740","Denver-Aurora, CO (MSA)",81,"   State and local",200,GDP by Metropolitan Area (millions of current dollars),6788,7475,7767,8038,8495,8948
"19740","Denver-Aurora, CO (MSA)",99,"Natural resources and mining",200,GDP by Metropolitan Area (millions of current dollars),2078,2096,3639,4670,6894,6788
"19740","Denver-Aurora, CO (MSA)",100,"Trade",200,GDP by Metropolitan Area (millions of current dollars),"(D)",14153,14162,"(D)","(D)","(D)"
"19740","Denver-Aurora, CO (MSA)",101,"Transportation and utilities",200,GDP by Metropolitan Area (millions of current dollars),5140,4942,4889,5154,5192,6272
"19740","Denver-Aurora, CO (MSA)",102,"Financial activities",200,GDP by Metropolitan Area (millions of current dollars),"(D)",25903,26761,"(D)",28768,"(D)"
"19740","Denver-Aurora, CO (MSA)",103,"Professional and business services",200,GDP by Metropolitan Area (millions of current dollars),15567,15680,15953,17132,19148,20574
"19740","Denver-Aurora, CO (MSA)",104,"Education and health services",200,GDP by Metropolitan Area (millions of current dollars),5962,6467,6851,7284,7576,8035
"19740","Denver-Aurora, CO (MSA)",105,"Leisure and hospitality",200,GDP by Metropolitan Area (millions of current dollars),3947,4221,4262,4464,4601,4985
"19740","Denver-Aurora, CO (MSA)",106,"Information, Communication, and Technology (ICT)",200,GDP by Metropolitan Area (millions of current dollars),5698,5961,5652,5857,6244,6821
"19740","Denver-Aurora, CO (MSA)",108,"Private goods-producing industries",200,GDP by Metropolitan Area (millions of current dollars),14810,14969,15647,17404,21186,21789
"19740","Denver-Aurora, CO (MSA)",109,"Private services-providing industries",200,GDP by Metropolitan Area (millions of current dollars),84773,88031,89698,93198,98498,105388
"FIPS","Metropolitan Area","Industry Code","Industry","Component Code","Component","2001","2002","2003","2004","2005","2006"
"19740","Denver-Aurora, CO (MSA)",1,"Total Gross Domestic Product by Metropolitan Area",800,Quantity Indexes for Real GDP by Metropolitan Area (2001=100.000),100.000,102.101,102.223,104.273,108.529,112.091
"19740","Denver-Aurora, CO (MSA)",2," Private industries",800,Quantity Indexes for Real GDP by Metropolitan Area (2001=100.000),100.000,101.959,102.131,104.463,109.160,113.040
"19740","Denver-Aurora, CO (MSA)",3,"   Agriculture, forestry, fishing, and hunting",800,Quantity Indexes for Real GDP by Metropolitan Area (2001=100.000),"(D)","(D)","(D)","(D)","(D)","(D)"
"19740","Denver-Aurora, CO (MSA)",4,"     Crop and animal production (Farms)",800,Quantity Indexes for Real GDP by Metropolitan Area (2001=100.000),100.000,100.271,81.855,116.425,118.530,104.791
"19740","Denver-Aurora, CO (MSA)",5,"     Forestry, fishing, and related activities",800,Quantity Indexes for Real GDP by Metropolitan Area (2001=100.000),"(D)","(D)","(D)","(D)","(D)","(D)"
"19740","Denver-Aurora, CO (MSA)",6,"   Mining",800,Quantity Indexes for Real GDP by Metropolitan Area (2001=100.000),"(D)","(D)","(D)","(D)","(D)","(D)"
"19740","Denver-Aurora, CO (MSA)",7,"     Oil and gas extraction",800,Quantity Indexes for Real GDP by Metropolitan Area (2001=100.000),"(D)","(D)","(D)","(D)","(D)","(D)"
"19740","Denver-Aurora, CO (MSA)",8,"     Mining, except oil and gas",800,Quantity Indexes for Real GDP by Metropolitan Area (2001=100.000),"(D)","(D)","(D)","(D)","(D)","(D)"
"19740","Denver-Aurora, CO (MSA)",9,"     Support activities for mining",800,Quantity Indexes for Real GDP by Metropolitan Area (2001=100.000),"(D)","(D)","(D)","(D)","(D)","(D)"
"19740","Denver-Aurora, CO (MSA)",10,"   Utilities",800,Quantity Indexes for Real GDP by Metropolitan Area (2001=100.000),"(D)","(D)","(D)","(D)","(D)","(D)"
"19740","Denver-Aurora, CO (MSA)",11,"   Construction",800,Quantity Indexes for Real GDP by Metropolitan Area (2001=100.000),100.000,96.412,"(D)","(D)",85.132,80.447
"19740","Denver-Aurora, CO (MSA)",12,"   Manufacturing",800,Quantity Indexes for Real GDP by Metropolitan Area (2001=100.000),"(D)","(D)","(D)","(D)","(D)","(D)"
"19740","Denver-Aurora, CO (MSA)",13,"     Durable goods",800,Quantity Indexes for Real GDP by Metropolitan Area (2001=100.000),"(D)","(D)","(D)","(D)","(D)","(D)"
"19740","Denver-Aurora, CO (MSA)",14,"       Wood product manufacturing",800,Quantity Indexes for Real GDP by Metropolitan Area (2001=100.000),"(D)","(D)","(D)","(D)","(D)","(D)"
"19740","Denver-Aurora, CO (MSA)",15,"       Nonmetallic mineral product manufacturing",800,Quantity Indexes for Real GDP by Metropolitan Area (2001=100.000),"(D)","(D)","(D)","(D)","(D)","(D)"
"19740","Denver-Aurora, CO (MSA)",16,"       Primary metal manufacturing",800,Quantity Indexes for Real GDP by Metropolitan Area (2001=100.000),"(D)","(D)","(D)","(D)","(D)","(D)"
"19740","Denver-Aurora, CO (MSA)",17,"       Fabricated metal product manufacturing",800,Quantity Indexes for Real GDP by Metropolitan Area (2001=100.000),"(D)","(D)","(D)","(D)","(D)","(D)"
"19740","Denver-Aurora, CO (MSA)",18,"       Machinery manufacturing",800,Quantity Indexes for Real GDP by Metropolitan Area (2001=100.000),"(D)","(D)","(D)","(D)","(D)","(D)"
"19740","Denver-Aurora, CO (MSA)",19,"       Computer and electronic product manufacturing",800,Quantity Indexes for Real GDP by Metropolitan Area (2001=100.000),"(D)","(D)","(D)","(D)","(D)","(D)"
"19740","Denver-Aurora, CO (MSA)",20,"       Electrical equipment and appliance manufacturing",800,Quantity Indexes for Real GDP by Metropolitan Area (2001=100.000),"(D)","(D)","(D)","(D)","(D)","(D)"
"19740","Denver-Aurora, CO (MSA)",21,"       Motor vehicle, body, trailer, and parts manufacturing",800,Quantity Indexes for Real GDP by Metropolitan Area (2001=100.000),"(D)","(D)","(D)","(D)","(D)","(D)"
"19740","Denver-Aurora, CO (MSA)",22,"       Other transportation equipment manufacturing",800,Quantity Indexes for Real GDP by Metropolitan Area (2001=100.000),"(D)","(D)","(D)","(D)","(D)","(D)"
"19740","Denver-Aurora, CO (MSA)",23,"       Furniture and related product manufacturing",800,Quantity Indexes for Real GDP by Metropolitan Area (2001=100.000),100.000,"(D)","(D)","(D)","(D)","(D)"
"19740","Denver-Aurora, CO (MSA)",24,"       Miscellaneous manufacturing",800,Quantity Indexes for Real GDP by Metropolitan Area (2001=100.000),"(D)","(D)","(D)","(D)","(D)","(D)"
"19740","Denver-Aurora, CO (MSA)",25,"     Nondurable goods",800,Quantity Indexes for Real GDP by Metropolitan Area (2001=100.000),"(D)","(D)","(D)","(D)","(D)","(D)"
"19740","Denver-Aurora, CO (MSA)",26,"       Food product manufacturing",800,Quantity Indexes for Real GDP by Metropolitan Area (2001=100.000),"(D)","(D)","(D)","(D)","(D)","(D)"
"19740","Denver-Aurora, CO (MSA)",27,"       Textile and textile product mills",800,Quantity Indexes for Real GDP by Metropolitan Area (2001=100.000),"(D)","(D)","(D)","(D)","(D)","(D)"
"19740","Denver-Aurora, CO (MSA)",28,"       Apparel manufacturing",800,Quantity Indexes for Real GDP by Metropolitan Area (2001=100.000),"(D)","(D)","(D)","(D)","(D)","(D)"
"19740","Denver-Aurora, CO (MSA)",29,"       Paper manufacturing",800,Quantity Indexes for Real GDP by Metropolitan Area (2001=100.000),"(D)","(D)","(D)","(D)","(D)","(D)"
"19740","Denver-Aurora, CO (MSA)",30,"       Printing and related support activities",800,Quantity Indexes for Real GDP by Metropolitan Area (2001=100.000),"(D)","(D)","(D)","(D)","(D)","(D)"
"19740","Denver-Aurora, CO (MSA)",31,"       Petroleum and coal products manufacturing",800,Quantity Indexes for Real GDP by Metropolitan Area (2001=100.000),"(D)","(D)","(D)","(D)","(D)","(D)"
"19740","Denver-Aurora, CO (MSA)",32,"       Chemical manufacturing",800,Quantity Indexes for Real GDP by Metropolitan Area (2001=100.000),"(D)","(D)","(D)","(D)","(D)","(D)"
"19740","Denver-Aurora, CO (MSA)",33,"       Plastics and rubber products manufacturing",800,Quantity Indexes for Real GDP by Metropolitan Area (2001=100.000),"(D)","(D)","(D)","(D)","(D)","(D)"
"19740","Denver-Aurora, CO (MSA)",34,"   Wholesale trade",800,Quantity Indexes for Real GDP by Metropolitan Area (2001=100.000),"(D)","(D)","(D)","(D)","(D)","(D)"
"19740","Denver-Aurora, CO (MSA)",35,"   Retail trade",800,Quantity Indexes for Real GDP by Metropolitan Area (2001=100.000),100.000,101.636,101.788,102.916,109.166,112.907
"19740","Denver-Aurora, CO (MSA)",36,"   Transportation and warehousing, excluding Postal Service",800,Quantity Indexes for Real GDP by Metropolitan Area (2001=100.000),"(D)","(D)","(D)","(D)","(D)","(D)"
"19740","Denver-Aurora, CO (MSA)",37,"     Air transportation",800,Quantity Indexes for Real GDP by Metropolitan Area (2001=100.000),"(D)","(D)","(D)","(D)","(D)","(D)"
"19740","Denver-Aurora, CO (MSA)",38,"     Rail transportation",800,Quantity Indexes for Real GDP by Metropolitan Area (2001=100.000),"(D)","(D)","(D)","(D)","(D)","(D)"
"19740","Denver-Aurora, CO (MSA)",39,"     Water transportation",800,Quantity Indexes for Real GDP by Metropolitan Area (2001=100.000),"(D)","(D)","(D)","(D)","(D)","(D)"
"19740","Denver-Aurora, CO (MSA)",40,"     Truck transportation",800,Quantity Indexes for Real GDP by Metropolitan Area (2001=100.000),"(D)","(D)","(D)","(D)","(D)","(D)"
"19740","Denver-Aurora, CO (MSA)",41,"     Transit and ground passenger transportation",800,Quantity Indexes for Real GDP by Metropolitan Area (2001=100.000),"(D)","(D)","(D)","(D)","(D)","(D)"
"19740","Denver-Aurora, CO (MSA)",42,"     Pipeline transportation",800,Quantity Indexes for Real GDP by Metropolitan Area (2001=100.000),"(D)","(D)","(D)","(D)","(D)","(D)"
"19740","Denver-Aurora, CO (MSA)",43,"     Other transportation and support activities",800,Quantity Indexes for Real GDP by Metropolitan Area (2001=100.000),"(D)","(D)","(D)","(D)","(D)","(D)"
"19740","Denver-Aurora, CO (MSA)",44,"     Warehousing and storage",800,Quantity Indexes for Real GDP by Metropolitan Area (2001=100.000),100.000,"(D)","(D)","(D)",93.673,96.370
"19740","Denver-Aurora, CO (MSA)",45,"   Information",800,Quantity Indexes for Real GDP by Metropolitan Area (2001=100.000),"(D)","(D)","(D)","(D)","(D)","(D)"
"19740","Denver-Aurora, CO (MSA)",46,"     Publishing including software",800,Quantity Indexes for Real GDP by Metropolitan Area (2001=100.000),"(D)","(D)","(D)","(D)","(D)","(D)"
"19740","Denver-Aurora, CO (MSA)",47,"     Motion picture and sound recording industries",800,Quantity Indexes for Real GDP by Metropolitan Area (2001=100.000),"(D)","(D)","(D)","(D)","(D)","(D)"
"19740","Denver-Aurora, CO (MSA)",48,"     Broadcasting and telecommunications",800,Quantity Indexes for Real GDP by Metropolitan Area (2001=100.000),"(D)","(D)","(D)","(D)","(D)","(D)"
"19740","Denver-Aurora, CO (MSA)",49,"     Information and data processing services",800,Quantity Indexes for Real GDP by Metropolitan Area (2001=100.000),"(D)","(D)","(D)","(D)","(D)","(D)"
"19740","Denver-Aurora, CO (MSA)",50,"   Finance and insurance",800,Quantity Indexes for Real GDP by Metropolitan Area (2001=100.000),100.000,100.148,100.860,"(D)","(D)","(D)"
"19740","Denver-Aurora, CO (MSA)",51,"     Federal Reserve banks, credit intermediation and related services",800,Quantity Indexes for Real GDP by Metropolitan Area (2001=100.000),"(D)","(D)","(D)","(D)","(D)","(D)"
"19740","Denver-Aurora, CO (MSA)",52,"     Securities, commodity contracts, investments",800,Quantity Indexes for Real GDP by Metropolitan Area (2001=100.000),"(D)","(D)","(D)","(D)","(D)","(D)"
"19740","Denver-Aurora, CO (MSA)",53,"     Insurance carriers and related activities",800,Quantity Indexes for Real GDP by Metropolitan Area (2001=100.000),"(D)","(D)","(D)","(D)","(D)","(D)"
"19740","Denver-Aurora, CO (MSA)",54,"     Funds, trusts, and other financial vehicles",800,Quantity Indexes for Real GDP by Metropolitan Area (2001=100.000),"(D)","(D)","(D)","(D)","(D)","(D)"
"19740","Denver-Aurora, CO (MSA)",55,"   Real estate and rental and leasing",800,Quantity Indexes for Real GDP by Metropolitan Area (2001=100.000),"(D)","(D)","(D)","(D)","(D)","(D)"
"19740","Denver-Aurora, CO (MSA)",56,"     Real estate",800,Quantity Indexes for Real GDP by Metropolitan Area (2001=100.000),"(D)","(D)","(D)","(D)","(D)","(D)"
"19740","Denver-Aurora, CO (MSA)",57,"     Rental and leasing services and lessors of intangible assets",800,Quantity Indexes for Real GDP by Metropolitan Area (2001=100.000),"(D)","(D)","(D)","(D)","(D)","(D)"
"19740","Denver-Aurora, CO (MSA)",58,"   Professional and technical services",800,Quantity Indexes for Real GDP by Metropolitan Area (2001=100.000),"(D)","(D)","(D)","(D)","(D)","(D)"
"19740","Denver-Aurora, CO (MSA)",62,"   Management of companies and enterprises",800,Quantity Indexes for Real GDP by Metropolitan Area (2001=100.000),100.000,"(D)","(D)","(D)","(D)","(D)"
"19740","Denver-Aurora, CO (MSA)",63,"   Administrative and waste services",800,Quantity Indexes for Real GDP by Metropolitan Area (2001=100.000),"(D)","(D)","(D)","(D)","(D)","(D)"
"19740","Denver-Aurora, CO (MSA)",64,"     Administrative and support services",800,Quantity Indexes for Real GDP by Metropolitan Area (2001=100.000),"(D)","(D)","(D)","(D)","(D)","(D)"
"19740","Denver-Aurora, CO (MSA)",65,"     Waste management and remediation services",800,Quantity Indexes for Real GDP by Metropolitan Area (2001=100.000),"(D)","(D)","(D)","(D)","(D)","(D)"
"19740","Denver-Aurora, CO (MSA)",66,"   Educational services",800,Quantity Indexes for Real GDP by Metropolitan Area (2001=100.000),"(D)","(D)","(D)","(D)","(D)","(D)"
"19740","Denver-Aurora, CO (MSA)",67,"   Health care and social assistance",800,Quantity Indexes for Real GDP by Metropolitan Area (2001=100.000),"(D)","(D)","(D)","(D)","(D)","(D)"
"19740","Denver-Aurora, CO (MSA)",68,"     Ambulatory health care services",800,Quantity Indexes for Real GDP by Metropolitan Area (2001=100.000),100.000,"(D)","(D)","(D)","(D)","(D)"
"19740","Denver-Aurora, CO (MSA)",69,"     Hospitals and nursing and residential care facilities",800,Quantity Indexes for Real GDP by Metropolitan Area (2001=100.000),"(D)","(D)","(D)","(D)","(D)","(D)"
"19740","Denver-Aurora, CO (MSA)",70,"     Social assistance",800,Quantity Indexes for Real GDP by Metropolitan Area (2001=100.000),"(D)","(D)","(D)","(D)","(D)","(D)"
"19740","Denver-Aurora, CO (MSA)",71,"   Arts, entertainment, and recreation",800,Quantity Indexes for Real GDP by Metropolitan Area (2001=100.000),"(D)","(D)","(D)","(D)","(D)","(D)"
"19740","Denver-Aurora, CO (MSA)",72,"     Performing arts, museums, and related activities",800,Quantity Indexes for Real GDP by Metropolitan Area (2001=100.000),"(D)","(D)","(D)","(D)","(D)","(D)"
"19740","Denver-Aurora, CO (MSA)",73,"     Amusement, gambling, and recreation",800,Quantity Indexes for Real GDP by Metropolitan Area (2001=100.000),"(D)","(D)","(D)","(D)","(D)","(D)"
"19740","Denver-Aurora, CO (MSA)",74,"   Accommodation and food services",800,Quantity Indexes for Real GDP by Metropolitan Area (2001=100.000),"(D)","(D)","(D)","(D)","(D)","(D)"
"19740","Denver-Aurora, CO (MSA)",75,"     Accommodation",800,Quantity Indexes for Real GDP by Metropolitan Area (2001=100.000),"(D)","(D)","(D)","(D)","(D)","(D)"
"19740","Denver-Aurora, CO (MSA)",76,"     Food services and drinking places",800,Quantity Indexes for Real GDP by Metropolitan Area (2001=100.000),"(D)","(D)","(D)","(D)","(D)","(D)"
"19740","Denver-Aurora, CO (MSA)",77,"   Other services, except government",800,Quantity Indexes for Real GDP by Metropolitan Area (2001=100.000),100.000,99.854,102.536,101.675,"(D)",101.475
"19740","Denver-Aurora, CO (MSA)",78," Government",800,Quantity Indexes for Real GDP by Metropolitan Area (2001=100.000),100.000,103.554,103.181,102.503,102.538,103.100
"19740","Denver-Aurora, CO (MSA)",79,"   Federal civilian",800,Quantity Indexes for Real GDP by Metropolitan Area (2001=100.000),100.000,96.016,94.543,94.336,92.054,92.485
"19740","Denver-Aurora, CO (MSA)",80,"   Federal military",800,Quantity Indexes for Real GDP by Metropolitan Area (2001=100.000),100.000,112.767,125.627,120.704,113.056,110.624
"19740","Denver-Aurora, CO (MSA)",81,"   State and local",800,Quantity Indexes for Real GDP by Metropolitan Area (2001=100.000),100.000,105.901,105.297,104.652,105.980,106.752
"19740","Denver-Aurora, CO (MSA)",99,"Natural resources and mining",800,Quantity Indexes for Real GDP by Metropolitan Area (2001=100.000),100.000,109.151,132.058,138.726,148.516,137.670
"19740","Denver-Aurora, CO (MSA)",100,"Trade",800,Quantity Indexes for Real GDP by Metropolitan Area (2001=100.000),"(D)","(D)","(D)","(D)","(D)","(D)"
"19740","Denver-Aurora, CO (MSA)",101,"Transportation and utilities",800,Quantity Indexes for Real GDP by Metropolitan Area (2001=100.000),100.000,99.024,97.610,104.851,105.975,120.861
"19740","Denver-Aurora, CO (MSA)",102,"Financial activities",800,Quantity Indexes for Real GDP by Metropolitan Area (2001=100.000),"(D)","(D)","(D)","(D)","(D)","(D)"
"19740","Denver-Aurora, CO (MSA)",103,"Professional and business services",800,Quantity Indexes for Real GDP by Metropolitan Area (2001=100.000),100.000,98.740,100.167,104.989,112.929,117.400
"19740","Denver-Aurora, CO (MSA)",104,"Education and health services",800,Quantity Indexes for Real GDP by Metropolitan Area (2001=100.000),100.000,104.955,108.471,111.710,112.925,116.871
"19740","Denver-Aurora, CO (MSA)",105,"Leisure and hospitality",800,Quantity Indexes for Real GDP by Metropolitan Area (2001=100.000),100.000,102.895,102.279,103.895,103.475,107.956
"19740","Denver-Aurora, CO (MSA)",106,"Information, Communication, and Technology (ICT)",800,Quantity Indexes for Real GDP by Metropolitan Area (2001=100.000),100.000,105.974,103.822,112.283,121.657,134.190
"19740","Denver-Aurora, CO (MSA)",108,"Private goods-producing industries",800,Quantity Indexes for Real GDP by Metropolitan Area (2001=100.000),100.000,100.283,96.409,99.296,104.899,101.757
"19740","Denver-Aurora, CO (MSA)",109,"Private services-providing industries",800,Quantity Indexes for Real GDP by Metropolitan Area (2001=100.000),100.000,102.251,103.143,105.366,109.864,115.351
"FIPS","Metropolitan Area","Industry Code","Industry","Component Code","Component","2001","2002","2003","2004","2005","2006"
"19740","Denver-Aurora, CO (MSA)",1,"Total Gross Domestic Product by Metropolitan Area",900,Real GDP by Metropolitan Area (millions of chained 2001 dollars),109152,111445,111578,113816,118461,122350
"19740","Denver-Aurora, CO (MSA)",2," Private industries",900,Real GDP by Metropolitan Area (millions of chained 2001 dollars),99584,101534,101706,104028,108706,112570
"19740","Denver-Aurora, CO (MSA)",3,"   Agriculture, forestry, fishing, and hunting",900,Real GDP by Metropolitan Area (millions of chained 2001 dollars),"(D)","(D)","(D)","(D)","(D)","(D)"
"19740","Denver-Aurora, CO (MSA)",4,"     Crop and animal production (Farms)",900,Real GDP by Metropolitan Area (millions of chained 2001 dollars),65,65,53,76,77,68
"19740","Denver-Aurora, CO (MSA)",5,"     Forestry, fishing, and related activities",900,Real GDP by Metropolitan Area (millions of chained 2001 dollars),"(D)","(D)","(D)","(D)","(D)","(D)"
"19740","Denver-Aurora, CO (MSA)",6,"   Mining",900,Real GDP by Metropolitan Area (millions of chained 2001 dollars),"(D)","(D)","(D)","(D)","(D)","(D)"
"19740","Denver-Aurora, CO (MSA)",7,"     Oil and gas extraction",900,Real GDP by Metropolitan Area (millions of chained 2001 dollars),"(D)","(D)","(D)","(D)","(D)","(D)"
"19740","Denver-Aurora, CO (MSA)",8,"     Mining, except oil and gas",900,Real GDP by Metropolitan Area (millions of chained 2001 dollars),"(D)","(D)","(D)","(D)","(D)","(D)"
"19740","Denver-Aurora, CO (MSA)",9,"     Support activities for mining",900,Real GDP by Metropolitan Area (millions of chained 2001 dollars),"(D)","(D)","(D)","(D)","(D)","(D)"
"19740","Denver-Aurora, CO (MSA)",10,"   Utilities",900,Real GDP by Metropolitan Area (millions of chained 2001 dollars),"(D)","(D)","(D)","(D)","(D)","(D)"
"19740","Denver-Aurora, CO (MSA)",11,"   Construction",900,Real GDP by Metropolitan Area (millions of chained 2001 dollars),6329,6102,"(D)","(D)",5388,5091
"19740","Denver-Aurora, CO (MSA)",12,"   Manufacturing",900,Real GDP by Metropolitan Area (millions of chained 2001 dollars),"(D)","(D)","(D)","(D)","(D)","(D)"
"19740","Denver-Aurora, CO (MSA)",13,"     Durable goods",900,Real GDP by Metropolitan Area (millions of chained 2001 dollars),"(D)","(D)",3366,"(D)","(D)","(D)"
"19740","Denver-Aurora, CO (MSA)",14,"       Wood product manufacturing",900,Real GDP by Metropolitan Area (millions of chained 2001 dollars),"(D)","(D)","(D)","(D)","(D)","(D)"
"19740","Denver-Aurora, CO (MSA)",15,"       Nonmetallic mineral product manufacturing",900,Real GDP by Metropolitan Area (millions of chained 2001 dollars),"(D)","(D)","(D)","(D)","(D)","(D)"
"19740","Denver-Aurora, CO (MSA)",16,"       Primary metal manufacturing",900,Real GDP by Metropolitan Area (millions of chained 2001 dollars),"(D)","(D)","(D)","(D)","(D)","(D)"
"19740","Denver-Aurora, CO (MSA)",17,"       Fabricated metal product manufacturing",900,Real GDP by Metropolitan Area (millions of chained 2001 dollars),"(D)","(D)","(D)","(D)","(D)","(D)"
"19740","Denver-Aurora, CO (MSA)",18,"       Machinery manufacturing",900,Real GDP by Metropolitan Area (millions of chained 2001 dollars),"(D)","(D)","(D)","(D)","(D)","(D)"
"19740","Denver-Aurora, CO (MSA)",19,"       Computer and electronic product manufacturing",900,Real GDP by Metropolitan Area (millions of chained 2001 dollars),"(D)","(D)","(D)","(D)","(D)","(D)"
"19740","Denver-Aurora, CO (MSA)",20,"       Electrical equipment and appliance manufacturing",900,Real GDP by Metropolitan Area (millions of chained 2001 dollars),"(D)","(D)","(D)","(D)","(D)","(D)"
"19740","Denver-Aurora, CO (MSA)",21,"       Motor vehicle, body, trailer, and parts manufacturing",900,Real GDP by Metropolitan Area (millions of chained 2001 dollars),"(D)","(D)","(D)","(D)","(D)","(D)"
"19740","Denver-Aurora, CO (MSA)",22,"       Other transportation equipment manufacturing",900,Real GDP by Metropolitan Area (millions of chained 2001 dollars),"(D)","(D)","(D)","(D)","(D)","(D)"
"19740","Denver-Aurora, CO (MSA)",23,"       Furniture and related product manufacturing",900,Real GDP by Metropolitan Area (millions of chained 2001 dollars),149,"(D)","(D)","(D)","(D)","(D)"
"19740","Denver-Aurora, CO (MSA)",24,"       Miscellaneous manufacturing",900,Real GDP by Metropolitan Area (millions of chained 2001 dollars),"(D)","(D)","(D)","(D)","(D)","(D)"
"19740","Denver-Aurora, CO (MSA)",25,"     Nondurable goods",900,Real GDP by Metropolitan Area (millions of chained 2001 dollars),"(D)","(D)","(D)","(D)","(D)","(D)"
"19740","Denver-Aurora, CO (MSA)",26,"       Food product manufacturing",900,Real GDP by Metropolitan Area (millions of chained 2001 dollars),"(D)","(D)","(D)","(D)","(D)","(D)"
"19740","Denver-Aurora, CO (MSA)",27,"       Textile and textile product mills",900,Real GDP by Metropolitan Area (millions of chained 2001 dollars),"(D)","(D)","(D)","(D)","(D)","(D)"
"19740","Denver-Aurora, CO (MSA)",28,"       Apparel manufacturing",900,Real GDP by Metropolitan Area (millions of chained 2001 dollars),"(D)","(D)","(D)","(D)","(D)","(D)"
"19740","Denver-Aurora, CO (MSA)",29,"       Paper manufacturing",900,Real GDP by Metropolitan Area (millions of chained 2001 dollars),"(D)","(D)","(D)","(D)","(D)","(D)"
"19740","Denver-Aurora, CO (MSA)",30,"       Printing and related support activities",900,Real GDP by Metropolitan Area (millions of chained 2001 dollars),"(D)","(D)","(D)","(D)",465,"(D)"
"19740","Denver-Aurora, CO (MSA)",31,"       Petroleum and coal products manufacturing",900,Real GDP by Metropolitan Area (millions of chained 2001 dollars),"(D)","(D)","(D)","(D)","(D)","(D)"
"19740","Denver-Aurora, CO (MSA)",32,"       Chemical manufacturing",900,Real GDP by Metropolitan Area (millions of chained 2001 dollars),"(D)","(D)","(D)","(D)","(D)","(D)"
"19740","Denver-Aurora, CO (MSA)",33,"       Plastics and rubber products manufacturing",900,Real GDP by Metropolitan Area (millions of chained 2001 dollars),"(D)","(D)","(D)","(D)","(D)","(D)"
"19740","Denver-Aurora, CO (MSA)",34,"   Wholesale trade",900,Real GDP by Metropolitan Area (millions of chained 2001 dollars),"(D)",7650,7515,"(D)","(D)","(D)"
"19740","Denver-Aurora, CO (MSA)",35,"   Retail trade",900,Real GDP by Metropolitan Area (millions of chained 2001 dollars),6255,6358,6367,6438,6829,7063
"19740","Denver-Aurora, CO (MSA)",36,"   Transportation and warehousing, excluding Postal Service",900,Real GDP by Metropolitan Area (millions of chained 2001 dollars),"(D)","(D)","(D)","(D)","(D)","(D)"
"19740","Denver-Aurora, CO (MSA)",37,"     Air transportation",900,Real GDP by Metropolitan Area (millions of chained 2001 dollars),"(D)","(D)","(D)","(D)","(D)","(D)"
"19740","Denver-Aurora, CO (MSA)",38,"     Rail transportation",900,Real GDP by Metropolitan Area (millions of chained 2001 dollars),"(D)","(D)","(D)","(D)","(D)","(D)"
"19740","Denver-Aurora, CO (MSA)",39,"     Water transportation",900,Real GDP by Metropolitan Area (millions of chained 2001 dollars),"(D)","(D)","(D)","(D)","(D)","(D)"
"19740","Denver-Aurora, CO (MSA)",40,"     Truck transportation",900,Real GDP by Metropolitan Area (millions of chained 2001 dollars),"(D)","(D)","(D)","(D)","(D)","(D)"
"19740","Denver-Aurora, CO (MSA)",41,"     Transit and ground passenger transportation",900,Real GDP by Metropolitan Area (millions of chained 2001 dollars),"(D)","(D)","(D)","(D)","(D)",140
"19740","Denver-Aurora, CO (MSA)",42,"     Pipeline transportation",900,Real GDP by Metropolitan Area (millions of chained 2001 dollars),"(D)","(D)","(D)","(D)","(D)","(D)"
"19740","Denver-Aurora, CO (MSA)",43,"     Other transportation and support activities",900,Real GDP by Metropolitan Area (millions of chained 2001 dollars),"(D)","(D)","(D)","(D)","(D)","(D)"
"19740","Denver-Aurora, CO (MSA)",44,"     Warehousing and storage",900,Real GDP by Metropolitan Area (millions of chained 2001 dollars),312,"(D)","(D)","(D)",292,301
"19740","Denver-Aurora, CO (MSA)",45,"   Information",900,Real GDP by Metropolitan Area (millions of chained 2001 dollars),"(D)","(D)","(D)","(D)","(D)","(D)"
"19740","Denver-Aurora, CO (MSA)",46,"     Publishing including software",900,Real GDP by Metropolitan Area (millions of chained 2001 dollars),"(D)","(D)","(D)","(D)","(D)","(D)"
"19740","Denver-Aurora, CO (MSA)",47,"     Motion picture and sound recording industries",900,Real GDP by Metropolitan Area (millions of chained 2001 dollars),"(D)","(D)","(D)","(D)","(D)","(D)"
"19740","Denver-Aurora, CO (MSA)",48,"     Broadcasting and telecommunications",900,Real GDP by Metropolitan Area (millions of chained 2001 dollars),"(D)","(D)","(D)","(D)","(D)","(D)"
"19740","Denver-Aurora, CO (MSA)",49,"     Information and data processing services",900,Real GDP by Metropolitan Area (millions of chained 2001 dollars),"(D)","(D)","(D)","(D)","(D)","(D)"
"19740","Denver-Aurora, CO (MSA)",50,"   Finance and insurance",900,Real GDP by Metropolitan Area (millions of chained 2001 dollars),8600,8613,8674,"(D)","(D)","(D)"
"19740","Denver-Aurora, CO (MSA)",51,"     Federal Reserve banks, credit intermediation and related services",900,Real GDP by Metropolitan Area (millions of chained 2001 dollars),"(D)","(D)","(D)","(D)","(D)","(D)"
"19740","Denver-Aurora, CO (MSA)",52,"     Securities, commodity contracts, investments",900,Real GDP by Metropolitan Area (millions of chained 2001 dollars),"(D)","(D)","(D)","(D)","(D)","(D)"
"19740","Denver-Aurora, CO (MSA)",53,"     Insurance carriers and related activities",900,Real GDP by Metropolitan Area (millions of chained 2001 dollars),"(D)","(D)","(D)","(D)","(D)","(D)"
"19740","Denver-Aurora, CO (MSA)",54,"     Funds, trusts, and other financial vehicles",900,Real GDP by Metropolitan Area (millions of chained 2001 dollars),"(D)","(D)","(D)","(D)","(D)","(D)"
"19740","Denver-Aurora, CO (MSA)",55,"   Real estate and rental and leasing",900,Real GDP by Metropolitan Area (millions of chained 2001 dollars),"(D)",16489,16682,16759,"(D)",16781
"19740","Denver-Aurora, CO (MSA)",56,"     Real estate",900,Real GDP by Metropolitan Area (millions of chained 2001 dollars),"(D)","(D)","(D)","(D)","(D)","(D)"
"19740","Denver-Aurora, CO (MSA)",57,"     Rental and leasing services and lessors of intangible assets",900,Real GDP by Metropolitan Area (millions of chained 2001 dollars),"(D)","(D)","(D)","(D)","(D)","(D)"
"19740","Denver-Aurora, CO (MSA)",58,"   Professional and technical services",900,Real GDP by Metropolitan Area (millions of chained 2001 dollars),"(D)","(D)",9682,10412,11230,11884
"19740","Denver-Aurora, CO (MSA)",62,"   Management of companies and enterprises",900,Real GDP by Metropolitan Area (millions of chained 2001 dollars),1576,"(D)","(D)","(D)","(D)","(D)"
"19740","Denver-Aurora, CO (MSA)",63,"   Administrative and waste services",900,Real GDP by Metropolitan Area (millions of chained 2001 dollars),"(D)","(D)","(D)","(D)","(D)","(D)"
"19740","Denver-Aurora, CO (MSA)",64,"     Administrative and support services",900,Real GDP by Metropolitan Area (millions of chained 2001 dollars),"(D)","(D)","(D)","(D)","(D)","(D)"
"19740","Denver-Aurora, CO (MSA)",65,"     Waste management and remediation services",900,Real GDP by Metropolitan Area (millions of chained 2001 dollars),"(D)","(D)","(D)","(D)","(D)","(D)"
"19740","Denver-Aurora, CO (MSA)",66,"   Educational services",900,Real GDP by Metropolitan Area (millions of chained 2001 dollars),"(D)","(D)","(D)","(D)","(D)","(D)"
"19740","Denver-Aurora, CO (MSA)",67,"   Health care and social assistance",900,Real GDP by Metropolitan Area (millions of chained 2001 dollars),"(D)","(D)","(D)","(D)","(D)","(D)"
"19740","Denver-Aurora, CO (MSA)",68,"     Ambulatory health care services",900,Real GDP by Metropolitan Area (millions of chained 2001 dollars),3163,"(D)","(D)","(D)","(D)","(D)"
"19740","Denver-Aurora, CO (MSA)",69,"     Hospitals and nursing and residential care facilities",900,Real GDP by Metropolitan Area (millions of chained 2001 dollars),"(D)","(D)","(D)","(D)","(D)","(D)"
"19740","Denver-Aurora, CO (MSA)",70,"     Social assistance",900,Real GDP by Metropolitan Area (millions of chained 2001 dollars),"(D)","(D)","(D)","(D)","(D)","(D)"
"19740","Denver-Aurora, CO (MSA)",71,"   Arts, entertainment, and recreation",900,Real GDP by Metropolitan Area (millions of chained 2001 dollars),"(D)","(D)",1432,1377,1320,1426
"19740","Denver-Aurora, CO (MSA)",72,"     Performing arts, museums, and related activities",900,Real GDP by Metropolitan Area (millions of chained 2001 dollars),"(D)","(D)","(D)","(D)","(D)","(D)"
"19740","Denver-Aurora, CO (MSA)",73,"     Amusement, gambling, and recreation",900,Real GDP by Metropolitan Area (millions of chained 2001 dollars),"(D)","(D)","(D)","(D)","(D)","(D)"
"19740","Denver-Aurora, CO (MSA)",74,"   Accommodation and food services",900,Real GDP by Metropolitan Area (millions of chained 2001 dollars),"(D)","(D)",2605,2725,2765,2836
"19740","Denver-Aurora, CO (MSA)",75,"     Accommodation",900,Real GDP by Metropolitan Area (millions of chained 2001 dollars),"(D)","(D)","(D)","(D)","(D)","(D)"
"19740","Denver-Aurora, CO (MSA)",76,"     Food services and drinking places",900,Real GDP by Metropolitan Area (millions of chained 2001 dollars),"(D)","(D)","(D)","(D)","(D)","(D)"
"19740","Denver-Aurora, CO (MSA)",77,"   Other services, except government",900,Real GDP by Metropolitan Area (millions of chained 2001 dollars),2399,2396,2460,2439,"(D)",2435
"19740","Denver-Aurora, CO (MSA)",78," Government",900,Real GDP by Metropolitan Area (millions of chained 2001 dollars),9568,9908,9873,9808,9811,9865
"19740","Denver-Aurora, CO (MSA)",79,"   Federal civilian",900,Real GDP by Metropolitan Area (millions of chained 2001 dollars),2471,2372,2336,2331,2274,2285
"19740","Denver-Aurora, CO (MSA)",80,"   Federal military",900,Real GDP by Metropolitan Area (millions of chained 2001 dollars),310,349,389,374,350,343
"19740","Denver-Aurora, CO (MSA)",81,"   State and local",900,Real GDP by Metropolitan Area (millions of chained 2001 dollars),6788,7188,7147,7103,7194,7246
"19740","Denver-Aurora, CO (MSA)",99,"Natural resources and mining",900,Real GDP by Metropolitan Area (millions of chained 2001 dollars),2078,2268,2744,2883,3086,2861
"19740","Denver-Aurora, CO (MSA)",100,"Trade",900,Real GDP by Metropolitan Area (millions of chained 2001 dollars),"(D)",14009,13884,"(D)","(D)","(D)"
"19740","Denver-Aurora, CO (MSA)",101,"Transportation and utilities",900,Real GDP by Metropolitan Area (millions of chained 2001 dollars),5140,5089,5017,5389,5447,6212
"19740","Denver-Aurora, CO (MSA)",102,"Financial activities",900,Real GDP by Metropolitan Area (millions of chained 2001 dollars),"(D)",25103,25356,"(D)",25912,"(D)"
"19740","Denver-Aurora, CO (MSA)",103,"Professional and business services",900,Real GDP by Metropolitan Area (millions of chained 2001 dollars),15567,15370,15593,16343,17579,18275
"19740","Denver-Aurora, CO (MSA)",104,"Education and health services",900,Real GDP by Metropolitan Area (millions of chained 2001 dollars),5962,6258,6467,6660,6733,6968
"19740","Denver-Aurora, CO (MSA)",105,"Leisure and hospitality",900,Real GDP by Metropolitan Area (millions of chained 2001 dollars),3947,4061,4037,4101,4084,4261
"19740","Denver-Aurora, CO (MSA)",106,"Information, Communication, and Technology (ICT)",900,Real GDP by Metropolitan Area (millions of chained 2001 dollars),5698,6039,5916,6398,6932,7647
"19740","Denver-Aurora, CO (MSA)",108,"Private goods-producing industries",900,Real GDP by Metropolitan Area (millions of chained 2001 dollars),14810,14852,14279,14706,15536,15071
"19740","Denver-Aurora, CO (MSA)",109,"Private services-providing industries",900,Real GDP by Metropolitan Area (millions of chained 2001 dollars),84773,86681,87437,89322,93136,97786
"FIPS","Metropolitan Area","Industry Code","Industry","Component Code","Component","2001","2002","2003","2004","2005","2006"
"19740","Denver-Aurora, CO (MSA)",1,"Total Gross Domestic Product by Metropolitan Area",1000,Per capita real GDP by Metropolitan Area (chained 2001 dollars),49049,48879,48437,48840,50093,50729
"19740","Denver-Aurora, CO (MSA)",2," Private industries",1000,Per capita real GDP by Metropolitan Area (chained 2001 dollars),"n/a","n/a","n/a","n/a","n/a","n/a"
"19740","Denver-Aurora, CO (MSA)",3,"   Agriculture, forestry, fishing, and hunting",1000,Per capita real GDP by Metropolitan Area (chained 2001 dollars),"n/a","n/a","n/a","n/a","n/a","n/a"
"19740","Denver-Aurora, CO (MSA)",4,"     Crop and animal production (Farms)",1000,Per capita real GDP by Metropolitan Area (chained 2001 dollars),"n/a","n/a","n/a","n/a","n/a","n/a"
"19740","Denver-Aurora, CO (MSA)",5,"     Forestry, fishing, and related activities",1000,Per capita real GDP by Metropolitan Area (chained 2001 dollars),"n/a","n/a","n/a","n/a","n/a","n/a"
"19740","Denver-Aurora, CO (MSA)",6,"   Mining",1000,Per capita real GDP by Metropolitan Area (chained 2001 dollars),"n/a","n/a","n/a","n/a","n/a","n/a"
"19740","Denver-Aurora, CO (MSA)",7,"     Oil and gas extraction",1000,Per capita real GDP by Metropolitan Area (chained 2001 dollars),"n/a","n/a","n/a","n/a","n/a","n/a"
"19740","Denver-Aurora, CO (MSA)",8,"     Mining, except oil and gas",1000,Per capita real GDP by Metropolitan Area (chained 2001 dollars),"n/a","n/a","n/a","n/a","n/a","n/a"
"19740","Denver-Aurora, CO (MSA)",9,"     Support activities for mining",1000,Per capita real GDP by Metropolitan Area (chained 2001 dollars),"n/a","n/a","n/a","n/a","n/a","n/a"
"19740","Denver-Aurora, CO (MSA)",10,"   Utilities",1000,Per capita real GDP by Metropolitan Area (chained 2001 dollars),"n/a","n/a","n/a","n/a","n/a","n/a"
"19740","Denver-Aurora, CO (MSA)",11,"   Construction",1000,Per capita real GDP by Metropolitan Area (chained 2001 dollars),"n/a","n/a","n/a","n/a","n/a","n/a"
"19740","Denver-Aurora, CO (MSA)",12,"   Manufacturing",1000,Per capita real GDP by Metropolitan Area (chained 2001 dollars),"n/a","n/a","n/a","n/a","n/a","n/a"
"19740","Denver-Aurora, CO (MSA)",13,"     Durable goods",1000,Per capita real GDP by Metropolitan Area (chained 2001 dollars),"n/a","n/a","n/a","n/a","n/a","n/a"
"19740","Denver-Aurora, CO (MSA)",14,"       Wood product manufacturing",1000,Per capita real GDP by Metropolitan Area (chained 2001 dollars),"n/a","n/a","n/a","n/a","n/a","n/a"
"19740","Denver-Aurora, CO (MSA)",15,"       Nonmetallic mineral product manufacturing",1000,Per capita real GDP by Metropolitan Area (chained 2001 dollars),"n/a","n/a","n/a","n/a","n/a","n/a"
"19740","Denver-Aurora, CO (MSA)",16,"       Primary metal manufacturing",1000,Per capita real GDP by Metropolitan Area (chained 2001 dollars),"n/a","n/a","n/a","n/a","n/a","n/a"
"19740","Denver-Aurora, CO (MSA)",17,"       Fabricated metal product manufacturing",1000,Per capita real GDP by Metropolitan Area (chained 2001 dollars),"n/a","n/a","n/a","n/a","n/a","n/a"
"19740","Denver-Aurora, CO (MSA)",18,"       Machinery manufacturing",1000,Per capita real GDP by Metropolitan Area (chained 2001 dollars),"n/a","n/a","n/a","n/a","n/a","n/a"
"19740","Denver-Aurora, CO (MSA)",19,"       Computer and electronic product manufacturing",1000,Per capita real GDP by Metropolitan Area (chained 2001 dollars),"n/a","n/a","n/a","n/a","n/a","n/a"
"19740","Denver-Aurora, CO (MSA)",20,"       Electrical equipment and appliance manufacturing",1000,Per capita real GDP by Metropolitan Area (chained 2001 dollars),"n/a","n/a","n/a","n/a","n/a","n/a"
"19740","Denver-Aurora, CO (MSA)",21,"       Motor vehicle, body, trailer, and parts manufacturing",1000,Per capita real GDP by Metropolitan Area (chained 2001 dollars),"n/a","n/a","n/a","n/a","n/a","n/a"
"19740","Denver-Aurora, CO (MSA)",22,"       Other transportation equipment manufacturing",1000,Per capita real GDP by Metropolitan Area (chained 2001 dollars),"n/a","n/a","n/a","n/a","n/a","n/a"
"19740","Denver-Aurora, CO (MSA)",23,"       Furniture and related product manufacturing",1000,Per capita real GDP by Metropolitan Area (chained 2001 dollars),"n/a","n/a","n/a","n/a","n/a","n/a"
"19740","Denver-Aurora, CO (MSA)",24,"       Miscellaneous manufacturing",1000,Per capita real GDP by Metropolitan Area (chained 2001 dollars),"n/a","n/a","n/a","n/a","n/a","n/a"
"19740","Denver-Aurora, CO (MSA)",25,"     Nondurable goods",1000,Per capita real GDP by Metropolitan Area (chained 2001 dollars),"n/a","n/a","n/a","n/a","n/a","n/a"
"19740","Denver-Aurora, CO (MSA)",26,"       Food product manufacturing",1000,Per capita real GDP by Metropolitan Area (chained 2001 dollars),"n/a","n/a","n/a","n/a","n/a","n/a"
"19740","Denver-Aurora, CO (MSA)",27,"       Textile and textile product mills",1000,Per capita real GDP by Metropolitan Area (chained 2001 dollars),"n/a","n/a","n/a","n/a","n/a","n/a"
"19740","Denver-Aurora, CO (MSA)",28,"       Apparel manufacturing",1000,Per capita real GDP by Metropolitan Area (chained 2001 dollars),"n/a","n/a","n/a","n/a","n/a","n/a"
"19740","Denver-Aurora, CO (MSA)",29,"       Paper manufacturing",1000,Per capita real GDP by Metropolitan Area (chained 2001 dollars),"n/a","n/a","n/a","n/a","n/a","n/a"
"19740","Denver-Aurora, CO (MSA)",30,"       Printing and related support activities",1000,Per capita real GDP by Metropolitan Area (chained 2001 dollars),"n/a","n/a","n/a","n/a","n/a","n/a"
"19740","Denver-Aurora, CO (MSA)",31,"       Petroleum and coal products manufacturing",1000,Per capita real GDP by Metropolitan Area (chained 2001 dollars),"n/a","n/a","n/a","n/a","n/a","n/a"
"19740","Denver-Aurora, CO (MSA)",32,"       Chemical manufacturing",1000,Per capita real GDP by Metropolitan Area (chained 2001 dollars),"n/a","n/a","n/a","n/a","n/a","n/a"
"19740","Denver-Aurora, CO (MSA)",33,"       Plastics and rubber products manufacturing",1000,Per capita real GDP by Metropolitan Area (chained 2001 dollars),"n/a","n/a","n/a","n/a","n/a","n/a"
"19740","Denver-Aurora, CO (MSA)",34,"   Wholesale trade",1000,Per capita real GDP by Metropolitan Area (chained 2001 dollars),"n/a","n/a","n/a","n/a","n/a","n/a"
"19740","Denver-Aurora, CO (MSA)",35,"   Retail trade",1000,Per capita real GDP by Metropolitan Area (chained 2001 dollars),"n/a","n/a","n/a","n/a","n/a","n/a"
"19740","Denver-Aurora, CO (MSA)",36,"   Transportation and warehousing, excluding Postal Service",1000,Per capita real GDP by Metropolitan Area (chained 2001 dollars),"n/a","n/a","n/a","n/a","n/a","n/a"
"19740","Denver-Aurora, CO (MSA)",37,"     Air transportation",1000,Per capita real GDP by Metropolitan Area (chained 2001 dollars),"n/a","n/a","n/a","n/a","n/a","n/a"
"19740","Denver-Aurora, CO (MSA)",38,"     Rail transportation",1000,Per capita real GDP by Metropolitan Area (chained 2001 dollars),"n/a","n/a","n/a","n/a","n/a","n/a"
"19740","Denver-Aurora, CO (MSA)",39,"     Water transportation",1000,Per capita real GDP by Metropolitan Area (chained 2001 dollars),"n/a","n/a","n/a","n/a","n/a","n/a"
"19740","Denver-Aurora, CO (MSA)",40,"     Truck transportation",1000,Per capita real GDP by Metropolitan Area (chained 2001 dollars),"n/a","n/a","n/a","n/a","n/a","n/a"
"19740","Denver-Aurora, CO (MSA)",41,"     Transit and ground passenger transportation",1000,Per capita real GDP by Metropolitan Area (chained 2001 dollars),"n/a","n/a","n/a","n/a","n/a","n/a"
"19740","Denver-Aurora, CO (MSA)",42,"     Pipeline transportation",1000,Per capita real GDP by Metropolitan Area (chained 2001 dollars),"n/a","n/a","n/a","n/a","n/a","n/a"
"19740","Denver-Aurora, CO (MSA)",43,"     Other transportation and support activities",1000,Per capita real GDP by Metropolitan Area (chained 2001 dollars),"n/a","n/a","n/a","n/a","n/a","n/a"
"19740","Denver-Aurora, CO (MSA)",44,"     Warehousing and storage",1000,Per capita real GDP by Metropolitan Area (chained 2001 dollars),"n/a","n/a","n/a","n/a","n/a","n/a"
"19740","Denver-Aurora, CO (MSA)",45,"   Information",1000,Per capita real GDP by Metropolitan Area (chained 2001 dollars),"n/a","n/a","n/a","n/a","n/a","n/a"
"19740","Denver-Aurora, CO (MSA)",46,"     Publishing including software",1000,Per capita real GDP by Metropolitan Area (chained 2001 dollars),"n/a","n/a","n/a","n/a","n/a","n/a"
"19740","Denver-Aurora, CO (MSA)",47,"     Motion picture and sound recording industries",1000,Per capita real GDP by Metropolitan Area (chained 2001 dollars),"n/a","n/a","n/a","n/a","n/a","n/a"
"19740","Denver-Aurora, CO (MSA)",48,"     Broadcasting and telecommunications",1000,Per capita real GDP by Metropolitan Area (chained 2001 dollars),"n/a","n/a","n/a","n/a","n/a","n/a"
"19740","Denver-Aurora, CO (MSA)",49,"     Information and data processing services",1000,Per capita real GDP by Metropolitan Area (chained 2001 dollars),"n/a","n/a","n/a","n/a","n/a","n/a"
"19740","Denver-Aurora, CO (MSA)",50,"   Finance and insurance",1000,Per capita real GDP by Metropolitan Area (chained 2001 dollars),"n/a","n/a","n/a","n/a","n/a","n/a"
"19740","Denver-Aurora, CO (MSA)",51,"     Federal Reserve banks, credit intermediation and related services",1000,Per capita real GDP by Metropolitan Area (chained 2001 dollars),"n/a","n/a","n/a","n/a","n/a","n/a"
"19740","Denver-Aurora, CO (MSA)",52,"     Securities, commodity contracts, investments",1000,Per capita real GDP by Metropolitan Area (chained 2001 dollars),"n/a","n/a","n/a","n/a","n/a","n/a"
"19740","Denver-Aurora, CO (MSA)",53,"     Insurance carriers and related activities",1000,Per capita real GDP by Metropolitan Area (chained 2001 dollars),"n/a","n/a","n/a","n/a","n/a","n/a"
"19740","Denver-Aurora, CO (MSA)",54,"     Funds, trusts, and other financial vehicles",1000,Per capita real GDP by Metropolitan Area (chained 2001 dollars),"n/a","n/a","n/a","n/a","n/a","n/a"
"19740","Denver-Aurora, CO (MSA)",55,"   Real estate and rental and leasing",1000,Per capita real GDP by Metropolitan Area (chained 2001 dollars),"n/a","n/a","n/a","n/a","n/a","n/a"
"19740","Denver-Aurora, CO (MSA)",56,"     Real estate",1000,Per capita real GDP by Metropolitan Area (chained 2001 dollars),"n/a","n/a","n/a","n/a","n/a","n/a"
"19740","Denver-Aurora, CO (MSA)",57,"     Rental and leasing services and lessors of intangible assets",1000,Per capita real GDP by Metropolitan Area (chained 2001 dollars),"n/a","n/a","n/a","n/a","n/a","n/a"
"19740","Denver-Aurora, CO (MSA)",58,"   Professional and technical services",1000,Per capita real GDP by Metropolitan Area (chained 2001 dollars),"n/a","n/a","n/a","n/a","n/a","n/a"
"19740","Denver-Aurora, CO (MSA)",62,"   Management of companies and enterprises",1000,Per capita real GDP by Metropolitan Area (chained 2001 dollars),"n/a","n/a","n/a","n/a","n/a","n/a"
"19740","Denver-Aurora, CO (MSA)",63,"   Administrative and waste services",1000,Per capita real GDP by Metropolitan Area (chained 2001 dollars),"n/a","n/a","n/a","n/a","n/a","n/a"
"19740","Denver-Aurora, CO (MSA)",64,"     Administrative and support services",1000,Per capita real GDP by Metropolitan Area (chained 2001 dollars),"n/a","n/a","n/a","n/a","n/a","n/a"
"19740","Denver-Aurora, CO (MSA)",65,"     Waste management and remediation services",1000,Per capita real GDP by Metropolitan Area (chained 2001 dollars),"n/a","n/a","n/a","n/a","n/a","n/a"
"19740","Denver-Aurora, CO (MSA)",66,"   Educational services",1000,Per capita real GDP by Metropolitan Area (chained 2001 dollars),"n/a","n/a","n/a","n/a","n/a","n/a"
"19740","Denver-Aurora, CO (MSA)",67,"   Health care and social assistance",1000,Per capita real GDP by Metropolitan Area (chained 2001 dollars),"n/a","n/a","n/a","n/a","n/a","n/a"
"19740","Denver-Aurora, CO (MSA)",68,"     Ambulatory health care services",1000,Per capita real GDP by Metropolitan Area (chained 2001 dollars),"n/a","n/a","n/a","n/a","n/a","n/a"
"19740","Denver-Aurora, CO (MSA)",69,"     Hospitals and nursing and residential care facilities",1000,Per capita real GDP by Metropolitan Area (chained 2001 dollars),"n/a","n/a","n/a","n/a","n/a","n/a"
"19740","Denver-Aurora, CO (MSA)",70,"     Social assistance",1000,Per capita real GDP by Metropolitan Area (chained 2001 dollars),"n/a","n/a","n/a","n/a","n/a","n/a"
"19740","Denver-Aurora, CO (MSA)",71,"   Arts, entertainment, and recreation",1000,Per capita real GDP by Metropolitan Area (chained 2001 dollars),"n/a","n/a","n/a","n/a","n/a","n/a"
"19740","Denver-Aurora, CO (MSA)",72,"     Performing arts, museums, and related activities",1000,Per capita real GDP by Metropolitan Area (chained 2001 dollars),"n/a","n/a","n/a","n/a","n/a","n/a"
"19740","Denver-Aurora, CO (MSA)",73,"     Amusement, gambling, and recreation",1000,Per capita real GDP by Metropolitan Area (chained 2001 dollars),"n/a","n/a","n/a","n/a","n/a","n/a"
"19740","Denver-Aurora, CO (MSA)",74,"   Accommodation and food services",1000,Per capita real GDP by Metropolitan Area (chained 2001 dollars),"n/a","n/a","n/a","n/a","n/a","n/a"
"19740","Denver-Aurora, CO (MSA)",75,"     Accommodation",1000,Per capita real GDP by Metropolitan Area (chained 2001 dollars),"n/a","n/a","n/a","n/a","n/a","n/a"
"19740","Denver-Aurora, CO (MSA)",76,"     Food services and drinking places",1000,Per capita real GDP by Metropolitan Area (chained 2001 dollars),"n/a","n/a","n/a","n/a","n/a","n/a"
"19740","Denver-Aurora, CO (MSA)",77,"   Other services, except government",1000,Per capita real GDP by Metropolitan Area (chained 2001 dollars),"n/a","n/a","n/a","n/a","n/a","n/a"
"19740","Denver-Aurora, CO (MSA)",78," Government",1000,Per capita real GDP by Metropolitan Area (chained 2001 dollars),"n/a","n/a","n/a","n/a","n/a","n/a"
"19740","Denver-Aurora, CO (MSA)",79,"   Federal civilian",1000,Per capita real GDP by Metropolitan Area (chained 2001 dollars),"n/a","n/a","n/a","n/a","n/a","n/a"
"19740","Denver-Aurora, CO (MSA)",80,"   Federal military",1000,Per capita real GDP by Metropolitan Area (chained 2001 dollars),"n/a","n/a","n/a","n/a","n/a","n/a"
"19740","Denver-Aurora, CO (MSA)",81,"   State and local",1000,Per capita real GDP by Metropolitan Area (chained 2001 dollars),"n/a","n/a","n/a","n/a","n/a","n/a"
"19740","Denver-Aurora, CO (MSA)",99,"Natural resources and mining",1000,Per capita real GDP by Metropolitan Area (chained 2001 dollars),"n/a","n/a","n/a","n/a","n/a","n/a"
"19740","Denver-Aurora, CO (MSA)",100,"Trade",1000,Per capita real GDP by Metropolitan Area (chained 2001 dollars),"n/a","n/a","n/a","n/a","n/a","n/a"
"19740","Denver-Aurora, CO (MSA)",101,"Transportation and utilities",1000,Per capita real GDP by Metropolitan Area (chained 2001 dollars),"n/a","n/a","n/a","n/a","n/a","n/a"
"19740","Denver-Aurora, CO (MSA)",102,"Financial activities",1000,Per capita real GDP by Metropolitan Area (chained 2001 dollars),"n/a","n/a","n/a","n/a","n/a","n/a"
"19740","Denver-Aurora, CO (MSA)",103,"Professional and business services",1000,Per capita real GDP by Metropolitan Area (chained 2001 dollars),"n/a","n/a","n/a","n/a","n/a","n/a"
"19740","Denver-Aurora, CO (MSA)",104,"Education and health services",1000,Per capita real GDP by Metropolitan Area (chained 2001 dollars),"n/a","n/a","n/a","n/a","n/a","n/a"
"19740","Denver-Aurora, CO (MSA)",105,"Leisure and hospitality",1000,Per capita real GDP by Metropolitan Area (chained 2001 dollars),"n/a","n/a","n/a","n/a","n/a","n/a"
"19740","Denver-Aurora, CO (MSA)",106,"Information, Communication, and Technology (ICT)",1000,Per capita real GDP by Metropolitan Area (chained 2001 dollars),"n/a","n/a","n/a","n/a","n/a","n/a"
"19740","Denver-Aurora, CO (MSA)",108,"Private goods-producing industries",1000,Per capita real GDP by Metropolitan Area (chained 2001 dollars),"n/a","n/a","n/a","n/a","n/a","n/a"
"19740","Denver-Aurora, CO (MSA)",109,"Private services-providing industries",1000,Per capita real GDP by Metropolitan Area (chained 2001 dollars),"n/a","n/a","n/a","n/a","n/a","n/a"
Source: Bureau of Economic Analysis, U.S. Department of Commerce
