"FIPS","Metropolitan Area","Industry Code","Industry","Component Code","Component","2001","2002","2003","2004","2005","2006"
"21660","Eugene-Springfield, OR (MSA)",1,"Total Gross Domestic Product by Metropolitan Area",200,GDP by Metropolitan Area (millions of current dollars),7978,8610,9017,9790,10153,10796
"21660","Eugene-Springfield, OR (MSA)",2," Private industries",200,GDP by Metropolitan Area (millions of current dollars),6667,7126,7419,8212,8625,9177
"21660","Eugene-Springfield, OR (MSA)",3,"   Agriculture, forestry, fishing, and hunting",200,GDP by Metropolitan Area (millions of current dollars),173,177,193,185,165,172
"21660","Eugene-Springfield, OR (MSA)",4,"     Crop and animal production (Farms)",200,GDP by Metropolitan Area (millions of current dollars),32,34,42,56,50,51
"21660","Eugene-Springfield, OR (MSA)",5,"     Forestry, fishing, and related activities",200,GDP by Metropolitan Area (millions of current dollars),141,143,151,129,115,121
"21660","Eugene-Springfield, OR (MSA)",6,"   Mining",200,GDP by Metropolitan Area (millions of current dollars),12,11,11,11,13,17
"21660","Eugene-Springfield, OR (MSA)",7,"     Oil and gas extraction",200,GDP by Metropolitan Area (millions of current dollars),"(L)","(L)","(D)","(D)","(D)","(D)"
"21660","Eugene-Springfield, OR (MSA)",8,"     Mining, except oil and gas",200,GDP by Metropolitan Area (millions of current dollars),12,11,"(D)","(D)","(D)",17
"21660","Eugene-Springfield, OR (MSA)",9,"     Support activities for mining",200,GDP by Metropolitan Area (millions of current dollars),"(L)","(L)","(L)","(L)","(L)","(D)"
"21660","Eugene-Springfield, OR (MSA)",10,"   Utilities",200,GDP by Metropolitan Area (millions of current dollars),30,35,37,39,41,46
"21660","Eugene-Springfield, OR (MSA)",11,"   Construction",200,GDP by Metropolitan Area (millions of current dollars),418,413,411,423,508,536
"21660","Eugene-Springfield, OR (MSA)",12,"   Manufacturing",200,GDP by Metropolitan Area (millions of current dollars),1144,1243,1280,1571,1559,1655
"21660","Eugene-Springfield, OR (MSA)",13,"     Durable goods",200,GDP by Metropolitan Area (millions of current dollars),835,909,958,1235,1217,1308
"21660","Eugene-Springfield, OR (MSA)",14,"       Wood product manufacturing",200,GDP by Metropolitan Area (millions of current dollars),320,322,330,421,397,358
"21660","Eugene-Springfield, OR (MSA)",15,"       Nonmetallic mineral product manufacturing",200,GDP by Metropolitan Area (millions of current dollars),14,16,12,18,16,17
"21660","Eugene-Springfield, OR (MSA)",16,"       Primary metal manufacturing",200,GDP by Metropolitan Area (millions of current dollars),4,3,3,5,4,5
"21660","Eugene-Springfield, OR (MSA)",17,"       Fabricated metal product manufacturing",200,GDP by Metropolitan Area (millions of current dollars),63,59,65,71,78,76
"21660","Eugene-Springfield, OR (MSA)",18,"       Machinery manufacturing",200,GDP by Metropolitan Area (millions of current dollars),68,92,79,109,128,139
"21660","Eugene-Springfield, OR (MSA)",19,"       Computer and electronic product manufacturing",200,GDP by Metropolitan Area (millions of current dollars),155,179,204,337,341,467
"21660","Eugene-Springfield, OR (MSA)",20,"       Electrical equipment and appliance manufacturing",200,GDP by Metropolitan Area (millions of current dollars),34,14,14,22,15,14
"21660","Eugene-Springfield, OR (MSA)",21,"       Motor vehicle, body, trailer, and parts manufacturing",200,GDP by Metropolitan Area (millions of current dollars),"(D)","(D)","(D)","(D)","(D)","(D)"
"21660","Eugene-Springfield, OR (MSA)",22,"       Other transportation equipment manufacturing",200,GDP by Metropolitan Area (millions of current dollars),"(D)","(D)","(D)","(D)","(D)","(D)"
"21660","Eugene-Springfield, OR (MSA)",23,"       Furniture and related product manufacturing",200,GDP by Metropolitan Area (millions of current dollars),37,50,59,46,43,41
"21660","Eugene-Springfield, OR (MSA)",24,"       Miscellaneous manufacturing",200,GDP by Metropolitan Area (millions of current dollars),23,27,21,25,37,41
"21660","Eugene-Springfield, OR (MSA)",25,"     Nondurable goods",200,GDP by Metropolitan Area (millions of current dollars),309,334,321,336,342,347
"21660","Eugene-Springfield, OR (MSA)",26,"       Food product manufacturing",200,GDP by Metropolitan Area (millions of current dollars),89,107,87,81,97,104
"21660","Eugene-Springfield, OR (MSA)",27,"       Textile and textile product mills",200,GDP by Metropolitan Area (millions of current dollars),3,3,4,"(D)","(D)","(D)"
"21660","Eugene-Springfield, OR (MSA)",28,"       Apparel manufacturing",200,GDP by Metropolitan Area (millions of current dollars),"(D)","(D)","(D)","(D)","(D)","(D)"
"21660","Eugene-Springfield, OR (MSA)",29,"       Paper manufacturing",200,GDP by Metropolitan Area (millions of current dollars),"(D)","(D)","(D)","(D)","(D)","(D)"
"21660","Eugene-Springfield, OR (MSA)",30,"       Printing and related support activities",200,GDP by Metropolitan Area (millions of current dollars),41,39,36,38,32,33
"21660","Eugene-Springfield, OR (MSA)",31,"       Petroleum and coal products manufacturing",200,GDP by Metropolitan Area (millions of current dollars),"(D)","(L)","(D)","(D)","(D)","(D)"
"21660","Eugene-Springfield, OR (MSA)",32,"       Chemical manufacturing",200,GDP by Metropolitan Area (millions of current dollars),106,97,120,121,111,116
"21660","Eugene-Springfield, OR (MSA)",33,"       Plastics and rubber products manufacturing",200,GDP by Metropolitan Area (millions of current dollars),17,17,16,16,20,23
"21660","Eugene-Springfield, OR (MSA)",34,"   Wholesale trade",200,GDP by Metropolitan Area (millions of current dollars),445,436,437,499,525,555
"21660","Eugene-Springfield, OR (MSA)",35,"   Retail trade",200,GDP by Metropolitan Area (millions of current dollars),620,657,682,701,741,781
"21660","Eugene-Springfield, OR (MSA)",36,"   Transportation and warehousing, excluding Postal Service",200,GDP by Metropolitan Area (millions of current dollars),173,171,176,211,224,247
"21660","Eugene-Springfield, OR (MSA)",37,"     Air transportation",200,GDP by Metropolitan Area (millions of current dollars),4,4,5,7,7,10
"21660","Eugene-Springfield, OR (MSA)",38,"     Rail transportation",200,GDP by Metropolitan Area (millions of current dollars),31,32,33,32,"(D)","(D)"
"21660","Eugene-Springfield, OR (MSA)",39,"     Water transportation",200,GDP by Metropolitan Area (millions of current dollars),1,"(L)",1,1,1,1
"21660","Eugene-Springfield, OR (MSA)",40,"     Truck transportation",200,GDP by Metropolitan Area (millions of current dollars),84,82,85,109,119,127
"21660","Eugene-Springfield, OR (MSA)",41,"     Transit and ground passenger transportation",200,GDP by Metropolitan Area (millions of current dollars),8,6,5,8,8,8
"21660","Eugene-Springfield, OR (MSA)",42,"     Pipeline transportation",200,GDP by Metropolitan Area (millions of current dollars),"(L)","(L)","(L)","(L)","(L)","(D)"
"21660","Eugene-Springfield, OR (MSA)",43,"     Other transportation and support activities",200,GDP by Metropolitan Area (millions of current dollars),37,42,43,51,"(D)","(D)"
"21660","Eugene-Springfield, OR (MSA)",44,"     Warehousing and storage",200,GDP by Metropolitan Area (millions of current dollars),8,4,4,4,5,6
"21660","Eugene-Springfield, OR (MSA)",45,"   Information",200,GDP by Metropolitan Area (millions of current dollars),319,341,346,363,412,455
"21660","Eugene-Springfield, OR (MSA)",46,"     Publishing including software",200,GDP by Metropolitan Area (millions of current dollars),167,"(D)",189,201,239,277
"21660","Eugene-Springfield, OR (MSA)",47,"     Motion picture and sound recording industries",200,GDP by Metropolitan Area (millions of current dollars),34,38,32,15,9,10
"21660","Eugene-Springfield, OR (MSA)",48,"     Broadcasting and telecommunications",200,GDP by Metropolitan Area (millions of current dollars),114,111,117,136,151,154
"21660","Eugene-Springfield, OR (MSA)",49,"     Information and data processing services",200,GDP by Metropolitan Area (millions of current dollars),4,"(D)",8,10,13,14
"21660","Eugene-Springfield, OR (MSA)",50,"   Finance and insurance",200,GDP by Metropolitan Area (millions of current dollars),357,381,403,431,516,538
"21660","Eugene-Springfield, OR (MSA)",51,"     Federal Reserve banks, credit intermediation and related services",200,GDP by Metropolitan Area (millions of current dollars),222,251,263,255,317,346
"21660","Eugene-Springfield, OR (MSA)",52,"     Securities, commodity contracts, investments",200,GDP by Metropolitan Area (millions of current dollars),"(D)","(D)","(D)","(D)","(D)","(D)"
"21660","Eugene-Springfield, OR (MSA)",53,"     Insurance carriers and related activities",200,GDP by Metropolitan Area (millions of current dollars),106,103,108,138,149,137
"21660","Eugene-Springfield, OR (MSA)",54,"     Funds, trusts, and other financial vehicles",200,GDP by Metropolitan Area (millions of current dollars),"(D)","(D)","(D)","(D)","(D)","(D)"
"21660","Eugene-Springfield, OR (MSA)",55,"   Real estate and rental and leasing",200,GDP by Metropolitan Area (millions of current dollars),994,1167,1217,1400,1349,1411
"21660","Eugene-Springfield, OR (MSA)",56,"     Real estate",200,GDP by Metropolitan Area (millions of current dollars),912,"(D)","(D)",1334,1288,1354
"21660","Eugene-Springfield, OR (MSA)",57,"     Rental and leasing services and lessors of intangible assets",200,GDP by Metropolitan Area (millions of current dollars),81,"(D)","(D)",66,62,57
"21660","Eugene-Springfield, OR (MSA)",58,"   Professional and technical services",200,GDP by Metropolitan Area (millions of current dollars),376,388,393,432,440,476
"21660","Eugene-Springfield, OR (MSA)",62,"   Management of companies and enterprises",200,GDP by Metropolitan Area (millions of current dollars),120,119,131,107,139,154
"21660","Eugene-Springfield, OR (MSA)",63,"   Administrative and waste services",200,GDP by Metropolitan Area (millions of current dollars),176,214,236,269,322,347
"21660","Eugene-Springfield, OR (MSA)",64,"     Administrative and support services",200,GDP by Metropolitan Area (millions of current dollars),162,197,218,252,304,327
"21660","Eugene-Springfield, OR (MSA)",65,"     Waste management and remediation services",200,GDP by Metropolitan Area (millions of current dollars),15,17,18,17,19,20
"21660","Eugene-Springfield, OR (MSA)",66,"   Educational services",200,GDP by Metropolitan Area (millions of current dollars),31,33,36,41,46,51
"21660","Eugene-Springfield, OR (MSA)",67,"   Health care and social assistance",200,GDP by Metropolitan Area (millions of current dollars),776,816,874,958,1019,1088
"21660","Eugene-Springfield, OR (MSA)",68,"     Ambulatory health care services",200,GDP by Metropolitan Area (millions of current dollars),397,404,436,467,502,553
"21660","Eugene-Springfield, OR (MSA)",69,"     Hospitals and nursing and residential care facilities",200,GDP by Metropolitan Area (millions of current dollars),"(D)","(D)","(D)","(D)","(D)","(D)"
"21660","Eugene-Springfield, OR (MSA)",70,"     Social assistance",200,GDP by Metropolitan Area (millions of current dollars),"(D)","(D)","(D)","(D)","(D)","(D)"
"21660","Eugene-Springfield, OR (MSA)",71,"   Arts, entertainment, and recreation",200,GDP by Metropolitan Area (millions of current dollars),46,48,53,57,59,65
"21660","Eugene-Springfield, OR (MSA)",72,"     Performing arts, museums, and related activities",200,GDP by Metropolitan Area (millions of current dollars),10,17,18,17,19,21
"21660","Eugene-Springfield, OR (MSA)",73,"     Amusement, gambling, and recreation",200,GDP by Metropolitan Area (millions of current dollars),36,32,35,39,40,45
"21660","Eugene-Springfield, OR (MSA)",74,"   Accommodation and food services",200,GDP by Metropolitan Area (millions of current dollars),230,239,249,257,271,291
"21660","Eugene-Springfield, OR (MSA)",75,"     Accommodation",200,GDP by Metropolitan Area (millions of current dollars),48,49,47,45,50,56
"21660","Eugene-Springfield, OR (MSA)",76,"     Food services and drinking places",200,GDP by Metropolitan Area (millions of current dollars),182,190,201,212,221,236
"21660","Eugene-Springfield, OR (MSA)",77,"   Other services, except government",200,GDP by Metropolitan Area (millions of current dollars),227,236,254,257,274,290
"21660","Eugene-Springfield, OR (MSA)",78," Government",200,GDP by Metropolitan Area (millions of current dollars),1310,1483,1598,1578,1528,1619
"21660","Eugene-Springfield, OR (MSA)",79,"   Federal civilian",200,GDP by Metropolitan Area (millions of current dollars),151,168,177,166,155,177
"21660","Eugene-Springfield, OR (MSA)",80,"   Federal military",200,GDP by Metropolitan Area (millions of current dollars),25,33,47,47,54,47
"21660","Eugene-Springfield, OR (MSA)",81,"   State and local",200,GDP by Metropolitan Area (millions of current dollars),1135,1282,1375,1366,1319,1394
"21660","Eugene-Springfield, OR (MSA)",99,"Natural resources and mining",200,GDP by Metropolitan Area (millions of current dollars),185,188,204,196,179,190
"21660","Eugene-Springfield, OR (MSA)",100,"Trade",200,GDP by Metropolitan Area (millions of current dollars),1065,1093,1119,1199,1266,1336
"21660","Eugene-Springfield, OR (MSA)",101,"Transportation and utilities",200,GDP by Metropolitan Area (millions of current dollars),203,206,213,251,265,293
"21660","Eugene-Springfield, OR (MSA)",102,"Financial activities",200,GDP by Metropolitan Area (millions of current dollars),1351,1549,1620,1831,1865,1949
"21660","Eugene-Springfield, OR (MSA)",103,"Professional and business services",200,GDP by Metropolitan Area (millions of current dollars),672,721,761,808,902,977
"21660","Eugene-Springfield, OR (MSA)",104,"Education and health services",200,GDP by Metropolitan Area (millions of current dollars),807,849,910,1000,1065,1139
"21660","Eugene-Springfield, OR (MSA)",105,"Leisure and hospitality",200,GDP by Metropolitan Area (millions of current dollars),276,287,301,314,330,357
"21660","Eugene-Springfield, OR (MSA)",106,"Information, Communication, and Technology (ICT)",200,GDP by Metropolitan Area (millions of current dollars),"(D)",422,"(D)","(D)","(D)","(D)"
"21660","Eugene-Springfield, OR (MSA)",108,"Private goods-producing industries",200,GDP by Metropolitan Area (millions of current dollars),1606,1701,1744,2062,2130,2260
"21660","Eugene-Springfield, OR (MSA)",109,"Private services-providing industries",200,GDP by Metropolitan Area (millions of current dollars),5061,5426,5675,6150,6494,6917
"FIPS","Metropolitan Area","Industry Code","Industry","Component Code","Component","2001","2002","2003","2004","2005","2006"
"21660","Eugene-Springfield, OR (MSA)",1,"Total Gross Domestic Product by Metropolitan Area",800,Quantity Indexes for Real GDP by Metropolitan Area (2001=100.000),100.000,105.604,108.497,114.503,116.429,121.410
"21660","Eugene-Springfield, OR (MSA)",2," Private industries",800,Quantity Indexes for Real GDP by Metropolitan Area (2001=100.000),100.000,105.032,107.878,116.436,120.436,126.234
"21660","Eugene-Springfield, OR (MSA)",3,"   Agriculture, forestry, fishing, and hunting",800,Quantity Indexes for Real GDP by Metropolitan Area (2001=100.000),100.000,105.732,110.989,98.659,93.375,96.000
"21660","Eugene-Springfield, OR (MSA)",4,"     Crop and animal production (Farms)",800,Quantity Indexes for Real GDP by Metropolitan Area (2001=100.000),100.000,117.043,125.572,139.927,150.267,163.759
"21660","Eugene-Springfield, OR (MSA)",5,"     Forestry, fishing, and related activities",800,Quantity Indexes for Real GDP by Metropolitan Area (2001=100.000),100.000,103.270,107.799,88.568,79.338,79.557
"21660","Eugene-Springfield, OR (MSA)",6,"   Mining",800,Quantity Indexes for Real GDP by Metropolitan Area (2001=100.000),100.000,86.965,88.557,80.110,81.748,94.985
"21660","Eugene-Springfield, OR (MSA)",7,"     Oil and gas extraction",800,Quantity Indexes for Real GDP by Metropolitan Area (2001=100.000),100.000,52.644,"(D)","(D)","(D)","(D)"
"21660","Eugene-Springfield, OR (MSA)",8,"     Mining, except oil and gas",800,Quantity Indexes for Real GDP by Metropolitan Area (2001=100.000),100.000,86.955,"(D)","(D)","(D)",94.935
"21660","Eugene-Springfield, OR (MSA)",9,"     Support activities for mining",800,Quantity Indexes for Real GDP by Metropolitan Area (2001=100.000),100.000,95.942,65.332,68.331,193.563,"(D)"
"21660","Eugene-Springfield, OR (MSA)",10,"   Utilities",800,Quantity Indexes for Real GDP by Metropolitan Area (2001=100.000),100.000,119.793,127.068,132.526,131.345,130.178
"21660","Eugene-Springfield, OR (MSA)",11,"   Construction",800,Quantity Indexes for Real GDP by Metropolitan Area (2001=100.000),100.000,94.216,89.380,84.763,92.770,88.791
"21660","Eugene-Springfield, OR (MSA)",12,"   Manufacturing",800,Quantity Indexes for Real GDP by Metropolitan Area (2001=100.000),100.000,110.868,115.698,141.752,145.172,161.783
"21660","Eugene-Springfield, OR (MSA)",13,"     Durable goods",800,Quantity Indexes for Real GDP by Metropolitan Area (2001=100.000),100.000,112.429,120.745,154.859,160.195,184.536
"21660","Eugene-Springfield, OR (MSA)",14,"       Wood product manufacturing",800,Quantity Indexes for Real GDP by Metropolitan Area (2001=100.000),100.000,101.431,99.064,109.166,104.596,99.259
"21660","Eugene-Springfield, OR (MSA)",15,"       Nonmetallic mineral product manufacturing",800,Quantity Indexes for Real GDP by Metropolitan Area (2001=100.000),100.000,111.201,80.196,119.692,103.957,97.496
"21660","Eugene-Springfield, OR (MSA)",16,"       Primary metal manufacturing",800,Quantity Indexes for Real GDP by Metropolitan Area (2001=100.000),100.000,75.241,72.229,97.671,72.229,78.530
"21660","Eugene-Springfield, OR (MSA)",17,"       Fabricated metal product manufacturing",800,Quantity Indexes for Real GDP by Metropolitan Area (2001=100.000),100.000,92.093,102.673,110.053,115.988,110.975
"21660","Eugene-Springfield, OR (MSA)",18,"       Machinery manufacturing",800,Quantity Indexes for Real GDP by Metropolitan Area (2001=100.000),100.000,135.217,116.478,165.169,189.746,204.263
"21660","Eugene-Springfield, OR (MSA)",19,"       Computer and electronic product manufacturing",800,Quantity Indexes for Real GDP by Metropolitan Area (2001=100.000),100.000,129.909,171.913,325.106,376.444,593.810
"21660","Eugene-Springfield, OR (MSA)",20,"       Electrical equipment and appliance manufacturing",800,Quantity Indexes for Real GDP by Metropolitan Area (2001=100.000),100.000,42.623,44.136,67.064,45.422,38.580
"21660","Eugene-Springfield, OR (MSA)",21,"       Motor vehicle, body, trailer, and parts manufacturing",800,Quantity Indexes for Real GDP by Metropolitan Area (2001=100.000),"(D)","(D)","(D)","(D)","(D)","(D)"
"21660","Eugene-Springfield, OR (MSA)",22,"       Other transportation equipment manufacturing",800,Quantity Indexes for Real GDP by Metropolitan Area (2001=100.000),"(D)","(D)","(D)","(D)","(D)","(D)"
"21660","Eugene-Springfield, OR (MSA)",23,"       Furniture and related product manufacturing",800,Quantity Indexes for Real GDP by Metropolitan Area (2001=100.000),100.000,133.003,155.919,125.631,115.569,107.689
"21660","Eugene-Springfield, OR (MSA)",24,"       Miscellaneous manufacturing",800,Quantity Indexes for Real GDP by Metropolitan Area (2001=100.000),100.000,115.349,88.595,109.133,159.347,176.737
"21660","Eugene-Springfield, OR (MSA)",25,"     Nondurable goods",800,Quantity Indexes for Real GDP by Metropolitan Area (2001=100.000),100.000,106.743,102.623,108.028,106.696,105.314
"21660","Eugene-Springfield, OR (MSA)",26,"       Food product manufacturing",800,Quantity Indexes for Real GDP by Metropolitan Area (2001=100.000),100.000,114.972,94.435,91.020,107.160,120.141
"21660","Eugene-Springfield, OR (MSA)",27,"       Textile and textile product mills",800,Quantity Indexes for Real GDP by Metropolitan Area (2001=100.000),100.000,112.786,149.691,"(D)","(D)","(D)"
"21660","Eugene-Springfield, OR (MSA)",28,"       Apparel manufacturing",800,Quantity Indexes for Real GDP by Metropolitan Area (2001=100.000),"(D)","(D)","(D)","(D)","(D)","(D)"
"21660","Eugene-Springfield, OR (MSA)",29,"       Paper manufacturing",800,Quantity Indexes for Real GDP by Metropolitan Area (2001=100.000),"(D)","(D)","(D)","(D)","(D)","(D)"
"21660","Eugene-Springfield, OR (MSA)",30,"       Printing and related support activities",800,Quantity Indexes for Real GDP by Metropolitan Area (2001=100.000),100.000,93.193,86.312,93.601,79.433,81.912
"21660","Eugene-Springfield, OR (MSA)",31,"       Petroleum and coal products manufacturing",800,Quantity Indexes for Real GDP by Metropolitan Area (2001=100.000),"(D)","(D)","(D)","(D)","(D)","(D)"
"21660","Eugene-Springfield, OR (MSA)",32,"       Chemical manufacturing",800,Quantity Indexes for Real GDP by Metropolitan Area (2001=100.000),100.000,91.661,109.726,108.168,92.178,91.225
"21660","Eugene-Springfield, OR (MSA)",33,"       Plastics and rubber products manufacturing",800,Quantity Indexes for Real GDP by Metropolitan Area (2001=100.000),100.000,102.529,100.740,104.085,121.181,125.629
"21660","Eugene-Springfield, OR (MSA)",34,"   Wholesale trade",800,Quantity Indexes for Real GDP by Metropolitan Area (2001=100.000),100.000,97.595,96.575,104.269,106.038,108.295
"21660","Eugene-Springfield, OR (MSA)",35,"   Retail trade",800,Quantity Indexes for Real GDP by Metropolitan Area (2001=100.000),100.000,104.139,107.443,109.618,117.538,124.705
"21660","Eugene-Springfield, OR (MSA)",36,"   Transportation and warehousing, excluding Postal Service",800,Quantity Indexes for Real GDP by Metropolitan Area (2001=100.000),100.000,96.493,97.594,113.680,116.878,127.936
"21660","Eugene-Springfield, OR (MSA)",37,"     Air transportation",800,Quantity Indexes for Real GDP by Metropolitan Area (2001=100.000),100.000,118.914,149.941,228.420,291.337,365.451
"21660","Eugene-Springfield, OR (MSA)",38,"     Rail transportation",800,Quantity Indexes for Real GDP by Metropolitan Area (2001=100.000),100.000,99.425,98.634,90.965,"(D)","(D)"
"21660","Eugene-Springfield, OR (MSA)",39,"     Water transportation",800,Quantity Indexes for Real GDP by Metropolitan Area (2001=100.000),100.000,36.236,96.324,132.696,128.229,109.190
"21660","Eugene-Springfield, OR (MSA)",40,"     Truck transportation",800,Quantity Indexes for Real GDP by Metropolitan Area (2001=100.000),100.000,94.505,97.293,120.078,127.934,132.398
"21660","Eugene-Springfield, OR (MSA)",41,"     Transit and ground passenger transportation",800,Quantity Indexes for Real GDP by Metropolitan Area (2001=100.000),100.000,66.297,57.004,90.378,88.670,90.508
"21660","Eugene-Springfield, OR (MSA)",42,"     Pipeline transportation",800,Quantity Indexes for Real GDP by Metropolitan Area (2001=100.000),100.000,38.196,43.230,55.941,39.417,"(D)"
"21660","Eugene-Springfield, OR (MSA)",43,"     Other transportation and support activities",800,Quantity Indexes for Real GDP by Metropolitan Area (2001=100.000),100.000,113.492,111.713,127.996,"(D)","(D)"
"21660","Eugene-Springfield, OR (MSA)",44,"     Warehousing and storage",800,Quantity Indexes for Real GDP by Metropolitan Area (2001=100.000),100.000,54.464,51.358,47.193,54.062,68.488
"21660","Eugene-Springfield, OR (MSA)",45,"   Information",800,Quantity Indexes for Real GDP by Metropolitan Area (2001=100.000),100.000,107.169,111.388,120.681,140.151,155.961
"21660","Eugene-Springfield, OR (MSA)",46,"     Publishing including software",800,Quantity Indexes for Real GDP by Metropolitan Area (2001=100.000),100.000,"(D)",116.345,128.712,153.495,175.934
"21660","Eugene-Springfield, OR (MSA)",47,"     Motion picture and sound recording industries",800,Quantity Indexes for Real GDP by Metropolitan Area (2001=100.000),100.000,108.129,95.008,44.190,25.502,26.704
"21660","Eugene-Springfield, OR (MSA)",48,"     Broadcasting and telecommunications",800,Quantity Indexes for Real GDP by Metropolitan Area (2001=100.000),100.000,99.885,106.521,127.980,150.420,159.692
"21660","Eugene-Springfield, OR (MSA)",49,"     Information and data processing services",800,Quantity Indexes for Real GDP by Metropolitan Area (2001=100.000),100.000,"(D)",181.082,255.755,323.499,364.073
"21660","Eugene-Springfield, OR (MSA)",50,"   Finance and insurance",800,Quantity Indexes for Real GDP by Metropolitan Area (2001=100.000),100.000,102.736,105.615,108.633,127.134,129.334
"21660","Eugene-Springfield, OR (MSA)",51,"     Federal Reserve banks, credit intermediation and related services",800,Quantity Indexes for Real GDP by Metropolitan Area (2001=100.000),100.000,107.253,110.388,104.199,126.566,132.807
"21660","Eugene-Springfield, OR (MSA)",52,"     Securities, commodity contracts, investments",800,Quantity Indexes for Real GDP by Metropolitan Area (2001=100.000),"(D)","(D)","(D)","(D)","(D)","(D)"
"21660","Eugene-Springfield, OR (MSA)",53,"     Insurance carriers and related activities",800,Quantity Indexes for Real GDP by Metropolitan Area (2001=100.000),100.000,94.514,91.820,108.894,114.249,103.369
"21660","Eugene-Springfield, OR (MSA)",54,"     Funds, trusts, and other financial vehicles",800,Quantity Indexes for Real GDP by Metropolitan Area (2001=100.000),"(D)","(D)","(D)","(D)","(D)","(D)"
"21660","Eugene-Springfield, OR (MSA)",55,"   Real estate and rental and leasing",800,Quantity Indexes for Real GDP by Metropolitan Area (2001=100.000),100.000,113.730,115.310,129.591,122.008,124.230
"21660","Eugene-Springfield, OR (MSA)",56,"     Real estate",800,Quantity Indexes for Real GDP by Metropolitan Area (2001=100.000),100.000,"(D)","(D)",134.297,126.778,129.766
"21660","Eugene-Springfield, OR (MSA)",57,"     Rental and leasing services and lessors of intangible assets",800,Quantity Indexes for Real GDP by Metropolitan Area (2001=100.000),100.000,"(D)","(D)",75.604,67.366,61.010
"21660","Eugene-Springfield, OR (MSA)",58,"   Professional and technical services",800,Quantity Indexes for Real GDP by Metropolitan Area (2001=100.000),100.000,100.294,101.375,110.545,108.883,114.710
"21660","Eugene-Springfield, OR (MSA)",62,"   Management of companies and enterprises",800,Quantity Indexes for Real GDP by Metropolitan Area (2001=100.000),100.000,99.461,105.351,76.327,89.009,93.198
"21660","Eugene-Springfield, OR (MSA)",63,"   Administrative and waste services",800,Quantity Indexes for Real GDP by Metropolitan Area (2001=100.000),100.000,118.490,130.457,143.542,165.870,170.729
"21660","Eugene-Springfield, OR (MSA)",64,"     Administrative and support services",800,Quantity Indexes for Real GDP by Metropolitan Area (2001=100.000),100.000,119.268,131.649,147.434,170.693,176.131
"21660","Eugene-Springfield, OR (MSA)",65,"     Waste management and remediation services",800,Quantity Indexes for Real GDP by Metropolitan Area (2001=100.000),100.000,109.953,117.458,102.375,114.862,113.509
"21660","Eugene-Springfield, OR (MSA)",66,"   Educational services",800,Quantity Indexes for Real GDP by Metropolitan Area (2001=100.000),100.000,99.755,105.305,112.699,119.683,124.809
"21660","Eugene-Springfield, OR (MSA)",67,"   Health care and social assistance",800,Quantity Indexes for Real GDP by Metropolitan Area (2001=100.000),100.000,101.613,106.165,112.880,116.816,121.808
"21660","Eugene-Springfield, OR (MSA)",68,"     Ambulatory health care services",800,Quantity Indexes for Real GDP by Metropolitan Area (2001=100.000),100.000,100.200,106.113,111.206,117.157,127.670
"21660","Eugene-Springfield, OR (MSA)",69,"     Hospitals and nursing and residential care facilities",800,Quantity Indexes for Real GDP by Metropolitan Area (2001=100.000),"(D)","(D)","(D)","(D)","(D)","(D)"
"21660","Eugene-Springfield, OR (MSA)",70,"     Social assistance",800,Quantity Indexes for Real GDP by Metropolitan Area (2001=100.000),"(D)","(D)","(D)","(D)","(D)","(D)"
"21660","Eugene-Springfield, OR (MSA)",71,"   Arts, entertainment, and recreation",800,Quantity Indexes for Real GDP by Metropolitan Area (2001=100.000),100.000,101.040,107.365,111.962,113.356,121.921
"21660","Eugene-Springfield, OR (MSA)",72,"     Performing arts, museums, and related activities",800,Quantity Indexes for Real GDP by Metropolitan Area (2001=100.000),100.000,158.820,160.405,152.650,162.814,168.996
"21660","Eugene-Springfield, OR (MSA)",73,"     Amusement, gambling, and recreation",800,Quantity Indexes for Real GDP by Metropolitan Area (2001=100.000),100.000,84.827,92.506,100.690,99.503,108.861
"21660","Eugene-Springfield, OR (MSA)",74,"   Accommodation and food services",800,Quantity Indexes for Real GDP by Metropolitan Area (2001=100.000),100.000,99.478,102.527,103.035,105.249,108.557
"21660","Eugene-Springfield, OR (MSA)",75,"     Accommodation",800,Quantity Indexes for Real GDP by Metropolitan Area (2001=100.000),100.000,100.960,96.427,86.876,92.205,99.995
"21660","Eugene-Springfield, OR (MSA)",76,"     Food services and drinking places",800,Quantity Indexes for Real GDP by Metropolitan Area (2001=100.000),100.000,99.093,104.066,107.173,108.559,110.675
"21660","Eugene-Springfield, OR (MSA)",77,"   Other services, except government",800,Quantity Indexes for Real GDP by Metropolitan Area (2001=100.000),100.000,100.094,104.200,102.287,103.429,104.380
"21660","Eugene-Springfield, OR (MSA)",78," Government",800,Quantity Indexes for Real GDP by Metropolitan Area (2001=100.000),100.000,108.478,111.604,105.460,97.748,99.015
"21660","Eugene-Springfield, OR (MSA)",79,"   Federal civilian",800,Quantity Indexes for Real GDP by Metropolitan Area (2001=100.000),100.000,104.946,104.324,91.527,82.114,89.898
"21660","Eugene-Springfield, OR (MSA)",80,"   Federal military",800,Quantity Indexes for Real GDP by Metropolitan Area (2001=100.000),100.000,120.515,158.889,148.878,160.519,132.008
"21660","Eugene-Springfield, OR (MSA)",81,"   State and local",800,Quantity Indexes for Real GDP by Metropolitan Area (2001=100.000),100.000,108.682,111.497,106.372,98.418,99.526
"21660","Eugene-Springfield, OR (MSA)",99,"Natural resources and mining",800,Quantity Indexes for Real GDP by Metropolitan Area (2001=100.000),100.000,104.489,109.497,97.429,92.668,96.237
"21660","Eugene-Springfield, OR (MSA)",100,"Trade",800,Quantity Indexes for Real GDP by Metropolitan Area (2001=100.000),100.000,101.416,102.923,107.431,112.688,117.682
"21660","Eugene-Springfield, OR (MSA)",101,"Transportation and utilities",800,Quantity Indexes for Real GDP by Metropolitan Area (2001=100.000),100.000,99.827,101.788,116.431,119.020,128.265
"21660","Eugene-Springfield, OR (MSA)",102,"Financial activities",800,Quantity Indexes for Real GDP by Metropolitan Area (2001=100.000),100.000,110.816,112.742,124.019,123.438,125.656
"21660","Eugene-Springfield, OR (MSA)",103,"Professional and business services",800,Quantity Indexes for Real GDP by Metropolitan Area (2001=100.000),100.000,104.923,109.707,112.749,120.228,125.497
"21660","Eugene-Springfield, OR (MSA)",104,"Education and health services",800,Quantity Indexes for Real GDP by Metropolitan Area (2001=100.000),100.000,101.540,106.132,112.875,116.939,121.936
"21660","Eugene-Springfield, OR (MSA)",105,"Leisure and hospitality",800,Quantity Indexes for Real GDP by Metropolitan Area (2001=100.000),100.000,99.739,103.337,104.534,106.610,110.797
"21660","Eugene-Springfield, OR (MSA)",106,"Information, Communication, and Technology (ICT)",800,Quantity Indexes for Real GDP by Metropolitan Area (2001=100.000),"(D)","(D)","(D)","(D)","(D)","(D)"
"21660","Eugene-Springfield, OR (MSA)",108,"Private goods-producing industries",800,Quantity Indexes for Real GDP by Metropolitan Area (2001=100.000),100.000,106.361,108.543,125.181,130.257,139.981
"21660","Eugene-Springfield, OR (MSA)",109,"Private services-providing industries",800,Quantity Indexes for Real GDP by Metropolitan Area (2001=100.000),100.000,104.614,107.664,113.751,117.426,122.069
"FIPS","Metropolitan Area","Industry Code","Industry","Component Code","Component","2001","2002","2003","2004","2005","2006"
"21660","Eugene-Springfield, OR (MSA)",1,"Total Gross Domestic Product by Metropolitan Area",900,Real GDP by Metropolitan Area (millions of chained 2001 dollars),7978,8425,8656,9135,9288,9686
"21660","Eugene-Springfield, OR (MSA)",2," Private industries",900,Real GDP by Metropolitan Area (millions of chained 2001 dollars),6667,7003,7193,7763,8030,8417
"21660","Eugene-Springfield, OR (MSA)",3,"   Agriculture, forestry, fishing, and hunting",900,Real GDP by Metropolitan Area (millions of chained 2001 dollars),173,183,192,171,162,166
"21660","Eugene-Springfield, OR (MSA)",4,"     Crop and animal production (Farms)",900,Real GDP by Metropolitan Area (millions of chained 2001 dollars),32,37,40,45,48,52
"21660","Eugene-Springfield, OR (MSA)",5,"     Forestry, fishing, and related activities",900,Real GDP by Metropolitan Area (millions of chained 2001 dollars),141,146,152,125,112,112
"21660","Eugene-Springfield, OR (MSA)",6,"   Mining",900,Real GDP by Metropolitan Area (millions of chained 2001 dollars),12,10,10,9,10,11
"21660","Eugene-Springfield, OR (MSA)",7,"     Oil and gas extraction",900,Real GDP by Metropolitan Area (millions of chained 2001 dollars),"(L)","(L)","(D)","(D)","(D)","(D)"
"21660","Eugene-Springfield, OR (MSA)",8,"     Mining, except oil and gas",900,Real GDP by Metropolitan Area (millions of chained 2001 dollars),12,10,"(D)","(D)","(D)",11
"21660","Eugene-Springfield, OR (MSA)",9,"     Support activities for mining",900,Real GDP by Metropolitan Area (millions of chained 2001 dollars),"(L)","(L)","(L)","(L)","(L)","(D)"
"21660","Eugene-Springfield, OR (MSA)",10,"   Utilities",900,Real GDP by Metropolitan Area (millions of chained 2001 dollars),30,35,38,39,39,38
"21660","Eugene-Springfield, OR (MSA)",11,"   Construction",900,Real GDP by Metropolitan Area (millions of chained 2001 dollars),418,394,374,355,388,371
"21660","Eugene-Springfield, OR (MSA)",12,"   Manufacturing",900,Real GDP by Metropolitan Area (millions of chained 2001 dollars),1144,1269,1324,1622,1661,1851
"21660","Eugene-Springfield, OR (MSA)",13,"     Durable goods",900,Real GDP by Metropolitan Area (millions of chained 2001 dollars),835,939,1008,1293,1337,1541
"21660","Eugene-Springfield, OR (MSA)",14,"       Wood product manufacturing",900,Real GDP by Metropolitan Area (millions of chained 2001 dollars),320,325,317,350,335,318
"21660","Eugene-Springfield, OR (MSA)",15,"       Nonmetallic mineral product manufacturing",900,Real GDP by Metropolitan Area (millions of chained 2001 dollars),14,16,11,17,15,14
"21660","Eugene-Springfield, OR (MSA)",16,"       Primary metal manufacturing",900,Real GDP by Metropolitan Area (millions of chained 2001 dollars),4,3,3,4,3,3
"21660","Eugene-Springfield, OR (MSA)",17,"       Fabricated metal product manufacturing",900,Real GDP by Metropolitan Area (millions of chained 2001 dollars),63,58,65,70,73,70
"21660","Eugene-Springfield, OR (MSA)",18,"       Machinery manufacturing",900,Real GDP by Metropolitan Area (millions of chained 2001 dollars),68,92,79,112,129,139
"21660","Eugene-Springfield, OR (MSA)",19,"       Computer and electronic product manufacturing",900,Real GDP by Metropolitan Area (millions of chained 2001 dollars),155,201,266,504,583,920
"21660","Eugene-Springfield, OR (MSA)",20,"       Electrical equipment and appliance manufacturing",900,Real GDP by Metropolitan Area (millions of chained 2001 dollars),34,15,15,23,16,13
"21660","Eugene-Springfield, OR (MSA)",21,"       Motor vehicle, body, trailer, and parts manufacturing",900,Real GDP by Metropolitan Area (millions of chained 2001 dollars),"(D)","(D)","(D)","(D)","(D)","(D)"
"21660","Eugene-Springfield, OR (MSA)",22,"       Other transportation equipment manufacturing",900,Real GDP by Metropolitan Area (millions of chained 2001 dollars),"(D)","(D)","(D)","(D)","(D)","(D)"
"21660","Eugene-Springfield, OR (MSA)",23,"       Furniture and related product manufacturing",900,Real GDP by Metropolitan Area (millions of chained 2001 dollars),37,49,57,46,43,40
"21660","Eugene-Springfield, OR (MSA)",24,"       Miscellaneous manufacturing",900,Real GDP by Metropolitan Area (millions of chained 2001 dollars),23,27,21,25,37,41
"21660","Eugene-Springfield, OR (MSA)",25,"     Nondurable goods",900,Real GDP by Metropolitan Area (millions of chained 2001 dollars),309,330,317,334,330,326
"21660","Eugene-Springfield, OR (MSA)",26,"       Food product manufacturing",900,Real GDP by Metropolitan Area (millions of chained 2001 dollars),89,102,84,81,95,106
"21660","Eugene-Springfield, OR (MSA)",27,"       Textile and textile product mills",900,Real GDP by Metropolitan Area (millions of chained 2001 dollars),3,3,4,"(D)","(D)","(D)"
"21660","Eugene-Springfield, OR (MSA)",28,"       Apparel manufacturing",900,Real GDP by Metropolitan Area (millions of chained 2001 dollars),"(D)","(D)","(D)","(D)","(D)","(D)"
"21660","Eugene-Springfield, OR (MSA)",29,"       Paper manufacturing",900,Real GDP by Metropolitan Area (millions of chained 2001 dollars),"(D)","(D)","(D)","(D)","(D)","(D)"
"21660","Eugene-Springfield, OR (MSA)",30,"       Printing and related support activities",900,Real GDP by Metropolitan Area (millions of chained 2001 dollars),41,38,35,38,33,34
"21660","Eugene-Springfield, OR (MSA)",31,"       Petroleum and coal products manufacturing",900,Real GDP by Metropolitan Area (millions of chained 2001 dollars),"(D)","(L)","(D)","(D)","(D)","(D)"
"21660","Eugene-Springfield, OR (MSA)",32,"       Chemical manufacturing",900,Real GDP by Metropolitan Area (millions of chained 2001 dollars),106,97,116,114,97,96
"21660","Eugene-Springfield, OR (MSA)",33,"       Plastics and rubber products manufacturing",900,Real GDP by Metropolitan Area (millions of chained 2001 dollars),17,17,17,17,20,21
"21660","Eugene-Springfield, OR (MSA)",34,"   Wholesale trade",900,Real GDP by Metropolitan Area (millions of chained 2001 dollars),445,434,430,464,472,482
"21660","Eugene-Springfield, OR (MSA)",35,"   Retail trade",900,Real GDP by Metropolitan Area (millions of chained 2001 dollars),620,645,666,679,728,773
"21660","Eugene-Springfield, OR (MSA)",36,"   Transportation and warehousing, excluding Postal Service",900,Real GDP by Metropolitan Area (millions of chained 2001 dollars),173,167,169,197,203,222
"21660","Eugene-Springfield, OR (MSA)",37,"     Air transportation",900,Real GDP by Metropolitan Area (millions of chained 2001 dollars),4,5,6,9,11,14
"21660","Eugene-Springfield, OR (MSA)",38,"     Rail transportation",900,Real GDP by Metropolitan Area (millions of chained 2001 dollars),31,31,31,28,"(D)","(D)"
"21660","Eugene-Springfield, OR (MSA)",39,"     Water transportation",900,Real GDP by Metropolitan Area (millions of chained 2001 dollars),1,"(L)",1,1,1,1
"21660","Eugene-Springfield, OR (MSA)",40,"     Truck transportation",900,Real GDP by Metropolitan Area (millions of chained 2001 dollars),84,80,82,101,108,111
"21660","Eugene-Springfield, OR (MSA)",41,"     Transit and ground passenger transportation",900,Real GDP by Metropolitan Area (millions of chained 2001 dollars),8,5,5,7,7,7
"21660","Eugene-Springfield, OR (MSA)",42,"     Pipeline transportation",900,Real GDP by Metropolitan Area (millions of chained 2001 dollars),"(L)","(L)","(L)","(L)","(L)","(D)"
"21660","Eugene-Springfield, OR (MSA)",43,"     Other transportation and support activities",900,Real GDP by Metropolitan Area (millions of chained 2001 dollars),37,42,41,47,"(D)","(D)"
"21660","Eugene-Springfield, OR (MSA)",44,"     Warehousing and storage",900,Real GDP by Metropolitan Area (millions of chained 2001 dollars),8,4,4,4,4,6
"21660","Eugene-Springfield, OR (MSA)",45,"   Information",900,Real GDP by Metropolitan Area (millions of chained 2001 dollars),319,342,355,385,447,497
"21660","Eugene-Springfield, OR (MSA)",46,"     Publishing including software",900,Real GDP by Metropolitan Area (millions of chained 2001 dollars),167,"(D)",194,215,256,294
"21660","Eugene-Springfield, OR (MSA)",47,"     Motion picture and sound recording industries",900,Real GDP by Metropolitan Area (millions of chained 2001 dollars),34,36,32,15,9,9
"21660","Eugene-Springfield, OR (MSA)",48,"     Broadcasting and telecommunications",900,Real GDP by Metropolitan Area (millions of chained 2001 dollars),114,114,121,146,171,182
"21660","Eugene-Springfield, OR (MSA)",49,"     Information and data processing services",900,Real GDP by Metropolitan Area (millions of chained 2001 dollars),4,"(D)",7,10,13,15
"21660","Eugene-Springfield, OR (MSA)",50,"   Finance and insurance",900,Real GDP by Metropolitan Area (millions of chained 2001 dollars),357,367,377,388,454,462
"21660","Eugene-Springfield, OR (MSA)",51,"     Federal Reserve banks, credit intermediation and related services",900,Real GDP by Metropolitan Area (millions of chained 2001 dollars),222,238,245,231,281,295
"21660","Eugene-Springfield, OR (MSA)",52,"     Securities, commodity contracts, investments",900,Real GDP by Metropolitan Area (millions of chained 2001 dollars),"(D)","(D)","(D)","(D)","(D)","(D)"
"21660","Eugene-Springfield, OR (MSA)",53,"     Insurance carriers and related activities",900,Real GDP by Metropolitan Area (millions of chained 2001 dollars),106,100,97,115,121,109
"21660","Eugene-Springfield, OR (MSA)",54,"     Funds, trusts, and other financial vehicles",900,Real GDP by Metropolitan Area (millions of chained 2001 dollars),"(D)","(D)","(D)","(D)","(D)","(D)"
"21660","Eugene-Springfield, OR (MSA)",55,"   Real estate and rental and leasing",900,Real GDP by Metropolitan Area (millions of chained 2001 dollars),994,1130,1146,1288,1212,1234
"21660","Eugene-Springfield, OR (MSA)",56,"     Real estate",900,Real GDP by Metropolitan Area (millions of chained 2001 dollars),912,"(D)","(D)",1225,1156,1184
"21660","Eugene-Springfield, OR (MSA)",57,"     Rental and leasing services and lessors of intangible assets",900,Real GDP by Metropolitan Area (millions of chained 2001 dollars),81,"(D)","(D)",61,55,50
"21660","Eugene-Springfield, OR (MSA)",58,"   Professional and technical services",900,Real GDP by Metropolitan Area (millions of chained 2001 dollars),376,377,382,416,410,432
"21660","Eugene-Springfield, OR (MSA)",62,"   Management of companies and enterprises",900,Real GDP by Metropolitan Area (millions of chained 2001 dollars),120,119,126,91,106,111
"21660","Eugene-Springfield, OR (MSA)",63,"   Administrative and waste services",900,Real GDP by Metropolitan Area (millions of chained 2001 dollars),176,209,230,253,293,301
"21660","Eugene-Springfield, OR (MSA)",64,"     Administrative and support services",900,Real GDP by Metropolitan Area (millions of chained 2001 dollars),162,193,213,239,276,285
"21660","Eugene-Springfield, OR (MSA)",65,"     Waste management and remediation services",900,Real GDP by Metropolitan Area (millions of chained 2001 dollars),15,16,17,15,17,17
"21660","Eugene-Springfield, OR (MSA)",66,"   Educational services",900,Real GDP by Metropolitan Area (millions of chained 2001 dollars),31,31,33,35,37,39
"21660","Eugene-Springfield, OR (MSA)",67,"   Health care and social assistance",900,Real GDP by Metropolitan Area (millions of chained 2001 dollars),776,789,824,876,907,946
"21660","Eugene-Springfield, OR (MSA)",68,"     Ambulatory health care services",900,Real GDP by Metropolitan Area (millions of chained 2001 dollars),397,398,421,442,465,507
"21660","Eugene-Springfield, OR (MSA)",69,"     Hospitals and nursing and residential care facilities",900,Real GDP by Metropolitan Area (millions of chained 2001 dollars),"(D)","(D)","(D)","(D)","(D)","(D)"
"21660","Eugene-Springfield, OR (MSA)",70,"     Social assistance",900,Real GDP by Metropolitan Area (millions of chained 2001 dollars),"(D)","(D)","(D)","(D)","(D)","(D)"
"21660","Eugene-Springfield, OR (MSA)",71,"   Arts, entertainment, and recreation",900,Real GDP by Metropolitan Area (millions of chained 2001 dollars),46,47,50,52,53,57
"21660","Eugene-Springfield, OR (MSA)",72,"     Performing arts, museums, and related activities",900,Real GDP by Metropolitan Area (millions of chained 2001 dollars),10,16,16,16,17,17
"21660","Eugene-Springfield, OR (MSA)",73,"     Amusement, gambling, and recreation",900,Real GDP by Metropolitan Area (millions of chained 2001 dollars),36,31,34,37,36,39
"21660","Eugene-Springfield, OR (MSA)",74,"   Accommodation and food services",900,Real GDP by Metropolitan Area (millions of chained 2001 dollars),230,229,236,237,242,250
"21660","Eugene-Springfield, OR (MSA)",75,"     Accommodation",900,Real GDP by Metropolitan Area (millions of chained 2001 dollars),48,49,47,42,45,48
"21660","Eugene-Springfield, OR (MSA)",76,"     Food services and drinking places",900,Real GDP by Metropolitan Area (millions of chained 2001 dollars),182,180,189,195,197,201
"21660","Eugene-Springfield, OR (MSA)",77,"   Other services, except government",900,Real GDP by Metropolitan Area (millions of chained 2001 dollars),227,227,236,232,234,237
"21660","Eugene-Springfield, OR (MSA)",78," Government",900,Real GDP by Metropolitan Area (millions of chained 2001 dollars),1310,1421,1462,1382,1281,1297
"21660","Eugene-Springfield, OR (MSA)",79,"   Federal civilian",900,Real GDP by Metropolitan Area (millions of chained 2001 dollars),151,158,157,138,124,135
"21660","Eugene-Springfield, OR (MSA)",80,"   Federal military",900,Real GDP by Metropolitan Area (millions of chained 2001 dollars),25,30,40,37,40,33
"21660","Eugene-Springfield, OR (MSA)",81,"   State and local",900,Real GDP by Metropolitan Area (millions of chained 2001 dollars),1135,1233,1265,1207,1117,1129
"21660","Eugene-Springfield, OR (MSA)",99,"Natural resources and mining",900,Real GDP by Metropolitan Area (millions of chained 2001 dollars),185,193,203,180,172,178
"21660","Eugene-Springfield, OR (MSA)",100,"Trade",900,Real GDP by Metropolitan Area (millions of chained 2001 dollars),1065,1080,1096,1144,1200,1253
"21660","Eugene-Springfield, OR (MSA)",101,"Transportation and utilities",900,Real GDP by Metropolitan Area (millions of chained 2001 dollars),203,202,206,236,241,260
"21660","Eugene-Springfield, OR (MSA)",102,"Financial activities",900,Real GDP by Metropolitan Area (millions of chained 2001 dollars),1351,1497,1523,1675,1667,1697
"21660","Eugene-Springfield, OR (MSA)",103,"Professional and business services",900,Real GDP by Metropolitan Area (millions of chained 2001 dollars),672,705,738,758,808,844
"21660","Eugene-Springfield, OR (MSA)",104,"Education and health services",900,Real GDP by Metropolitan Area (millions of chained 2001 dollars),807,820,857,911,944,985
"21660","Eugene-Springfield, OR (MSA)",105,"Leisure and hospitality",900,Real GDP by Metropolitan Area (millions of chained 2001 dollars),276,276,286,289,295,306
"21660","Eugene-Springfield, OR (MSA)",106,"Information, Communication, and Technology (ICT)",900,Real GDP by Metropolitan Area (millions of chained 2001 dollars),"(D)",444,"(D)","(D)","(D)","(D)"
"21660","Eugene-Springfield, OR (MSA)",108,"Private goods-producing industries",900,Real GDP by Metropolitan Area (millions of chained 2001 dollars),1606,1708,1744,2011,2092,2249
"21660","Eugene-Springfield, OR (MSA)",109,"Private services-providing industries",900,Real GDP by Metropolitan Area (millions of chained 2001 dollars),5061,5295,5449,5757,5943,6178
"FIPS","Metropolitan Area","Industry Code","Industry","Component Code","Component","2001","2002","2003","2004","2005","2006"
"21660","Eugene-Springfield, OR (MSA)",1,"Total Gross Domestic Product by Metropolitan Area",1000,Per capita real GDP by Metropolitan Area (chained 2001 dollars),24553,25715,26165,27480,27650,28480
"21660","Eugene-Springfield, OR (MSA)",2," Private industries",1000,Per capita real GDP by Metropolitan Area (chained 2001 dollars),"n/a","n/a","n/a","n/a","n/a","n/a"
"21660","Eugene-Springfield, OR (MSA)",3,"   Agriculture, forestry, fishing, and hunting",1000,Per capita real GDP by Metropolitan Area (chained 2001 dollars),"n/a","n/a","n/a","n/a","n/a","n/a"
"21660","Eugene-Springfield, OR (MSA)",4,"     Crop and animal production (Farms)",1000,Per capita real GDP by Metropolitan Area (chained 2001 dollars),"n/a","n/a","n/a","n/a","n/a","n/a"
"21660","Eugene-Springfield, OR (MSA)",5,"     Forestry, fishing, and related activities",1000,Per capita real GDP by Metropolitan Area (chained 2001 dollars),"n/a","n/a","n/a","n/a","n/a","n/a"
"21660","Eugene-Springfield, OR (MSA)",6,"   Mining",1000,Per capita real GDP by Metropolitan Area (chained 2001 dollars),"n/a","n/a","n/a","n/a","n/a","n/a"
"21660","Eugene-Springfield, OR (MSA)",7,"     Oil and gas extraction",1000,Per capita real GDP by Metropolitan Area (chained 2001 dollars),"n/a","n/a","n/a","n/a","n/a","n/a"
"21660","Eugene-Springfield, OR (MSA)",8,"     Mining, except oil and gas",1000,Per capita real GDP by Metropolitan Area (chained 2001 dollars),"n/a","n/a","n/a","n/a","n/a","n/a"
"21660","Eugene-Springfield, OR (MSA)",9,"     Support activities for mining",1000,Per capita real GDP by Metropolitan Area (chained 2001 dollars),"n/a","n/a","n/a","n/a","n/a","n/a"
"21660","Eugene-Springfield, OR (MSA)",10,"   Utilities",1000,Per capita real GDP by Metropolitan Area (chained 2001 dollars),"n/a","n/a","n/a","n/a","n/a","n/a"
"21660","Eugene-Springfield, OR (MSA)",11,"   Construction",1000,Per capita real GDP by Metropolitan Area (chained 2001 dollars),"n/a","n/a","n/a","n/a","n/a","n/a"
"21660","Eugene-Springfield, OR (MSA)",12,"   Manufacturing",1000,Per capita real GDP by Metropolitan Area (chained 2001 dollars),"n/a","n/a","n/a","n/a","n/a","n/a"
"21660","Eugene-Springfield, OR (MSA)",13,"     Durable goods",1000,Per capita real GDP by Metropolitan Area (chained 2001 dollars),"n/a","n/a","n/a","n/a","n/a","n/a"
"21660","Eugene-Springfield, OR (MSA)",14,"       Wood product manufacturing",1000,Per capita real GDP by Metropolitan Area (chained 2001 dollars),"n/a","n/a","n/a","n/a","n/a","n/a"
"21660","Eugene-Springfield, OR (MSA)",15,"       Nonmetallic mineral product manufacturing",1000,Per capita real GDP by Metropolitan Area (chained 2001 dollars),"n/a","n/a","n/a","n/a","n/a","n/a"
"21660","Eugene-Springfield, OR (MSA)",16,"       Primary metal manufacturing",1000,Per capita real GDP by Metropolitan Area (chained 2001 dollars),"n/a","n/a","n/a","n/a","n/a","n/a"
"21660","Eugene-Springfield, OR (MSA)",17,"       Fabricated metal product manufacturing",1000,Per capita real GDP by Metropolitan Area (chained 2001 dollars),"n/a","n/a","n/a","n/a","n/a","n/a"
"21660","Eugene-Springfield, OR (MSA)",18,"       Machinery manufacturing",1000,Per capita real GDP by Metropolitan Area (chained 2001 dollars),"n/a","n/a","n/a","n/a","n/a","n/a"
"21660","Eugene-Springfield, OR (MSA)",19,"       Computer and electronic product manufacturing",1000,Per capita real GDP by Metropolitan Area (chained 2001 dollars),"n/a","n/a","n/a","n/a","n/a","n/a"
"21660","Eugene-Springfield, OR (MSA)",20,"       Electrical equipment and appliance manufacturing",1000,Per capita real GDP by Metropolitan Area (chained 2001 dollars),"n/a","n/a","n/a","n/a","n/a","n/a"
"21660","Eugene-Springfield, OR (MSA)",21,"       Motor vehicle, body, trailer, and parts manufacturing",1000,Per capita real GDP by Metropolitan Area (chained 2001 dollars),"n/a","n/a","n/a","n/a","n/a","n/a"
"21660","Eugene-Springfield, OR (MSA)",22,"       Other transportation equipment manufacturing",1000,Per capita real GDP by Metropolitan Area (chained 2001 dollars),"n/a","n/a","n/a","n/a","n/a","n/a"
"21660","Eugene-Springfield, OR (MSA)",23,"       Furniture and related product manufacturing",1000,Per capita real GDP by Metropolitan Area (chained 2001 dollars),"n/a","n/a","n/a","n/a","n/a","n/a"
"21660","Eugene-Springfield, OR (MSA)",24,"       Miscellaneous manufacturing",1000,Per capita real GDP by Metropolitan Area (chained 2001 dollars),"n/a","n/a","n/a","n/a","n/a","n/a"
"21660","Eugene-Springfield, OR (MSA)",25,"     Nondurable goods",1000,Per capita real GDP by Metropolitan Area (chained 2001 dollars),"n/a","n/a","n/a","n/a","n/a","n/a"
"21660","Eugene-Springfield, OR (MSA)",26,"       Food product manufacturing",1000,Per capita real GDP by Metropolitan Area (chained 2001 dollars),"n/a","n/a","n/a","n/a","n/a","n/a"
"21660","Eugene-Springfield, OR (MSA)",27,"       Textile and textile product mills",1000,Per capita real GDP by Metropolitan Area (chained 2001 dollars),"n/a","n/a","n/a","n/a","n/a","n/a"
"21660","Eugene-Springfield, OR (MSA)",28,"       Apparel manufacturing",1000,Per capita real GDP by Metropolitan Area (chained 2001 dollars),"n/a","n/a","n/a","n/a","n/a","n/a"
"21660","Eugene-Springfield, OR (MSA)",29,"       Paper manufacturing",1000,Per capita real GDP by Metropolitan Area (chained 2001 dollars),"n/a","n/a","n/a","n/a","n/a","n/a"
"21660","Eugene-Springfield, OR (MSA)",30,"       Printing and related support activities",1000,Per capita real GDP by Metropolitan Area (chained 2001 dollars),"n/a","n/a","n/a","n/a","n/a","n/a"
"21660","Eugene-Springfield, OR (MSA)",31,"       Petroleum and coal products manufacturing",1000,Per capita real GDP by Metropolitan Area (chained 2001 dollars),"n/a","n/a","n/a","n/a","n/a","n/a"
"21660","Eugene-Springfield, OR (MSA)",32,"       Chemical manufacturing",1000,Per capita real GDP by Metropolitan Area (chained 2001 dollars),"n/a","n/a","n/a","n/a","n/a","n/a"
"21660","Eugene-Springfield, OR (MSA)",33,"       Plastics and rubber products manufacturing",1000,Per capita real GDP by Metropolitan Area (chained 2001 dollars),"n/a","n/a","n/a","n/a","n/a","n/a"
"21660","Eugene-Springfield, OR (MSA)",34,"   Wholesale trade",1000,Per capita real GDP by Metropolitan Area (chained 2001 dollars),"n/a","n/a","n/a","n/a","n/a","n/a"
"21660","Eugene-Springfield, OR (MSA)",35,"   Retail trade",1000,Per capita real GDP by Metropolitan Area (chained 2001 dollars),"n/a","n/a","n/a","n/a","n/a","n/a"
"21660","Eugene-Springfield, OR (MSA)",36,"   Transportation and warehousing, excluding Postal Service",1000,Per capita real GDP by Metropolitan Area (chained 2001 dollars),"n/a","n/a","n/a","n/a","n/a","n/a"
"21660","Eugene-Springfield, OR (MSA)",37,"     Air transportation",1000,Per capita real GDP by Metropolitan Area (chained 2001 dollars),"n/a","n/a","n/a","n/a","n/a","n/a"
"21660","Eugene-Springfield, OR (MSA)",38,"     Rail transportation",1000,Per capita real GDP by Metropolitan Area (chained 2001 dollars),"n/a","n/a","n/a","n/a","n/a","n/a"
"21660","Eugene-Springfield, OR (MSA)",39,"     Water transportation",1000,Per capita real GDP by Metropolitan Area (chained 2001 dollars),"n/a","n/a","n/a","n/a","n/a","n/a"
"21660","Eugene-Springfield, OR (MSA)",40,"     Truck transportation",1000,Per capita real GDP by Metropolitan Area (chained 2001 dollars),"n/a","n/a","n/a","n/a","n/a","n/a"
"21660","Eugene-Springfield, OR (MSA)",41,"     Transit and ground passenger transportation",1000,Per capita real GDP by Metropolitan Area (chained 2001 dollars),"n/a","n/a","n/a","n/a","n/a","n/a"
"21660","Eugene-Springfield, OR (MSA)",42,"     Pipeline transportation",1000,Per capita real GDP by Metropolitan Area (chained 2001 dollars),"n/a","n/a","n/a","n/a","n/a","n/a"
"21660","Eugene-Springfield, OR (MSA)",43,"     Other transportation and support activities",1000,Per capita real GDP by Metropolitan Area (chained 2001 dollars),"n/a","n/a","n/a","n/a","n/a","n/a"
"21660","Eugene-Springfield, OR (MSA)",44,"     Warehousing and storage",1000,Per capita real GDP by Metropolitan Area (chained 2001 dollars),"n/a","n/a","n/a","n/a","n/a","n/a"
"21660","Eugene-Springfield, OR (MSA)",45,"   Information",1000,Per capita real GDP by Metropolitan Area (chained 2001 dollars),"n/a","n/a","n/a","n/a","n/a","n/a"
"21660","Eugene-Springfield, OR (MSA)",46,"     Publishing including software",1000,Per capita real GDP by Metropolitan Area (chained 2001 dollars),"n/a","n/a","n/a","n/a","n/a","n/a"
"21660","Eugene-Springfield, OR (MSA)",47,"     Motion picture and sound recording industries",1000,Per capita real GDP by Metropolitan Area (chained 2001 dollars),"n/a","n/a","n/a","n/a","n/a","n/a"
"21660","Eugene-Springfield, OR (MSA)",48,"     Broadcasting and telecommunications",1000,Per capita real GDP by Metropolitan Area (chained 2001 dollars),"n/a","n/a","n/a","n/a","n/a","n/a"
"21660","Eugene-Springfield, OR (MSA)",49,"     Information and data processing services",1000,Per capita real GDP by Metropolitan Area (chained 2001 dollars),"n/a","n/a","n/a","n/a","n/a","n/a"
"21660","Eugene-Springfield, OR (MSA)",50,"   Finance and insurance",1000,Per capita real GDP by Metropolitan Area (chained 2001 dollars),"n/a","n/a","n/a","n/a","n/a","n/a"
"21660","Eugene-Springfield, OR (MSA)",51,"     Federal Reserve banks, credit intermediation and related services",1000,Per capita real GDP by Metropolitan Area (chained 2001 dollars),"n/a","n/a","n/a","n/a","n/a","n/a"
"21660","Eugene-Springfield, OR (MSA)",52,"     Securities, commodity contracts, investments",1000,Per capita real GDP by Metropolitan Area (chained 2001 dollars),"n/a","n/a","n/a","n/a","n/a","n/a"
"21660","Eugene-Springfield, OR (MSA)",53,"     Insurance carriers and related activities",1000,Per capita real GDP by Metropolitan Area (chained 2001 dollars),"n/a","n/a","n/a","n/a","n/a","n/a"
"21660","Eugene-Springfield, OR (MSA)",54,"     Funds, trusts, and other financial vehicles",1000,Per capita real GDP by Metropolitan Area (chained 2001 dollars),"n/a","n/a","n/a","n/a","n/a","n/a"
"21660","Eugene-Springfield, OR (MSA)",55,"   Real estate and rental and leasing",1000,Per capita real GDP by Metropolitan Area (chained 2001 dollars),"n/a","n/a","n/a","n/a","n/a","n/a"
"21660","Eugene-Springfield, OR (MSA)",56,"     Real estate",1000,Per capita real GDP by Metropolitan Area (chained 2001 dollars),"n/a","n/a","n/a","n/a","n/a","n/a"
"21660","Eugene-Springfield, OR (MSA)",57,"     Rental and leasing services and lessors of intangible assets",1000,Per capita real GDP by Metropolitan Area (chained 2001 dollars),"n/a","n/a","n/a","n/a","n/a","n/a"
"21660","Eugene-Springfield, OR (MSA)",58,"   Professional and technical services",1000,Per capita real GDP by Metropolitan Area (chained 2001 dollars),"n/a","n/a","n/a","n/a","n/a","n/a"
"21660","Eugene-Springfield, OR (MSA)",62,"   Management of companies and enterprises",1000,Per capita real GDP by Metropolitan Area (chained 2001 dollars),"n/a","n/a","n/a","n/a","n/a","n/a"
"21660","Eugene-Springfield, OR (MSA)",63,"   Administrative and waste services",1000,Per capita real GDP by Metropolitan Area (chained 2001 dollars),"n/a","n/a","n/a","n/a","n/a","n/a"
"21660","Eugene-Springfield, OR (MSA)",64,"     Administrative and support services",1000,Per capita real GDP by Metropolitan Area (chained 2001 dollars),"n/a","n/a","n/a","n/a","n/a","n/a"
"21660","Eugene-Springfield, OR (MSA)",65,"     Waste management and remediation services",1000,Per capita real GDP by Metropolitan Area (chained 2001 dollars),"n/a","n/a","n/a","n/a","n/a","n/a"
"21660","Eugene-Springfield, OR (MSA)",66,"   Educational services",1000,Per capita real GDP by Metropolitan Area (chained 2001 dollars),"n/a","n/a","n/a","n/a","n/a","n/a"
"21660","Eugene-Springfield, OR (MSA)",67,"   Health care and social assistance",1000,Per capita real GDP by Metropolitan Area (chained 2001 dollars),"n/a","n/a","n/a","n/a","n/a","n/a"
"21660","Eugene-Springfield, OR (MSA)",68,"     Ambulatory health care services",1000,Per capita real GDP by Metropolitan Area (chained 2001 dollars),"n/a","n/a","n/a","n/a","n/a","n/a"
"21660","Eugene-Springfield, OR (MSA)",69,"     Hospitals and nursing and residential care facilities",1000,Per capita real GDP by Metropolitan Area (chained 2001 dollars),"n/a","n/a","n/a","n/a","n/a","n/a"
"21660","Eugene-Springfield, OR (MSA)",70,"     Social assistance",1000,Per capita real GDP by Metropolitan Area (chained 2001 dollars),"n/a","n/a","n/a","n/a","n/a","n/a"
"21660","Eugene-Springfield, OR (MSA)",71,"   Arts, entertainment, and recreation",1000,Per capita real GDP by Metropolitan Area (chained 2001 dollars),"n/a","n/a","n/a","n/a","n/a","n/a"
"21660","Eugene-Springfield, OR (MSA)",72,"     Performing arts, museums, and related activities",1000,Per capita real GDP by Metropolitan Area (chained 2001 dollars),"n/a","n/a","n/a","n/a","n/a","n/a"
"21660","Eugene-Springfield, OR (MSA)",73,"     Amusement, gambling, and recreation",1000,Per capita real GDP by Metropolitan Area (chained 2001 dollars),"n/a","n/a","n/a","n/a","n/a","n/a"
"21660","Eugene-Springfield, OR (MSA)",74,"   Accommodation and food services",1000,Per capita real GDP by Metropolitan Area (chained 2001 dollars),"n/a","n/a","n/a","n/a","n/a","n/a"
"21660","Eugene-Springfield, OR (MSA)",75,"     Accommodation",1000,Per capita real GDP by Metropolitan Area (chained 2001 dollars),"n/a","n/a","n/a","n/a","n/a","n/a"
"21660","Eugene-Springfield, OR (MSA)",76,"     Food services and drinking places",1000,Per capita real GDP by Metropolitan Area (chained 2001 dollars),"n/a","n/a","n/a","n/a","n/a","n/a"
"21660","Eugene-Springfield, OR (MSA)",77,"   Other services, except government",1000,Per capita real GDP by Metropolitan Area (chained 2001 dollars),"n/a","n/a","n/a","n/a","n/a","n/a"
"21660","Eugene-Springfield, OR (MSA)",78," Government",1000,Per capita real GDP by Metropolitan Area (chained 2001 dollars),"n/a","n/a","n/a","n/a","n/a","n/a"
"21660","Eugene-Springfield, OR (MSA)",79,"   Federal civilian",1000,Per capita real GDP by Metropolitan Area (chained 2001 dollars),"n/a","n/a","n/a","n/a","n/a","n/a"
"21660","Eugene-Springfield, OR (MSA)",80,"   Federal military",1000,Per capita real GDP by Metropolitan Area (chained 2001 dollars),"n/a","n/a","n/a","n/a","n/a","n/a"
"21660","Eugene-Springfield, OR (MSA)",81,"   State and local",1000,Per capita real GDP by Metropolitan Area (chained 2001 dollars),"n/a","n/a","n/a","n/a","n/a","n/a"
"21660","Eugene-Springfield, OR (MSA)",99,"Natural resources and mining",1000,Per capita real GDP by Metropolitan Area (chained 2001 dollars),"n/a","n/a","n/a","n/a","n/a","n/a"
"21660","Eugene-Springfield, OR (MSA)",100,"Trade",1000,Per capita real GDP by Metropolitan Area (chained 2001 dollars),"n/a","n/a","n/a","n/a","n/a","n/a"
"21660","Eugene-Springfield, OR (MSA)",101,"Transportation and utilities",1000,Per capita real GDP by Metropolitan Area (chained 2001 dollars),"n/a","n/a","n/a","n/a","n/a","n/a"
"21660","Eugene-Springfield, OR (MSA)",102,"Financial activities",1000,Per capita real GDP by Metropolitan Area (chained 2001 dollars),"n/a","n/a","n/a","n/a","n/a","n/a"
"21660","Eugene-Springfield, OR (MSA)",103,"Professional and business services",1000,Per capita real GDP by Metropolitan Area (chained 2001 dollars),"n/a","n/a","n/a","n/a","n/a","n/a"
"21660","Eugene-Springfield, OR (MSA)",104,"Education and health services",1000,Per capita real GDP by Metropolitan Area (chained 2001 dollars),"n/a","n/a","n/a","n/a","n/a","n/a"
"21660","Eugene-Springfield, OR (MSA)",105,"Leisure and hospitality",1000,Per capita real GDP by Metropolitan Area (chained 2001 dollars),"n/a","n/a","n/a","n/a","n/a","n/a"
"21660","Eugene-Springfield, OR (MSA)",106,"Information, Communication, and Technology (ICT)",1000,Per capita real GDP by Metropolitan Area (chained 2001 dollars),"n/a","n/a","n/a","n/a","n/a","n/a"
"21660","Eugene-Springfield, OR (MSA)",108,"Private goods-producing industries",1000,Per capita real GDP by Metropolitan Area (chained 2001 dollars),"n/a","n/a","n/a","n/a","n/a","n/a"
"21660","Eugene-Springfield, OR (MSA)",109,"Private services-providing industries",1000,Per capita real GDP by Metropolitan Area (chained 2001 dollars),"n/a","n/a","n/a","n/a","n/a","n/a"
Source: Bureau of Economic Analysis, U.S. Department of Commerce
