"FIPS","Metropolitan Area","Industry Code","Industry","Component Code","Component","2001","2002","2003","2004","2005","2006"
"24580","Green Bay, WI (MSA)",1,"Total Gross Domestic Product by Metropolitan Area",200,GDP by Metropolitan Area (millions of current dollars),11155,11455,11962,12535,12962,13341
"24580","Green Bay, WI (MSA)",2," Private industries",200,GDP by Metropolitan Area (millions of current dollars),10208,10452,10897,11464,11845,12174
"24580","Green Bay, WI (MSA)",3,"   Agriculture, forestry, fishing, and hunting",200,GDP by Metropolitan Area (millions of current dollars),"(D)","(D)","(D)","(D)","(D)","(D)"
"24580","Green Bay, WI (MSA)",4,"     Crop and animal production (Farms)",200,GDP by Metropolitan Area (millions of current dollars),163,156,182,196,182,158
"24580","Green Bay, WI (MSA)",5,"     Forestry, fishing, and related activities",200,GDP by Metropolitan Area (millions of current dollars),"(D)","(D)","(D)","(D)","(D)","(D)"
"24580","Green Bay, WI (MSA)",6,"   Mining",200,GDP by Metropolitan Area (millions of current dollars),"(D)","(D)","(D)","(D)","(D)","(D)"
"24580","Green Bay, WI (MSA)",7,"     Oil and gas extraction",200,GDP by Metropolitan Area (millions of current dollars),"(L)","(L)","(L)","(L)","(L)","(L)"
"24580","Green Bay, WI (MSA)",8,"     Mining, except oil and gas",200,GDP by Metropolitan Area (millions of current dollars),"(D)","(D)","(D)","(D)","(D)","(D)"
"24580","Green Bay, WI (MSA)",9,"     Support activities for mining",200,GDP by Metropolitan Area (millions of current dollars),0,0,0,0,0,0
"24580","Green Bay, WI (MSA)",10,"   Utilities",200,GDP by Metropolitan Area (millions of current dollars),"(D)","(D)","(D)","(D)","(D)","(D)"
"24580","Green Bay, WI (MSA)",11,"   Construction",200,GDP by Metropolitan Area (millions of current dollars),546,582,573,603,625,630
"24580","Green Bay, WI (MSA)",12,"   Manufacturing",200,GDP by Metropolitan Area (millions of current dollars),2385,2461,2422,2390,2459,2410
"24580","Green Bay, WI (MSA)",13,"     Durable goods",200,GDP by Metropolitan Area (millions of current dollars),844,775,810,847,855,876
"24580","Green Bay, WI (MSA)",14,"       Wood product manufacturing",200,GDP by Metropolitan Area (millions of current dollars),70,66,63,69,63,66
"24580","Green Bay, WI (MSA)",15,"       Nonmetallic mineral product manufacturing",200,GDP by Metropolitan Area (millions of current dollars),"(D)","(D)","(D)","(D)","(D)","(D)"
"24580","Green Bay, WI (MSA)",16,"       Primary metal manufacturing",200,GDP by Metropolitan Area (millions of current dollars),19,21,19,27,24,23
"24580","Green Bay, WI (MSA)",17,"       Fabricated metal product manufacturing",200,GDP by Metropolitan Area (millions of current dollars),135,129,137,146,155,175
"24580","Green Bay, WI (MSA)",18,"       Machinery manufacturing",200,GDP by Metropolitan Area (millions of current dollars),"(D)","(D)","(D)",237,"(D)",265
"24580","Green Bay, WI (MSA)",19,"       Computer and electronic product manufacturing",200,GDP by Metropolitan Area (millions of current dollars),"(D)","(D)","(D)","(D)","(D)","(D)"
"24580","Green Bay, WI (MSA)",20,"       Electrical equipment and appliance manufacturing",200,GDP by Metropolitan Area (millions of current dollars),"(D)","(D)","(D)","(D)","(D)","(D)"
"24580","Green Bay, WI (MSA)",21,"       Motor vehicle, body, trailer, and parts manufacturing",200,GDP by Metropolitan Area (millions of current dollars),"(D)","(D)","(D)","(D)","(D)","(D)"
"24580","Green Bay, WI (MSA)",22,"       Other transportation equipment manufacturing",200,GDP by Metropolitan Area (millions of current dollars),"(D)","(D)","(D)","(D)","(D)","(D)"
"24580","Green Bay, WI (MSA)",23,"       Furniture and related product manufacturing",200,GDP by Metropolitan Area (millions of current dollars),120,126,140,119,108,108
"24580","Green Bay, WI (MSA)",24,"       Miscellaneous manufacturing",200,GDP by Metropolitan Area (millions of current dollars),37,44,"(D)","(D)","(D)","(D)"
"24580","Green Bay, WI (MSA)",25,"     Nondurable goods",200,GDP by Metropolitan Area (millions of current dollars),1540,1685,1613,1542,1604,1534
"24580","Green Bay, WI (MSA)",26,"       Food product manufacturing",200,GDP by Metropolitan Area (millions of current dollars),"(D)","(D)","(D)","(D)","(D)","(D)"
"24580","Green Bay, WI (MSA)",27,"       Textile and textile product mills",200,GDP by Metropolitan Area (millions of current dollars),"(D)","(D)","(D)","(D)","(D)","(D)"
"24580","Green Bay, WI (MSA)",28,"       Apparel manufacturing",200,GDP by Metropolitan Area (millions of current dollars),6,5,3,2,"(D)","(D)"
"24580","Green Bay, WI (MSA)",29,"       Paper manufacturing",200,GDP by Metropolitan Area (millions of current dollars),"(D)","(D)","(D)","(D)","(D)","(D)"
"24580","Green Bay, WI (MSA)",30,"       Printing and related support activities",200,GDP by Metropolitan Area (millions of current dollars),172,190,208,"(D)","(D)","(D)"
"24580","Green Bay, WI (MSA)",31,"       Petroleum and coal products manufacturing",200,GDP by Metropolitan Area (millions of current dollars),0,0,0,0,0,0
"24580","Green Bay, WI (MSA)",32,"       Chemical manufacturing",200,GDP by Metropolitan Area (millions of current dollars),"(D)","(D)","(D)","(D)","(D)","(D)"
"24580","Green Bay, WI (MSA)",33,"       Plastics and rubber products manufacturing",200,GDP by Metropolitan Area (millions of current dollars),"(D)","(D)","(D)","(D)","(D)","(D)"
"24580","Green Bay, WI (MSA)",34,"   Wholesale trade",200,GDP by Metropolitan Area (millions of current dollars),"(D)","(D)","(D)","(D)","(D)","(D)"
"24580","Green Bay, WI (MSA)",35,"   Retail trade",200,GDP by Metropolitan Area (millions of current dollars),711,743,789,814,786,801
"24580","Green Bay, WI (MSA)",36,"   Transportation and warehousing, excluding Postal Service",200,GDP by Metropolitan Area (millions of current dollars),491,"(D)","(D)",638,676,681
"24580","Green Bay, WI (MSA)",37,"     Air transportation",200,GDP by Metropolitan Area (millions of current dollars),"(D)","(D)",7,"(D)","(D)",6
"24580","Green Bay, WI (MSA)",38,"     Rail transportation",200,GDP by Metropolitan Area (millions of current dollars),22,24,22,21,24,27
"24580","Green Bay, WI (MSA)",39,"     Water transportation",200,GDP by Metropolitan Area (millions of current dollars),"(L)","(L)","(L)","(L)","(L)","(L)"
"24580","Green Bay, WI (MSA)",40,"     Truck transportation",200,GDP by Metropolitan Area (millions of current dollars),"(D)",402,431,504,539,541
"24580","Green Bay, WI (MSA)",41,"     Transit and ground passenger transportation",200,GDP by Metropolitan Area (millions of current dollars),"(D)",18,"(D)","(D)","(D)","(D)"
"24580","Green Bay, WI (MSA)",42,"     Pipeline transportation",200,GDP by Metropolitan Area (millions of current dollars),"(L)","(L)","(D)",1,"(L)","(D)"
"24580","Green Bay, WI (MSA)",43,"     Other transportation and support activities",200,GDP by Metropolitan Area (millions of current dollars),"(D)","(D)","(D)","(D)","(D)","(D)"
"24580","Green Bay, WI (MSA)",44,"     Warehousing and storage",200,GDP by Metropolitan Area (millions of current dollars),15,"(D)","(D)","(D)","(D)","(D)"
"24580","Green Bay, WI (MSA)",45,"   Information",200,GDP by Metropolitan Area (millions of current dollars),"(D)","(D)","(D)","(D)","(D)","(D)"
"24580","Green Bay, WI (MSA)",46,"     Publishing including software",200,GDP by Metropolitan Area (millions of current dollars),"(D)","(D)","(D)","(D)","(D)","(D)"
"24580","Green Bay, WI (MSA)",47,"     Motion picture and sound recording industries",200,GDP by Metropolitan Area (millions of current dollars),7,7,"(D)","(D)",7,"(D)"
"24580","Green Bay, WI (MSA)",48,"     Broadcasting and telecommunications",200,GDP by Metropolitan Area (millions of current dollars),"(D)","(D)","(D)","(D)","(D)","(D)"
"24580","Green Bay, WI (MSA)",49,"     Information and data processing services",200,GDP by Metropolitan Area (millions of current dollars),"(D)","(D)","(D)","(D)","(D)","(D)"
"24580","Green Bay, WI (MSA)",50,"   Finance and insurance",200,GDP by Metropolitan Area (millions of current dollars),803,820,903,1033,992,990
"24580","Green Bay, WI (MSA)",51,"     Federal Reserve banks, credit intermediation and related services",200,GDP by Metropolitan Area (millions of current dollars),253,276,288,290,304,326
"24580","Green Bay, WI (MSA)",52,"     Securities, commodity contracts, investments",200,GDP by Metropolitan Area (millions of current dollars),"(D)","(D)","(D)","(D)","(D)","(D)"
"24580","Green Bay, WI (MSA)",53,"     Insurance carriers and related activities",200,GDP by Metropolitan Area (millions of current dollars),"(D)","(D)","(D)","(D)","(D)","(D)"
"24580","Green Bay, WI (MSA)",54,"     Funds, trusts, and other financial vehicles",200,GDP by Metropolitan Area (millions of current dollars),"(D)","(D)","(D)","(D)","(D)","(D)"
"24580","Green Bay, WI (MSA)",55,"   Real estate and rental and leasing",200,GDP by Metropolitan Area (millions of current dollars),1202,1220,1203,1169,1209,1252
"24580","Green Bay, WI (MSA)",56,"     Real estate",200,GDP by Metropolitan Area (millions of current dollars),"(D)","(D)","(D)","(D)","(D)","(D)"
"24580","Green Bay, WI (MSA)",57,"     Rental and leasing services and lessors of intangible assets",200,GDP by Metropolitan Area (millions of current dollars),"(D)","(D)","(D)","(D)","(D)","(D)"
"24580","Green Bay, WI (MSA)",58,"   Professional and technical services",200,GDP by Metropolitan Area (millions of current dollars),"(D)",368,397,426,462,515
"24580","Green Bay, WI (MSA)",62,"   Management of companies and enterprises",200,GDP by Metropolitan Area (millions of current dollars),"(D)","(D)",288,"(D)","(D)","(D)"
"24580","Green Bay, WI (MSA)",63,"   Administrative and waste services",200,GDP by Metropolitan Area (millions of current dollars),"(D)","(D)",196,"(D)","(D)","(D)"
"24580","Green Bay, WI (MSA)",64,"     Administrative and support services",200,GDP by Metropolitan Area (millions of current dollars),"(D)",168,"(D)","(D)","(D)","(D)"
"24580","Green Bay, WI (MSA)",65,"     Waste management and remediation services",200,GDP by Metropolitan Area (millions of current dollars),"(D)","(D)","(D)","(D)","(D)","(D)"
"24580","Green Bay, WI (MSA)",66,"   Educational services",200,GDP by Metropolitan Area (millions of current dollars),54,"(D)","(D)","(D)",60,"(D)"
"24580","Green Bay, WI (MSA)",67,"   Health care and social assistance",200,GDP by Metropolitan Area (millions of current dollars),815,"(D)","(D)","(D)",1109,"(D)"
"24580","Green Bay, WI (MSA)",68,"     Ambulatory health care services",200,GDP by Metropolitan Area (millions of current dollars),"(D)",457,"(D)","(D)","(D)",538
"24580","Green Bay, WI (MSA)",69,"     Hospitals and nursing and residential care facilities",200,GDP by Metropolitan Area (millions of current dollars),"(D)","(D)","(D)","(D)","(D)","(D)"
"24580","Green Bay, WI (MSA)",70,"     Social assistance",200,GDP by Metropolitan Area (millions of current dollars),"(D)",69,74,79,"(D)","(D)"
"24580","Green Bay, WI (MSA)",71,"   Arts, entertainment, and recreation",200,GDP by Metropolitan Area (millions of current dollars),155,170,"(D)","(D)","(D)","(D)"
"24580","Green Bay, WI (MSA)",72,"     Performing arts, museums, and related activities",200,GDP by Metropolitan Area (millions of current dollars),"(D)","(D)","(D)","(D)","(D)","(D)"
"24580","Green Bay, WI (MSA)",73,"     Amusement, gambling, and recreation",200,GDP by Metropolitan Area (millions of current dollars),"(D)","(D)","(D)","(D)","(D)","(D)"
"24580","Green Bay, WI (MSA)",74,"   Accommodation and food services",200,GDP by Metropolitan Area (millions of current dollars),237,241,262,288,290,298
"24580","Green Bay, WI (MSA)",75,"     Accommodation",200,GDP by Metropolitan Area (millions of current dollars),50,52,54,60,63,"(D)"
"24580","Green Bay, WI (MSA)",76,"     Food services and drinking places",200,GDP by Metropolitan Area (millions of current dollars),186,189,208,228,227,"(D)"
"24580","Green Bay, WI (MSA)",77,"   Other services, except government",200,GDP by Metropolitan Area (millions of current dollars),"(D)",235,247,"(D)","(D)","(D)"
"24580","Green Bay, WI (MSA)",78," Government",200,GDP by Metropolitan Area (millions of current dollars),947,1004,1065,1070,1116,1167
"24580","Green Bay, WI (MSA)",79,"   Federal civilian",200,GDP by Metropolitan Area (millions of current dollars),126,134,144,142,148,163
"24580","Green Bay, WI (MSA)",80,"   Federal military",200,GDP by Metropolitan Area (millions of current dollars),24,30,42,42,44,42
"24580","Green Bay, WI (MSA)",81,"   State and local",200,GDP by Metropolitan Area (millions of current dollars),798,840,879,887,924,962
"24580","Green Bay, WI (MSA)",99,"Natural resources and mining",200,GDP by Metropolitan Area (millions of current dollars),185,177,203,220,207,186
"24580","Green Bay, WI (MSA)",100,"Trade",200,GDP by Metropolitan Area (millions of current dollars),"(D)","(D)","(D)","(D)","(D)","(D)"
"24580","Green Bay, WI (MSA)",101,"Transportation and utilities",200,GDP by Metropolitan Area (millions of current dollars),"(D)",1182,1300,"(D)","(D)","(D)"
"24580","Green Bay, WI (MSA)",102,"Financial activities",200,GDP by Metropolitan Area (millions of current dollars),2005,2040,2106,2202,2201,2242
"24580","Green Bay, WI (MSA)",103,"Professional and business services",200,GDP by Metropolitan Area (millions of current dollars),727,741,881,906,1006,1107
"24580","Green Bay, WI (MSA)",104,"Education and health services",200,GDP by Metropolitan Area (millions of current dollars),869,970,1025,1133,1170,1225
"24580","Green Bay, WI (MSA)",105,"Leisure and hospitality",200,GDP by Metropolitan Area (millions of current dollars),392,412,"(D)","(D)","(D)","(D)"
"24580","Green Bay, WI (MSA)",106,"Information, Communication, and Technology (ICT)",200,GDP by Metropolitan Area (millions of current dollars),102,102,108,112,123,130
"24580","Green Bay, WI (MSA)",108,"Private goods-producing industries",200,GDP by Metropolitan Area (millions of current dollars),3108,3212,3193,3206,3284,3219
"24580","Green Bay, WI (MSA)",109,"Private services-providing industries",200,GDP by Metropolitan Area (millions of current dollars),7100,7239,7704,8259,8561,8955
"FIPS","Metropolitan Area","Industry Code","Industry","Component Code","Component","2001","2002","2003","2004","2005","2006"
"24580","Green Bay, WI (MSA)",1,"Total Gross Domestic Product by Metropolitan Area",800,Quantity Indexes for Real GDP by Metropolitan Area (2001=100.000),100.000,100.653,103.257,105.079,105.674,105.093
"24580","Green Bay, WI (MSA)",2," Private industries",800,Quantity Indexes for Real GDP by Metropolitan Area (2001=100.000),100.000,100.580,103.311,105.713,106.386,105.750
"24580","Green Bay, WI (MSA)",3,"   Agriculture, forestry, fishing, and hunting",800,Quantity Indexes for Real GDP by Metropolitan Area (2001=100.000),"(D)","(D)","(D)","(D)","(D)","(D)"
"24580","Green Bay, WI (MSA)",4,"     Crop and animal production (Farms)",800,Quantity Indexes for Real GDP by Metropolitan Area (2001=100.000),100.000,105.539,107.054,95.841,107.268,98.488
"24580","Green Bay, WI (MSA)",5,"     Forestry, fishing, and related activities",800,Quantity Indexes for Real GDP by Metropolitan Area (2001=100.000),"(D)","(D)","(D)","(D)","(D)","(D)"
"24580","Green Bay, WI (MSA)",6,"   Mining",800,Quantity Indexes for Real GDP by Metropolitan Area (2001=100.000),"(D)","(D)","(D)","(D)","(D)","(D)"
"24580","Green Bay, WI (MSA)",7,"     Oil and gas extraction",800,Quantity Indexes for Real GDP by Metropolitan Area (2001=100.000),100.000,168.320,224.818,169.336,253.567,402.514
"24580","Green Bay, WI (MSA)",8,"     Mining, except oil and gas",800,Quantity Indexes for Real GDP by Metropolitan Area (2001=100.000),"(D)","(D)","(D)","(D)","(D)","(D)"
"24580","Green Bay, WI (MSA)",9,"     Support activities for mining",800,Quantity Indexes for Real GDP by Metropolitan Area (2001=100.000),0.000,0.000,0.000,0.000,0.000,0.000
"24580","Green Bay, WI (MSA)",10,"   Utilities",800,Quantity Indexes for Real GDP by Metropolitan Area (2001=100.000),"(D)","(D)","(D)","(D)","(D)","(D)"
"24580","Green Bay, WI (MSA)",11,"   Construction",800,Quantity Indexes for Real GDP by Metropolitan Area (2001=100.000),100.000,101.751,95.523,92.734,87.514,80.011
"24580","Green Bay, WI (MSA)",12,"   Manufacturing",800,Quantity Indexes for Real GDP by Metropolitan Area (2001=100.000),100.000,102.338,101.970,101.922,103.120,98.643
"24580","Green Bay, WI (MSA)",13,"     Durable goods",800,Quantity Indexes for Real GDP by Metropolitan Area (2001=100.000),100.000,90.976,94.842,98.210,96.127,96.630
"24580","Green Bay, WI (MSA)",14,"       Wood product manufacturing",800,Quantity Indexes for Real GDP by Metropolitan Area (2001=100.000),100.000,94.930,86.112,82.149,75.786,84.406
"24580","Green Bay, WI (MSA)",15,"       Nonmetallic mineral product manufacturing",800,Quantity Indexes for Real GDP by Metropolitan Area (2001=100.000),"(D)","(D)","(D)","(D)","(D)","(D)"
"24580","Green Bay, WI (MSA)",16,"       Primary metal manufacturing",800,Quantity Indexes for Real GDP by Metropolitan Area (2001=100.000),100.000,112.016,107.484,121.199,95.090,75.888
"24580","Green Bay, WI (MSA)",17,"       Fabricated metal product manufacturing",800,Quantity Indexes for Real GDP by Metropolitan Area (2001=100.000),100.000,95.326,102.025,105.742,107.045,120.719
"24580","Green Bay, WI (MSA)",18,"       Machinery manufacturing",800,Quantity Indexes for Real GDP by Metropolitan Area (2001=100.000),"(D)","(D)","(D)","(D)","(D)","(D)"
"24580","Green Bay, WI (MSA)",19,"       Computer and electronic product manufacturing",800,Quantity Indexes for Real GDP by Metropolitan Area (2001=100.000),"(D)","(D)","(D)","(D)","(D)","(D)"
"24580","Green Bay, WI (MSA)",20,"       Electrical equipment and appliance manufacturing",800,Quantity Indexes for Real GDP by Metropolitan Area (2001=100.000),"(D)","(D)","(D)","(D)","(D)","(D)"
"24580","Green Bay, WI (MSA)",21,"       Motor vehicle, body, trailer, and parts manufacturing",800,Quantity Indexes for Real GDP by Metropolitan Area (2001=100.000),"(D)","(D)","(D)","(D)","(D)","(D)"
"24580","Green Bay, WI (MSA)",22,"       Other transportation equipment manufacturing",800,Quantity Indexes for Real GDP by Metropolitan Area (2001=100.000),"(D)","(D)","(D)","(D)","(D)","(D)"
"24580","Green Bay, WI (MSA)",23,"       Furniture and related product manufacturing",800,Quantity Indexes for Real GDP by Metropolitan Area (2001=100.000),100.000,102.288,113.486,100.234,88.117,86.346
"24580","Green Bay, WI (MSA)",24,"       Miscellaneous manufacturing",800,Quantity Indexes for Real GDP by Metropolitan Area (2001=100.000),100.000,115.280,"(D)","(D)","(D)","(D)"
"24580","Green Bay, WI (MSA)",25,"     Nondurable goods",800,Quantity Indexes for Real GDP by Metropolitan Area (2001=100.000),100.000,108.568,105.852,103.855,106.978,99.571
"24580","Green Bay, WI (MSA)",26,"       Food product manufacturing",800,Quantity Indexes for Real GDP by Metropolitan Area (2001=100.000),"(D)","(D)","(D)","(D)","(D)","(D)"
"24580","Green Bay, WI (MSA)",27,"       Textile and textile product mills",800,Quantity Indexes for Real GDP by Metropolitan Area (2001=100.000),"(D)","(D)","(D)","(D)","(D)","(D)"
"24580","Green Bay, WI (MSA)",28,"       Apparel manufacturing",800,Quantity Indexes for Real GDP by Metropolitan Area (2001=100.000),100.000,86.562,49.233,41.270,"(D)","(D)"
"24580","Green Bay, WI (MSA)",29,"       Paper manufacturing",800,Quantity Indexes for Real GDP by Metropolitan Area (2001=100.000),"(D)","(D)","(D)","(D)","(D)","(D)"
"24580","Green Bay, WI (MSA)",30,"       Printing and related support activities",800,Quantity Indexes for Real GDP by Metropolitan Area (2001=100.000),100.000,109.479,120.571,"(D)","(D)","(D)"
"24580","Green Bay, WI (MSA)",31,"       Petroleum and coal products manufacturing",800,Quantity Indexes for Real GDP by Metropolitan Area (2001=100.000),0.000,0.000,0.000,0.000,0.000,0.000
"24580","Green Bay, WI (MSA)",32,"       Chemical manufacturing",800,Quantity Indexes for Real GDP by Metropolitan Area (2001=100.000),"(D)","(D)","(D)","(D)","(D)","(D)"
"24580","Green Bay, WI (MSA)",33,"       Plastics and rubber products manufacturing",800,Quantity Indexes for Real GDP by Metropolitan Area (2001=100.000),"(D)","(D)","(D)","(D)","(D)","(D)"
"24580","Green Bay, WI (MSA)",34,"   Wholesale trade",800,Quantity Indexes for Real GDP by Metropolitan Area (2001=100.000),"(D)","(D)","(D)","(D)","(D)","(D)"
"24580","Green Bay, WI (MSA)",35,"   Retail trade",800,Quantity Indexes for Real GDP by Metropolitan Area (2001=100.000),100.000,102.572,108.487,111.100,108.779,111.476
"24580","Green Bay, WI (MSA)",36,"   Transportation and warehousing, excluding Postal Service",800,Quantity Indexes for Real GDP by Metropolitan Area (2001=100.000),100.000,"(D)","(D)",120.742,125.056,123.142
"24580","Green Bay, WI (MSA)",37,"     Air transportation",800,Quantity Indexes for Real GDP by Metropolitan Area (2001=100.000),"(D)","(D)","(D)","(D)","(D)","(D)"
"24580","Green Bay, WI (MSA)",38,"     Rail transportation",800,Quantity Indexes for Real GDP by Metropolitan Area (2001=100.000),100.000,105.218,97.367,85.977,89.962,115.645
"24580","Green Bay, WI (MSA)",39,"     Water transportation",800,Quantity Indexes for Real GDP by Metropolitan Area (2001=100.000),100.000,17.689,46.021,49.313,39.539,34.302
"24580","Green Bay, WI (MSA)",40,"     Truck transportation",800,Quantity Indexes for Real GDP by Metropolitan Area (2001=100.000),"(D)","(D)","(D)","(D)","(D)","(D)"
"24580","Green Bay, WI (MSA)",41,"     Transit and ground passenger transportation",800,Quantity Indexes for Real GDP by Metropolitan Area (2001=100.000),"(D)","(D)","(D)","(D)","(D)","(D)"
"24580","Green Bay, WI (MSA)",42,"     Pipeline transportation",800,Quantity Indexes for Real GDP by Metropolitan Area (2001=100.000),100.000,93.700,"(D)",316.481,221.644,"(D)"
"24580","Green Bay, WI (MSA)",43,"     Other transportation and support activities",800,Quantity Indexes for Real GDP by Metropolitan Area (2001=100.000),"(D)","(D)","(D)","(D)","(D)","(D)"
"24580","Green Bay, WI (MSA)",44,"     Warehousing and storage",800,Quantity Indexes for Real GDP by Metropolitan Area (2001=100.000),100.000,"(D)","(D)","(D)","(D)","(D)"
"24580","Green Bay, WI (MSA)",45,"   Information",800,Quantity Indexes for Real GDP by Metropolitan Area (2001=100.000),"(D)","(D)","(D)","(D)","(D)","(D)"
"24580","Green Bay, WI (MSA)",46,"     Publishing including software",800,Quantity Indexes for Real GDP by Metropolitan Area (2001=100.000),"(D)","(D)","(D)","(D)","(D)","(D)"
"24580","Green Bay, WI (MSA)",47,"     Motion picture and sound recording industries",800,Quantity Indexes for Real GDP by Metropolitan Area (2001=100.000),100.000,101.147,"(D)","(D)",92.768,"(D)"
"24580","Green Bay, WI (MSA)",48,"     Broadcasting and telecommunications",800,Quantity Indexes for Real GDP by Metropolitan Area (2001=100.000),"(D)","(D)","(D)","(D)","(D)","(D)"
"24580","Green Bay, WI (MSA)",49,"     Information and data processing services",800,Quantity Indexes for Real GDP by Metropolitan Area (2001=100.000),"(D)","(D)","(D)","(D)","(D)","(D)"
"24580","Green Bay, WI (MSA)",50,"   Finance and insurance",800,Quantity Indexes for Real GDP by Metropolitan Area (2001=100.000),100.000,98.605,103.476,111.771,104.175,102.146
"24580","Green Bay, WI (MSA)",51,"     Federal Reserve banks, credit intermediation and related services",800,Quantity Indexes for Real GDP by Metropolitan Area (2001=100.000),100.000,103.813,106.199,104.001,106.481,109.743
"24580","Green Bay, WI (MSA)",52,"     Securities, commodity contracts, investments",800,Quantity Indexes for Real GDP by Metropolitan Area (2001=100.000),"(D)","(D)","(D)","(D)","(D)","(D)"
"24580","Green Bay, WI (MSA)",53,"     Insurance carriers and related activities",800,Quantity Indexes for Real GDP by Metropolitan Area (2001=100.000),"(D)","(D)","(D)","(D)","(D)","(D)"
"24580","Green Bay, WI (MSA)",54,"     Funds, trusts, and other financial vehicles",800,Quantity Indexes for Real GDP by Metropolitan Area (2001=100.000),"(D)","(D)","(D)","(D)","(D)","(D)"
"24580","Green Bay, WI (MSA)",55,"   Real estate and rental and leasing",800,Quantity Indexes for Real GDP by Metropolitan Area (2001=100.000),100.000,98.158,94.108,89.338,90.320,90.999
"24580","Green Bay, WI (MSA)",56,"     Real estate",800,Quantity Indexes for Real GDP by Metropolitan Area (2001=100.000),"(D)","(D)","(D)","(D)","(D)","(D)"
"24580","Green Bay, WI (MSA)",57,"     Rental and leasing services and lessors of intangible assets",800,Quantity Indexes for Real GDP by Metropolitan Area (2001=100.000),"(D)","(D)","(D)","(D)","(D)","(D)"
"24580","Green Bay, WI (MSA)",58,"   Professional and technical services",800,Quantity Indexes for Real GDP by Metropolitan Area (2001=100.000),"(D)","(D)","(D)","(D)","(D)","(D)"
"24580","Green Bay, WI (MSA)",62,"   Management of companies and enterprises",800,Quantity Indexes for Real GDP by Metropolitan Area (2001=100.000),"(D)","(D)","(D)","(D)","(D)","(D)"
"24580","Green Bay, WI (MSA)",63,"   Administrative and waste services",800,Quantity Indexes for Real GDP by Metropolitan Area (2001=100.000),"(D)","(D)","(D)","(D)","(D)","(D)"
"24580","Green Bay, WI (MSA)",64,"     Administrative and support services",800,Quantity Indexes for Real GDP by Metropolitan Area (2001=100.000),"(D)","(D)","(D)","(D)","(D)","(D)"
"24580","Green Bay, WI (MSA)",65,"     Waste management and remediation services",800,Quantity Indexes for Real GDP by Metropolitan Area (2001=100.000),"(D)","(D)","(D)","(D)","(D)","(D)"
"24580","Green Bay, WI (MSA)",66,"   Educational services",800,Quantity Indexes for Real GDP by Metropolitan Area (2001=100.000),100.000,"(D)","(D)","(D)",90.515,"(D)"
"24580","Green Bay, WI (MSA)",67,"   Health care and social assistance",800,Quantity Indexes for Real GDP by Metropolitan Area (2001=100.000),100.000,"(D)","(D)","(D)",120.575,"(D)"
"24580","Green Bay, WI (MSA)",68,"     Ambulatory health care services",800,Quantity Indexes for Real GDP by Metropolitan Area (2001=100.000),"(D)","(D)","(D)","(D)","(D)","(D)"
"24580","Green Bay, WI (MSA)",69,"     Hospitals and nursing and residential care facilities",800,Quantity Indexes for Real GDP by Metropolitan Area (2001=100.000),"(D)","(D)","(D)","(D)","(D)","(D)"
"24580","Green Bay, WI (MSA)",70,"     Social assistance",800,Quantity Indexes for Real GDP by Metropolitan Area (2001=100.000),"(D)","(D)","(D)","(D)","(D)","(D)"
"24580","Green Bay, WI (MSA)",71,"   Arts, entertainment, and recreation",800,Quantity Indexes for Real GDP by Metropolitan Area (2001=100.000),100.000,106.383,"(D)","(D)","(D)","(D)"
"24580","Green Bay, WI (MSA)",72,"     Performing arts, museums, and related activities",800,Quantity Indexes for Real GDP by Metropolitan Area (2001=100.000),"(D)","(D)","(D)","(D)","(D)","(D)"
"24580","Green Bay, WI (MSA)",73,"     Amusement, gambling, and recreation",800,Quantity Indexes for Real GDP by Metropolitan Area (2001=100.000),"(D)","(D)","(D)","(D)","(D)","(D)"
"24580","Green Bay, WI (MSA)",74,"   Accommodation and food services",800,Quantity Indexes for Real GDP by Metropolitan Area (2001=100.000),100.000,97.510,105.031,111.913,109.035,107.708
"24580","Green Bay, WI (MSA)",75,"     Accommodation",800,Quantity Indexes for Real GDP by Metropolitan Area (2001=100.000),100.000,103.386,105.906,110.783,111.621,"(D)"
"24580","Green Bay, WI (MSA)",76,"     Food services and drinking places",800,Quantity Indexes for Real GDP by Metropolitan Area (2001=100.000),100.000,95.966,104.768,112.171,108.300,"(D)"
"24580","Green Bay, WI (MSA)",77,"   Other services, except government",800,Quantity Indexes for Real GDP by Metropolitan Area (2001=100.000),"(D)","(D)","(D)","(D)","(D)","(D)"
"24580","Green Bay, WI (MSA)",78," Government",800,Quantity Indexes for Real GDP by Metropolitan Area (2001=100.000),100.000,101.428,102.727,98.692,98.510,98.477
"24580","Green Bay, WI (MSA)",79,"   Federal civilian",800,Quantity Indexes for Real GDP by Metropolitan Area (2001=100.000),100.000,99.993,101.841,93.451,93.711,98.922
"24580","Green Bay, WI (MSA)",80,"   Federal military",800,Quantity Indexes for Real GDP by Metropolitan Area (2001=100.000),100.000,115.875,148.182,140.728,135.242,122.487
"24580","Green Bay, WI (MSA)",81,"   State and local",800,Quantity Indexes for Real GDP by Metropolitan Area (2001=100.000),100.000,101.216,101.440,98.236,98.159,97.688
"24580","Green Bay, WI (MSA)",99,"Natural resources and mining",800,Quantity Indexes for Real GDP by Metropolitan Area (2001=100.000),100.000,103.476,105.007,95.422,104.895,97.774
"24580","Green Bay, WI (MSA)",100,"Trade",800,Quantity Indexes for Real GDP by Metropolitan Area (2001=100.000),"(D)","(D)","(D)","(D)","(D)","(D)"
"24580","Green Bay, WI (MSA)",101,"Transportation and utilities",800,Quantity Indexes for Real GDP by Metropolitan Area (2001=100.000),"(D)","(D)","(D)","(D)","(D)","(D)"
"24580","Green Bay, WI (MSA)",102,"Financial activities",800,Quantity Indexes for Real GDP by Metropolitan Area (2001=100.000),100.000,98.337,97.885,98.468,95.897,95.454
"24580","Green Bay, WI (MSA)",103,"Professional and business services",800,Quantity Indexes for Real GDP by Metropolitan Area (2001=100.000),100.000,99.841,117.659,115.636,121.730,129.140
"24580","Green Bay, WI (MSA)",104,"Education and health services",800,Quantity Indexes for Real GDP by Metropolitan Area (2001=100.000),100.000,107.634,110.749,118.329,118.630,120.972
"24580","Green Bay, WI (MSA)",105,"Leisure and hospitality",800,Quantity Indexes for Real GDP by Metropolitan Area (2001=100.000),100.000,101.007,"(D)","(D)","(D)","(D)"
"24580","Green Bay, WI (MSA)",106,"Information, Communication, and Technology (ICT)",800,Quantity Indexes for Real GDP by Metropolitan Area (2001=100.000),100.000,100.681,109.358,117.865,129.881,137.346
"24580","Green Bay, WI (MSA)",108,"Private goods-producing industries",800,Quantity Indexes for Real GDP by Metropolitan Area (2001=100.000),100.000,102.324,100.975,99.745,100.154,94.815
"24580","Green Bay, WI (MSA)",109,"Private services-providing industries",800,Quantity Indexes for Real GDP by Metropolitan Area (2001=100.000),100.000,99.820,104.307,108.252,109.036,110.367
"FIPS","Metropolitan Area","Industry Code","Industry","Component Code","Component","2001","2002","2003","2004","2005","2006"
"24580","Green Bay, WI (MSA)",1,"Total Gross Domestic Product by Metropolitan Area",900,Real GDP by Metropolitan Area (millions of chained 2001 dollars),11155,11228,11519,11722,11788,11724
"24580","Green Bay, WI (MSA)",2," Private industries",900,Real GDP by Metropolitan Area (millions of chained 2001 dollars),10208,10267,10546,10791,10860,10795
"24580","Green Bay, WI (MSA)",3,"   Agriculture, forestry, fishing, and hunting",900,Real GDP by Metropolitan Area (millions of chained 2001 dollars),"(D)","(D)","(D)","(D)","(D)","(D)"
"24580","Green Bay, WI (MSA)",4,"     Crop and animal production (Farms)",900,Real GDP by Metropolitan Area (millions of chained 2001 dollars),163,172,175,156,175,161
"24580","Green Bay, WI (MSA)",5,"     Forestry, fishing, and related activities",900,Real GDP by Metropolitan Area (millions of chained 2001 dollars),"(D)","(D)","(D)","(D)","(D)","(D)"
"24580","Green Bay, WI (MSA)",6,"   Mining",900,Real GDP by Metropolitan Area (millions of chained 2001 dollars),"(D)","(D)","(D)","(D)","(D)","(D)"
"24580","Green Bay, WI (MSA)",7,"     Oil and gas extraction",900,Real GDP by Metropolitan Area (millions of chained 2001 dollars),"(L)","(L)","(L)","(L)","(L)","(L)"
"24580","Green Bay, WI (MSA)",8,"     Mining, except oil and gas",900,Real GDP by Metropolitan Area (millions of chained 2001 dollars),"(D)","(D)","(D)","(D)","(D)","(D)"
"24580","Green Bay, WI (MSA)",9,"     Support activities for mining",900,Real GDP by Metropolitan Area (millions of chained 2001 dollars),0,0,0,0,0,0
"24580","Green Bay, WI (MSA)",10,"   Utilities",900,Real GDP by Metropolitan Area (millions of chained 2001 dollars),"(D)","(D)","(D)","(D)","(D)","(D)"
"24580","Green Bay, WI (MSA)",11,"   Construction",900,Real GDP by Metropolitan Area (millions of chained 2001 dollars),546,555,521,506,477,437
"24580","Green Bay, WI (MSA)",12,"   Manufacturing",900,Real GDP by Metropolitan Area (millions of chained 2001 dollars),2385,2440,2431,2430,2459,2352
"24580","Green Bay, WI (MSA)",13,"     Durable goods",900,Real GDP by Metropolitan Area (millions of chained 2001 dollars),844,768,801,829,811,816
"24580","Green Bay, WI (MSA)",14,"       Wood product manufacturing",900,Real GDP by Metropolitan Area (millions of chained 2001 dollars),70,66,60,57,53,59
"24580","Green Bay, WI (MSA)",15,"       Nonmetallic mineral product manufacturing",900,Real GDP by Metropolitan Area (millions of chained 2001 dollars),"(D)","(D)","(D)","(D)","(D)","(D)"
"24580","Green Bay, WI (MSA)",16,"       Primary metal manufacturing",900,Real GDP by Metropolitan Area (millions of chained 2001 dollars),19,21,20,23,18,14
"24580","Green Bay, WI (MSA)",17,"       Fabricated metal product manufacturing",900,Real GDP by Metropolitan Area (millions of chained 2001 dollars),135,129,138,143,145,163
"24580","Green Bay, WI (MSA)",18,"       Machinery manufacturing",900,Real GDP by Metropolitan Area (millions of chained 2001 dollars),"(D)","(D)","(D)",244,"(D)",265
"24580","Green Bay, WI (MSA)",19,"       Computer and electronic product manufacturing",900,Real GDP by Metropolitan Area (millions of chained 2001 dollars),"(D)","(D)","(D)","(D)","(D)","(D)"
"24580","Green Bay, WI (MSA)",20,"       Electrical equipment and appliance manufacturing",900,Real GDP by Metropolitan Area (millions of chained 2001 dollars),"(D)","(D)","(D)","(D)","(D)","(D)"
"24580","Green Bay, WI (MSA)",21,"       Motor vehicle, body, trailer, and parts manufacturing",900,Real GDP by Metropolitan Area (millions of chained 2001 dollars),"(D)","(D)","(D)","(D)","(D)","(D)"
"24580","Green Bay, WI (MSA)",22,"       Other transportation equipment manufacturing",900,Real GDP by Metropolitan Area (millions of chained 2001 dollars),"(D)","(D)","(D)","(D)","(D)","(D)"
"24580","Green Bay, WI (MSA)",23,"       Furniture and related product manufacturing",900,Real GDP by Metropolitan Area (millions of chained 2001 dollars),120,123,136,120,106,104
"24580","Green Bay, WI (MSA)",24,"       Miscellaneous manufacturing",900,Real GDP by Metropolitan Area (millions of chained 2001 dollars),37,43,"(D)","(D)","(D)","(D)"
"24580","Green Bay, WI (MSA)",25,"     Nondurable goods",900,Real GDP by Metropolitan Area (millions of chained 2001 dollars),1540,1672,1631,1600,1648,1534
"24580","Green Bay, WI (MSA)",26,"       Food product manufacturing",900,Real GDP by Metropolitan Area (millions of chained 2001 dollars),"(D)","(D)","(D)","(D)","(D)","(D)"
"24580","Green Bay, WI (MSA)",27,"       Textile and textile product mills",900,Real GDP by Metropolitan Area (millions of chained 2001 dollars),"(D)","(D)","(D)","(D)","(D)","(D)"
"24580","Green Bay, WI (MSA)",28,"       Apparel manufacturing",900,Real GDP by Metropolitan Area (millions of chained 2001 dollars),6,5,3,3,"(D)","(D)"
"24580","Green Bay, WI (MSA)",29,"       Paper manufacturing",900,Real GDP by Metropolitan Area (millions of chained 2001 dollars),"(D)","(D)","(D)","(D)","(D)","(D)"
"24580","Green Bay, WI (MSA)",30,"       Printing and related support activities",900,Real GDP by Metropolitan Area (millions of chained 2001 dollars),172,188,207,"(D)","(D)","(D)"
"24580","Green Bay, WI (MSA)",31,"       Petroleum and coal products manufacturing",900,Real GDP by Metropolitan Area (millions of chained 2001 dollars),0,0,0,0,0,0
"24580","Green Bay, WI (MSA)",32,"       Chemical manufacturing",900,Real GDP by Metropolitan Area (millions of chained 2001 dollars),"(D)","(D)","(D)","(D)","(D)","(D)"
"24580","Green Bay, WI (MSA)",33,"       Plastics and rubber products manufacturing",900,Real GDP by Metropolitan Area (millions of chained 2001 dollars),"(D)","(D)","(D)","(D)","(D)","(D)"
"24580","Green Bay, WI (MSA)",34,"   Wholesale trade",900,Real GDP by Metropolitan Area (millions of chained 2001 dollars),"(D)","(D)","(D)","(D)","(D)","(D)"
"24580","Green Bay, WI (MSA)",35,"   Retail trade",900,Real GDP by Metropolitan Area (millions of chained 2001 dollars),711,729,771,790,773,792
"24580","Green Bay, WI (MSA)",36,"   Transportation and warehousing, excluding Postal Service",900,Real GDP by Metropolitan Area (millions of chained 2001 dollars),491,"(D)","(D)",593,615,605
"24580","Green Bay, WI (MSA)",37,"     Air transportation",900,Real GDP by Metropolitan Area (millions of chained 2001 dollars),"(D)","(D)",8,"(D)","(D)",9
"24580","Green Bay, WI (MSA)",38,"     Rail transportation",900,Real GDP by Metropolitan Area (millions of chained 2001 dollars),22,23,21,19,19,25
"24580","Green Bay, WI (MSA)",39,"     Water transportation",900,Real GDP by Metropolitan Area (millions of chained 2001 dollars),"(L)","(L)","(L)","(L)","(L)","(L)"
"24580","Green Bay, WI (MSA)",40,"     Truck transportation",900,Real GDP by Metropolitan Area (millions of chained 2001 dollars),"(D)",390,413,468,489,476
"24580","Green Bay, WI (MSA)",41,"     Transit and ground passenger transportation",900,Real GDP by Metropolitan Area (millions of chained 2001 dollars),"(D)",17,"(D)","(D)","(D)","(D)"
"24580","Green Bay, WI (MSA)",42,"     Pipeline transportation",900,Real GDP by Metropolitan Area (millions of chained 2001 dollars),"(L)","(L)","(D)",1,"(L)","(D)"
"24580","Green Bay, WI (MSA)",43,"     Other transportation and support activities",900,Real GDP by Metropolitan Area (millions of chained 2001 dollars),"(D)","(D)","(D)","(D)","(D)","(D)"
"24580","Green Bay, WI (MSA)",44,"     Warehousing and storage",900,Real GDP by Metropolitan Area (millions of chained 2001 dollars),15,"(D)","(D)","(D)","(D)","(D)"
"24580","Green Bay, WI (MSA)",45,"   Information",900,Real GDP by Metropolitan Area (millions of chained 2001 dollars),"(D)","(D)","(D)","(D)","(D)","(D)"
"24580","Green Bay, WI (MSA)",46,"     Publishing including software",900,Real GDP by Metropolitan Area (millions of chained 2001 dollars),"(D)","(D)","(D)","(D)","(D)","(D)"
"24580","Green Bay, WI (MSA)",47,"     Motion picture and sound recording industries",900,Real GDP by Metropolitan Area (millions of chained 2001 dollars),7,7,"(D)","(D)",6,"(D)"
"24580","Green Bay, WI (MSA)",48,"     Broadcasting and telecommunications",900,Real GDP by Metropolitan Area (millions of chained 2001 dollars),"(D)","(D)","(D)","(D)","(D)","(D)"
"24580","Green Bay, WI (MSA)",49,"     Information and data processing services",900,Real GDP by Metropolitan Area (millions of chained 2001 dollars),"(D)","(D)","(D)","(D)","(D)","(D)"
"24580","Green Bay, WI (MSA)",50,"   Finance and insurance",900,Real GDP by Metropolitan Area (millions of chained 2001 dollars),803,792,831,898,837,820
"24580","Green Bay, WI (MSA)",51,"     Federal Reserve banks, credit intermediation and related services",900,Real GDP by Metropolitan Area (millions of chained 2001 dollars),253,263,269,263,270,278
"24580","Green Bay, WI (MSA)",52,"     Securities, commodity contracts, investments",900,Real GDP by Metropolitan Area (millions of chained 2001 dollars),"(D)","(D)","(D)","(D)","(D)","(D)"
"24580","Green Bay, WI (MSA)",53,"     Insurance carriers and related activities",900,Real GDP by Metropolitan Area (millions of chained 2001 dollars),"(D)","(D)","(D)","(D)","(D)","(D)"
"24580","Green Bay, WI (MSA)",54,"     Funds, trusts, and other financial vehicles",900,Real GDP by Metropolitan Area (millions of chained 2001 dollars),"(D)","(D)","(D)","(D)","(D)","(D)"
"24580","Green Bay, WI (MSA)",55,"   Real estate and rental and leasing",900,Real GDP by Metropolitan Area (millions of chained 2001 dollars),1202,1180,1131,1074,1086,1094
"24580","Green Bay, WI (MSA)",56,"     Real estate",900,Real GDP by Metropolitan Area (millions of chained 2001 dollars),"(D)","(D)","(D)","(D)","(D)","(D)"
"24580","Green Bay, WI (MSA)",57,"     Rental and leasing services and lessors of intangible assets",900,Real GDP by Metropolitan Area (millions of chained 2001 dollars),"(D)","(D)","(D)","(D)","(D)","(D)"
"24580","Green Bay, WI (MSA)",58,"   Professional and technical services",900,Real GDP by Metropolitan Area (millions of chained 2001 dollars),"(D)",358,388,417,440,481
"24580","Green Bay, WI (MSA)",62,"   Management of companies and enterprises",900,Real GDP by Metropolitan Area (millions of chained 2001 dollars),"(D)","(D)",278,"(D)","(D)","(D)"
"24580","Green Bay, WI (MSA)",63,"   Administrative and waste services",900,Real GDP by Metropolitan Area (millions of chained 2001 dollars),"(D)","(D)",190,"(D)","(D)","(D)"
"24580","Green Bay, WI (MSA)",64,"     Administrative and support services",900,Real GDP by Metropolitan Area (millions of chained 2001 dollars),"(D)",164,"(D)","(D)","(D)","(D)"
"24580","Green Bay, WI (MSA)",65,"     Waste management and remediation services",900,Real GDP by Metropolitan Area (millions of chained 2001 dollars),"(D)","(D)","(D)","(D)","(D)","(D)"
"24580","Green Bay, WI (MSA)",66,"   Educational services",900,Real GDP by Metropolitan Area (millions of chained 2001 dollars),54,"(D)","(D)","(D)",49,"(D)"
"24580","Green Bay, WI (MSA)",67,"   Health care and social assistance",900,Real GDP by Metropolitan Area (millions of chained 2001 dollars),815,"(D)","(D)","(D)",983,"(D)"
"24580","Green Bay, WI (MSA)",68,"     Ambulatory health care services",900,Real GDP by Metropolitan Area (millions of chained 2001 dollars),"(D)",450,"(D)","(D)","(D)",493
"24580","Green Bay, WI (MSA)",69,"     Hospitals and nursing and residential care facilities",900,Real GDP by Metropolitan Area (millions of chained 2001 dollars),"(D)","(D)","(D)","(D)","(D)","(D)"
"24580","Green Bay, WI (MSA)",70,"     Social assistance",900,Real GDP by Metropolitan Area (millions of chained 2001 dollars),"(D)",68,72,78,"(D)","(D)"
"24580","Green Bay, WI (MSA)",71,"   Arts, entertainment, and recreation",900,Real GDP by Metropolitan Area (millions of chained 2001 dollars),155,165,"(D)","(D)","(D)","(D)"
"24580","Green Bay, WI (MSA)",72,"     Performing arts, museums, and related activities",900,Real GDP by Metropolitan Area (millions of chained 2001 dollars),"(D)","(D)","(D)","(D)","(D)","(D)"
"24580","Green Bay, WI (MSA)",73,"     Amusement, gambling, and recreation",900,Real GDP by Metropolitan Area (millions of chained 2001 dollars),"(D)","(D)","(D)","(D)","(D)","(D)"
"24580","Green Bay, WI (MSA)",74,"   Accommodation and food services",900,Real GDP by Metropolitan Area (millions of chained 2001 dollars),237,231,249,265,258,255
"24580","Green Bay, WI (MSA)",75,"     Accommodation",900,Real GDP by Metropolitan Area (millions of chained 2001 dollars),50,52,53,56,56,"(D)"
"24580","Green Bay, WI (MSA)",76,"     Food services and drinking places",900,Real GDP by Metropolitan Area (millions of chained 2001 dollars),186,179,195,209,202,"(D)"
"24580","Green Bay, WI (MSA)",77,"   Other services, except government",900,Real GDP by Metropolitan Area (millions of chained 2001 dollars),"(D)",226,230,"(D)","(D)","(D)"
"24580","Green Bay, WI (MSA)",78," Government",900,Real GDP by Metropolitan Area (millions of chained 2001 dollars),947,961,973,935,933,933
"24580","Green Bay, WI (MSA)",79,"   Federal civilian",900,Real GDP by Metropolitan Area (millions of chained 2001 dollars),126,126,128,118,118,125
"24580","Green Bay, WI (MSA)",80,"   Federal military",900,Real GDP by Metropolitan Area (millions of chained 2001 dollars),24,28,35,34,32,29
"24580","Green Bay, WI (MSA)",81,"   State and local",900,Real GDP by Metropolitan Area (millions of chained 2001 dollars),798,807,809,784,783,779
"24580","Green Bay, WI (MSA)",99,"Natural resources and mining",900,Real GDP by Metropolitan Area (millions of chained 2001 dollars),185,192,195,177,195,181
"24580","Green Bay, WI (MSA)",100,"Trade",900,Real GDP by Metropolitan Area (millions of chained 2001 dollars),"(D)","(D)","(D)","(D)","(D)","(D)"
"24580","Green Bay, WI (MSA)",101,"Transportation and utilities",900,Real GDP by Metropolitan Area (millions of chained 2001 dollars),"(D)",1181,1296,"(D)","(D)","(D)"
"24580","Green Bay, WI (MSA)",102,"Financial activities",900,Real GDP by Metropolitan Area (millions of chained 2001 dollars),2005,1972,1963,1975,1923,1914
"24580","Green Bay, WI (MSA)",103,"Professional and business services",900,Real GDP by Metropolitan Area (millions of chained 2001 dollars),727,726,856,841,885,939
"24580","Green Bay, WI (MSA)",104,"Education and health services",900,Real GDP by Metropolitan Area (millions of chained 2001 dollars),869,936,963,1029,1031,1052
"24580","Green Bay, WI (MSA)",105,"Leisure and hospitality",900,Real GDP by Metropolitan Area (millions of chained 2001 dollars),392,395,"(D)","(D)","(D)","(D)"
"24580","Green Bay, WI (MSA)",106,"Information, Communication, and Technology (ICT)",900,Real GDP by Metropolitan Area (millions of chained 2001 dollars),102,103,111,120,132,140
"24580","Green Bay, WI (MSA)",108,"Private goods-producing industries",900,Real GDP by Metropolitan Area (millions of chained 2001 dollars),3108,3181,3139,3100,3113,2947
"24580","Green Bay, WI (MSA)",109,"Private services-providing industries",900,Real GDP by Metropolitan Area (millions of chained 2001 dollars),7100,7087,7405,7686,7741,7836
"FIPS","Metropolitan Area","Industry Code","Industry","Component Code","Component","2001","2002","2003","2004","2005","2006"
"24580","Green Bay, WI (MSA)",1,"Total Gross Domestic Product by Metropolitan Area",1000,Per capita real GDP by Metropolitan Area (chained 2001 dollars),39024,38873,39561,39814,39764,39274
"24580","Green Bay, WI (MSA)",2," Private industries",1000,Per capita real GDP by Metropolitan Area (chained 2001 dollars),"n/a","n/a","n/a","n/a","n/a","n/a"
"24580","Green Bay, WI (MSA)",3,"   Agriculture, forestry, fishing, and hunting",1000,Per capita real GDP by Metropolitan Area (chained 2001 dollars),"n/a","n/a","n/a","n/a","n/a","n/a"
"24580","Green Bay, WI (MSA)",4,"     Crop and animal production (Farms)",1000,Per capita real GDP by Metropolitan Area (chained 2001 dollars),"n/a","n/a","n/a","n/a","n/a","n/a"
"24580","Green Bay, WI (MSA)",5,"     Forestry, fishing, and related activities",1000,Per capita real GDP by Metropolitan Area (chained 2001 dollars),"n/a","n/a","n/a","n/a","n/a","n/a"
"24580","Green Bay, WI (MSA)",6,"   Mining",1000,Per capita real GDP by Metropolitan Area (chained 2001 dollars),"n/a","n/a","n/a","n/a","n/a","n/a"
"24580","Green Bay, WI (MSA)",7,"     Oil and gas extraction",1000,Per capita real GDP by Metropolitan Area (chained 2001 dollars),"n/a","n/a","n/a","n/a","n/a","n/a"
"24580","Green Bay, WI (MSA)",8,"     Mining, except oil and gas",1000,Per capita real GDP by Metropolitan Area (chained 2001 dollars),"n/a","n/a","n/a","n/a","n/a","n/a"
"24580","Green Bay, WI (MSA)",9,"     Support activities for mining",1000,Per capita real GDP by Metropolitan Area (chained 2001 dollars),"n/a","n/a","n/a","n/a","n/a","n/a"
"24580","Green Bay, WI (MSA)",10,"   Utilities",1000,Per capita real GDP by Metropolitan Area (chained 2001 dollars),"n/a","n/a","n/a","n/a","n/a","n/a"
"24580","Green Bay, WI (MSA)",11,"   Construction",1000,Per capita real GDP by Metropolitan Area (chained 2001 dollars),"n/a","n/a","n/a","n/a","n/a","n/a"
"24580","Green Bay, WI (MSA)",12,"   Manufacturing",1000,Per capita real GDP by Metropolitan Area (chained 2001 dollars),"n/a","n/a","n/a","n/a","n/a","n/a"
"24580","Green Bay, WI (MSA)",13,"     Durable goods",1000,Per capita real GDP by Metropolitan Area (chained 2001 dollars),"n/a","n/a","n/a","n/a","n/a","n/a"
"24580","Green Bay, WI (MSA)",14,"       Wood product manufacturing",1000,Per capita real GDP by Metropolitan Area (chained 2001 dollars),"n/a","n/a","n/a","n/a","n/a","n/a"
"24580","Green Bay, WI (MSA)",15,"       Nonmetallic mineral product manufacturing",1000,Per capita real GDP by Metropolitan Area (chained 2001 dollars),"n/a","n/a","n/a","n/a","n/a","n/a"
"24580","Green Bay, WI (MSA)",16,"       Primary metal manufacturing",1000,Per capita real GDP by Metropolitan Area (chained 2001 dollars),"n/a","n/a","n/a","n/a","n/a","n/a"
"24580","Green Bay, WI (MSA)",17,"       Fabricated metal product manufacturing",1000,Per capita real GDP by Metropolitan Area (chained 2001 dollars),"n/a","n/a","n/a","n/a","n/a","n/a"
"24580","Green Bay, WI (MSA)",18,"       Machinery manufacturing",1000,Per capita real GDP by Metropolitan Area (chained 2001 dollars),"n/a","n/a","n/a","n/a","n/a","n/a"
"24580","Green Bay, WI (MSA)",19,"       Computer and electronic product manufacturing",1000,Per capita real GDP by Metropolitan Area (chained 2001 dollars),"n/a","n/a","n/a","n/a","n/a","n/a"
"24580","Green Bay, WI (MSA)",20,"       Electrical equipment and appliance manufacturing",1000,Per capita real GDP by Metropolitan Area (chained 2001 dollars),"n/a","n/a","n/a","n/a","n/a","n/a"
"24580","Green Bay, WI (MSA)",21,"       Motor vehicle, body, trailer, and parts manufacturing",1000,Per capita real GDP by Metropolitan Area (chained 2001 dollars),"n/a","n/a","n/a","n/a","n/a","n/a"
"24580","Green Bay, WI (MSA)",22,"       Other transportation equipment manufacturing",1000,Per capita real GDP by Metropolitan Area (chained 2001 dollars),"n/a","n/a","n/a","n/a","n/a","n/a"
"24580","Green Bay, WI (MSA)",23,"       Furniture and related product manufacturing",1000,Per capita real GDP by Metropolitan Area (chained 2001 dollars),"n/a","n/a","n/a","n/a","n/a","n/a"
"24580","Green Bay, WI (MSA)",24,"       Miscellaneous manufacturing",1000,Per capita real GDP by Metropolitan Area (chained 2001 dollars),"n/a","n/a","n/a","n/a","n/a","n/a"
"24580","Green Bay, WI (MSA)",25,"     Nondurable goods",1000,Per capita real GDP by Metropolitan Area (chained 2001 dollars),"n/a","n/a","n/a","n/a","n/a","n/a"
"24580","Green Bay, WI (MSA)",26,"       Food product manufacturing",1000,Per capita real GDP by Metropolitan Area (chained 2001 dollars),"n/a","n/a","n/a","n/a","n/a","n/a"
"24580","Green Bay, WI (MSA)",27,"       Textile and textile product mills",1000,Per capita real GDP by Metropolitan Area (chained 2001 dollars),"n/a","n/a","n/a","n/a","n/a","n/a"
"24580","Green Bay, WI (MSA)",28,"       Apparel manufacturing",1000,Per capita real GDP by Metropolitan Area (chained 2001 dollars),"n/a","n/a","n/a","n/a","n/a","n/a"
"24580","Green Bay, WI (MSA)",29,"       Paper manufacturing",1000,Per capita real GDP by Metropolitan Area (chained 2001 dollars),"n/a","n/a","n/a","n/a","n/a","n/a"
"24580","Green Bay, WI (MSA)",30,"       Printing and related support activities",1000,Per capita real GDP by Metropolitan Area (chained 2001 dollars),"n/a","n/a","n/a","n/a","n/a","n/a"
"24580","Green Bay, WI (MSA)",31,"       Petroleum and coal products manufacturing",1000,Per capita real GDP by Metropolitan Area (chained 2001 dollars),"n/a","n/a","n/a","n/a","n/a","n/a"
"24580","Green Bay, WI (MSA)",32,"       Chemical manufacturing",1000,Per capita real GDP by Metropolitan Area (chained 2001 dollars),"n/a","n/a","n/a","n/a","n/a","n/a"
"24580","Green Bay, WI (MSA)",33,"       Plastics and rubber products manufacturing",1000,Per capita real GDP by Metropolitan Area (chained 2001 dollars),"n/a","n/a","n/a","n/a","n/a","n/a"
"24580","Green Bay, WI (MSA)",34,"   Wholesale trade",1000,Per capita real GDP by Metropolitan Area (chained 2001 dollars),"n/a","n/a","n/a","n/a","n/a","n/a"
"24580","Green Bay, WI (MSA)",35,"   Retail trade",1000,Per capita real GDP by Metropolitan Area (chained 2001 dollars),"n/a","n/a","n/a","n/a","n/a","n/a"
"24580","Green Bay, WI (MSA)",36,"   Transportation and warehousing, excluding Postal Service",1000,Per capita real GDP by Metropolitan Area (chained 2001 dollars),"n/a","n/a","n/a","n/a","n/a","n/a"
"24580","Green Bay, WI (MSA)",37,"     Air transportation",1000,Per capita real GDP by Metropolitan Area (chained 2001 dollars),"n/a","n/a","n/a","n/a","n/a","n/a"
"24580","Green Bay, WI (MSA)",38,"     Rail transportation",1000,Per capita real GDP by Metropolitan Area (chained 2001 dollars),"n/a","n/a","n/a","n/a","n/a","n/a"
"24580","Green Bay, WI (MSA)",39,"     Water transportation",1000,Per capita real GDP by Metropolitan Area (chained 2001 dollars),"n/a","n/a","n/a","n/a","n/a","n/a"
"24580","Green Bay, WI (MSA)",40,"     Truck transportation",1000,Per capita real GDP by Metropolitan Area (chained 2001 dollars),"n/a","n/a","n/a","n/a","n/a","n/a"
"24580","Green Bay, WI (MSA)",41,"     Transit and ground passenger transportation",1000,Per capita real GDP by Metropolitan Area (chained 2001 dollars),"n/a","n/a","n/a","n/a","n/a","n/a"
"24580","Green Bay, WI (MSA)",42,"     Pipeline transportation",1000,Per capita real GDP by Metropolitan Area (chained 2001 dollars),"n/a","n/a","n/a","n/a","n/a","n/a"
"24580","Green Bay, WI (MSA)",43,"     Other transportation and support activities",1000,Per capita real GDP by Metropolitan Area (chained 2001 dollars),"n/a","n/a","n/a","n/a","n/a","n/a"
"24580","Green Bay, WI (MSA)",44,"     Warehousing and storage",1000,Per capita real GDP by Metropolitan Area (chained 2001 dollars),"n/a","n/a","n/a","n/a","n/a","n/a"
"24580","Green Bay, WI (MSA)",45,"   Information",1000,Per capita real GDP by Metropolitan Area (chained 2001 dollars),"n/a","n/a","n/a","n/a","n/a","n/a"
"24580","Green Bay, WI (MSA)",46,"     Publishing including software",1000,Per capita real GDP by Metropolitan Area (chained 2001 dollars),"n/a","n/a","n/a","n/a","n/a","n/a"
"24580","Green Bay, WI (MSA)",47,"     Motion picture and sound recording industries",1000,Per capita real GDP by Metropolitan Area (chained 2001 dollars),"n/a","n/a","n/a","n/a","n/a","n/a"
"24580","Green Bay, WI (MSA)",48,"     Broadcasting and telecommunications",1000,Per capita real GDP by Metropolitan Area (chained 2001 dollars),"n/a","n/a","n/a","n/a","n/a","n/a"
"24580","Green Bay, WI (MSA)",49,"     Information and data processing services",1000,Per capita real GDP by Metropolitan Area (chained 2001 dollars),"n/a","n/a","n/a","n/a","n/a","n/a"
"24580","Green Bay, WI (MSA)",50,"   Finance and insurance",1000,Per capita real GDP by Metropolitan Area (chained 2001 dollars),"n/a","n/a","n/a","n/a","n/a","n/a"
"24580","Green Bay, WI (MSA)",51,"     Federal Reserve banks, credit intermediation and related services",1000,Per capita real GDP by Metropolitan Area (chained 2001 dollars),"n/a","n/a","n/a","n/a","n/a","n/a"
"24580","Green Bay, WI (MSA)",52,"     Securities, commodity contracts, investments",1000,Per capita real GDP by Metropolitan Area (chained 2001 dollars),"n/a","n/a","n/a","n/a","n/a","n/a"
"24580","Green Bay, WI (MSA)",53,"     Insurance carriers and related activities",1000,Per capita real GDP by Metropolitan Area (chained 2001 dollars),"n/a","n/a","n/a","n/a","n/a","n/a"
"24580","Green Bay, WI (MSA)",54,"     Funds, trusts, and other financial vehicles",1000,Per capita real GDP by Metropolitan Area (chained 2001 dollars),"n/a","n/a","n/a","n/a","n/a","n/a"
"24580","Green Bay, WI (MSA)",55,"   Real estate and rental and leasing",1000,Per capita real GDP by Metropolitan Area (chained 2001 dollars),"n/a","n/a","n/a","n/a","n/a","n/a"
"24580","Green Bay, WI (MSA)",56,"     Real estate",1000,Per capita real GDP by Metropolitan Area (chained 2001 dollars),"n/a","n/a","n/a","n/a","n/a","n/a"
"24580","Green Bay, WI (MSA)",57,"     Rental and leasing services and lessors of intangible assets",1000,Per capita real GDP by Metropolitan Area (chained 2001 dollars),"n/a","n/a","n/a","n/a","n/a","n/a"
"24580","Green Bay, WI (MSA)",58,"   Professional and technical services",1000,Per capita real GDP by Metropolitan Area (chained 2001 dollars),"n/a","n/a","n/a","n/a","n/a","n/a"
"24580","Green Bay, WI (MSA)",62,"   Management of companies and enterprises",1000,Per capita real GDP by Metropolitan Area (chained 2001 dollars),"n/a","n/a","n/a","n/a","n/a","n/a"
"24580","Green Bay, WI (MSA)",63,"   Administrative and waste services",1000,Per capita real GDP by Metropolitan Area (chained 2001 dollars),"n/a","n/a","n/a","n/a","n/a","n/a"
"24580","Green Bay, WI (MSA)",64,"     Administrative and support services",1000,Per capita real GDP by Metropolitan Area (chained 2001 dollars),"n/a","n/a","n/a","n/a","n/a","n/a"
"24580","Green Bay, WI (MSA)",65,"     Waste management and remediation services",1000,Per capita real GDP by Metropolitan Area (chained 2001 dollars),"n/a","n/a","n/a","n/a","n/a","n/a"
"24580","Green Bay, WI (MSA)",66,"   Educational services",1000,Per capita real GDP by Metropolitan Area (chained 2001 dollars),"n/a","n/a","n/a","n/a","n/a","n/a"
"24580","Green Bay, WI (MSA)",67,"   Health care and social assistance",1000,Per capita real GDP by Metropolitan Area (chained 2001 dollars),"n/a","n/a","n/a","n/a","n/a","n/a"
"24580","Green Bay, WI (MSA)",68,"     Ambulatory health care services",1000,Per capita real GDP by Metropolitan Area (chained 2001 dollars),"n/a","n/a","n/a","n/a","n/a","n/a"
"24580","Green Bay, WI (MSA)",69,"     Hospitals and nursing and residential care facilities",1000,Per capita real GDP by Metropolitan Area (chained 2001 dollars),"n/a","n/a","n/a","n/a","n/a","n/a"
"24580","Green Bay, WI (MSA)",70,"     Social assistance",1000,Per capita real GDP by Metropolitan Area (chained 2001 dollars),"n/a","n/a","n/a","n/a","n/a","n/a"
"24580","Green Bay, WI (MSA)",71,"   Arts, entertainment, and recreation",1000,Per capita real GDP by Metropolitan Area (chained 2001 dollars),"n/a","n/a","n/a","n/a","n/a","n/a"
"24580","Green Bay, WI (MSA)",72,"     Performing arts, museums, and related activities",1000,Per capita real GDP by Metropolitan Area (chained 2001 dollars),"n/a","n/a","n/a","n/a","n/a","n/a"
"24580","Green Bay, WI (MSA)",73,"     Amusement, gambling, and recreation",1000,Per capita real GDP by Metropolitan Area (chained 2001 dollars),"n/a","n/a","n/a","n/a","n/a","n/a"
"24580","Green Bay, WI (MSA)",74,"   Accommodation and food services",1000,Per capita real GDP by Metropolitan Area (chained 2001 dollars),"n/a","n/a","n/a","n/a","n/a","n/a"
"24580","Green Bay, WI (MSA)",75,"     Accommodation",1000,Per capita real GDP by Metropolitan Area (chained 2001 dollars),"n/a","n/a","n/a","n/a","n/a","n/a"
"24580","Green Bay, WI (MSA)",76,"     Food services and drinking places",1000,Per capita real GDP by Metropolitan Area (chained 2001 dollars),"n/a","n/a","n/a","n/a","n/a","n/a"
"24580","Green Bay, WI (MSA)",77,"   Other services, except government",1000,Per capita real GDP by Metropolitan Area (chained 2001 dollars),"n/a","n/a","n/a","n/a","n/a","n/a"
"24580","Green Bay, WI (MSA)",78," Government",1000,Per capita real GDP by Metropolitan Area (chained 2001 dollars),"n/a","n/a","n/a","n/a","n/a","n/a"
"24580","Green Bay, WI (MSA)",79,"   Federal civilian",1000,Per capita real GDP by Metropolitan Area (chained 2001 dollars),"n/a","n/a","n/a","n/a","n/a","n/a"
"24580","Green Bay, WI (MSA)",80,"   Federal military",1000,Per capita real GDP by Metropolitan Area (chained 2001 dollars),"n/a","n/a","n/a","n/a","n/a","n/a"
"24580","Green Bay, WI (MSA)",81,"   State and local",1000,Per capita real GDP by Metropolitan Area (chained 2001 dollars),"n/a","n/a","n/a","n/a","n/a","n/a"
"24580","Green Bay, WI (MSA)",99,"Natural resources and mining",1000,Per capita real GDP by Metropolitan Area (chained 2001 dollars),"n/a","n/a","n/a","n/a","n/a","n/a"
"24580","Green Bay, WI (MSA)",100,"Trade",1000,Per capita real GDP by Metropolitan Area (chained 2001 dollars),"n/a","n/a","n/a","n/a","n/a","n/a"
"24580","Green Bay, WI (MSA)",101,"Transportation and utilities",1000,Per capita real GDP by Metropolitan Area (chained 2001 dollars),"n/a","n/a","n/a","n/a","n/a","n/a"
"24580","Green Bay, WI (MSA)",102,"Financial activities",1000,Per capita real GDP by Metropolitan Area (chained 2001 dollars),"n/a","n/a","n/a","n/a","n/a","n/a"
"24580","Green Bay, WI (MSA)",103,"Professional and business services",1000,Per capita real GDP by Metropolitan Area (chained 2001 dollars),"n/a","n/a","n/a","n/a","n/a","n/a"
"24580","Green Bay, WI (MSA)",104,"Education and health services",1000,Per capita real GDP by Metropolitan Area (chained 2001 dollars),"n/a","n/a","n/a","n/a","n/a","n/a"
"24580","Green Bay, WI (MSA)",105,"Leisure and hospitality",1000,Per capita real GDP by Metropolitan Area (chained 2001 dollars),"n/a","n/a","n/a","n/a","n/a","n/a"
"24580","Green Bay, WI (MSA)",106,"Information, Communication, and Technology (ICT)",1000,Per capita real GDP by Metropolitan Area (chained 2001 dollars),"n/a","n/a","n/a","n/a","n/a","n/a"
"24580","Green Bay, WI (MSA)",108,"Private goods-producing industries",1000,Per capita real GDP by Metropolitan Area (chained 2001 dollars),"n/a","n/a","n/a","n/a","n/a","n/a"
"24580","Green Bay, WI (MSA)",109,"Private services-providing industries",1000,Per capita real GDP by Metropolitan Area (chained 2001 dollars),"n/a","n/a","n/a","n/a","n/a","n/a"
Source: Bureau of Economic Analysis, U.S. Department of Commerce
