"FIPS","Metropolitan Area","Industry Code","Industry","Component Code","Component","2001","2002","2003","2004","2005","2006"
"24660","Greensboro-High Point, NC (MSA)",1,"Total Gross Domestic Product by Metropolitan Area",200,GDP by Metropolitan Area (millions of current dollars),26666,26918,27466,28223,29717,31830
"24660","Greensboro-High Point, NC (MSA)",2," Private industries",200,GDP by Metropolitan Area (millions of current dollars),24746,24917,25366,26024,27370,29357
"24660","Greensboro-High Point, NC (MSA)",3,"   Agriculture, forestry, fishing, and hunting",200,GDP by Metropolitan Area (millions of current dollars),"(D)","(D)","(D)","(D)","(D)","(D)"
"24660","Greensboro-High Point, NC (MSA)",4,"     Crop and animal production (Farms)",200,GDP by Metropolitan Area (millions of current dollars),194,117,135,230,164,215
"24660","Greensboro-High Point, NC (MSA)",5,"     Forestry, fishing, and related activities",200,GDP by Metropolitan Area (millions of current dollars),"(D)","(D)","(D)","(D)","(D)","(D)"
"24660","Greensboro-High Point, NC (MSA)",6,"   Mining",200,GDP by Metropolitan Area (millions of current dollars),"(D)","(D)","(D)","(D)","(D)","(D)"
"24660","Greensboro-High Point, NC (MSA)",7,"     Oil and gas extraction",200,GDP by Metropolitan Area (millions of current dollars),"(L)","(L)","(L)",0,0,"(L)"
"24660","Greensboro-High Point, NC (MSA)",8,"     Mining, except oil and gas",200,GDP by Metropolitan Area (millions of current dollars),"(D)","(D)","(D)","(D)","(D)","(D)"
"24660","Greensboro-High Point, NC (MSA)",9,"     Support activities for mining",200,GDP by Metropolitan Area (millions of current dollars),"(D)","(D)",3,"(D)","(D)","(D)"
"24660","Greensboro-High Point, NC (MSA)",10,"   Utilities",200,GDP by Metropolitan Area (millions of current dollars),280,289,308,321,334,359
"24660","Greensboro-High Point, NC (MSA)",11,"   Construction",200,GDP by Metropolitan Area (millions of current dollars),1178,1110,1136,1241,1402,1413
"24660","Greensboro-High Point, NC (MSA)",12,"   Manufacturing",200,GDP by Metropolitan Area (millions of current dollars),6793,7002,6973,6625,6814,6997
"24660","Greensboro-High Point, NC (MSA)",13,"     Durable goods",200,GDP by Metropolitan Area (millions of current dollars),2205,2172,"(D)","(D)","(D)","(D)"
"24660","Greensboro-High Point, NC (MSA)",14,"       Wood product manufacturing",200,GDP by Metropolitan Area (millions of current dollars),121,111,110,123,123,129
"24660","Greensboro-High Point, NC (MSA)",15,"       Nonmetallic mineral product manufacturing",200,GDP by Metropolitan Area (millions of current dollars),137,103,109,121,114,120
"24660","Greensboro-High Point, NC (MSA)",16,"       Primary metal manufacturing",200,GDP by Metropolitan Area (millions of current dollars),"(D)","(D)","(D)","(D)","(D)","(D)"
"24660","Greensboro-High Point, NC (MSA)",17,"       Fabricated metal product manufacturing",200,GDP by Metropolitan Area (millions of current dollars),290,285,290,322,352,355
"24660","Greensboro-High Point, NC (MSA)",18,"       Machinery manufacturing",200,GDP by Metropolitan Area (millions of current dollars),217,213,222,258,273,289
"24660","Greensboro-High Point, NC (MSA)",19,"       Computer and electronic product manufacturing",200,GDP by Metropolitan Area (millions of current dollars),"(D)","(D)","(D)","(D)","(D)","(D)"
"24660","Greensboro-High Point, NC (MSA)",20,"       Electrical equipment and appliance manufacturing",200,GDP by Metropolitan Area (millions of current dollars),"(D)","(D)","(D)","(D)","(D)","(D)"
"24660","Greensboro-High Point, NC (MSA)",21,"       Motor vehicle, body, trailer, and parts manufacturing",200,GDP by Metropolitan Area (millions of current dollars),"(D)","(D)","(D)",300,"(D)","(D)"
"24660","Greensboro-High Point, NC (MSA)",22,"       Other transportation equipment manufacturing",200,GDP by Metropolitan Area (millions of current dollars),"(D)","(D)","(D)","(D)","(D)","(D)"
"24660","Greensboro-High Point, NC (MSA)",23,"       Furniture and related product manufacturing",200,GDP by Metropolitan Area (millions of current dollars),446,499,642,647,564,576
"24660","Greensboro-High Point, NC (MSA)",24,"       Miscellaneous manufacturing",200,GDP by Metropolitan Area (millions of current dollars),163,141,129,118,127,149
"24660","Greensboro-High Point, NC (MSA)",25,"     Nondurable goods",200,GDP by Metropolitan Area (millions of current dollars),4587,4830,"(D)","(D)","(D)","(D)"
"24660","Greensboro-High Point, NC (MSA)",26,"       Food product manufacturing",200,GDP by Metropolitan Area (millions of current dollars),"(D)","(D)","(D)","(D)","(D)","(D)"
"24660","Greensboro-High Point, NC (MSA)",27,"       Textile and textile product mills",200,GDP by Metropolitan Area (millions of current dollars),647,"(D)","(D)","(D)","(D)","(D)"
"24660","Greensboro-High Point, NC (MSA)",28,"       Apparel manufacturing",200,GDP by Metropolitan Area (millions of current dollars),"(D)","(D)","(D)","(D)","(D)","(D)"
"24660","Greensboro-High Point, NC (MSA)",29,"       Paper manufacturing",200,GDP by Metropolitan Area (millions of current dollars),"(D)","(D)","(D)","(D)","(D)","(D)"
"24660","Greensboro-High Point, NC (MSA)",30,"       Printing and related support activities",200,GDP by Metropolitan Area (millions of current dollars),211,242,217,203,192,191
"24660","Greensboro-High Point, NC (MSA)",31,"       Petroleum and coal products manufacturing",200,GDP by Metropolitan Area (millions of current dollars),"(D)","(D)","(D)","(D)","(D)","(D)"
"24660","Greensboro-High Point, NC (MSA)",32,"       Chemical manufacturing",200,GDP by Metropolitan Area (millions of current dollars),1623,1958,1885,1483,1728,1745
"24660","Greensboro-High Point, NC (MSA)",33,"       Plastics and rubber products manufacturing",200,GDP by Metropolitan Area (millions of current dollars),216,224,239,226,245,263
"24660","Greensboro-High Point, NC (MSA)",34,"   Wholesale trade",200,GDP by Metropolitan Area (millions of current dollars),1942,2002,2041,2253,2408,2545
"24660","Greensboro-High Point, NC (MSA)",35,"   Retail trade",200,GDP by Metropolitan Area (millions of current dollars),1783,1956,2084,2075,2314,2459
"24660","Greensboro-High Point, NC (MSA)",36,"   Transportation and warehousing, excluding Postal Service",200,GDP by Metropolitan Area (millions of current dollars),1048,964,983,1043,1097,1115
"24660","Greensboro-High Point, NC (MSA)",37,"     Air transportation",200,GDP by Metropolitan Area (millions of current dollars),"(D)","(D)","(D)","(D)","(D)","(D)"
"24660","Greensboro-High Point, NC (MSA)",38,"     Rail transportation",200,GDP by Metropolitan Area (millions of current dollars),9,10,11,12,15,17
"24660","Greensboro-High Point, NC (MSA)",39,"     Water transportation",200,GDP by Metropolitan Area (millions of current dollars),"(L)","(L)","(L)","(L)","(L)","(L)"
"24660","Greensboro-High Point, NC (MSA)",40,"     Truck transportation",200,GDP by Metropolitan Area (millions of current dollars),483,455,453,464,488,507
"24660","Greensboro-High Point, NC (MSA)",41,"     Transit and ground passenger transportation",200,GDP by Metropolitan Area (millions of current dollars),15,"(D)","(D)",16,"(D)","(D)"
"24660","Greensboro-High Point, NC (MSA)",42,"     Pipeline transportation",200,GDP by Metropolitan Area (millions of current dollars),"(D)","(D)","(D)",13,12,14
"24660","Greensboro-High Point, NC (MSA)",43,"     Other transportation and support activities",200,GDP by Metropolitan Area (millions of current dollars),"(D)","(D)","(D)","(D)","(D)","(D)"
"24660","Greensboro-High Point, NC (MSA)",44,"     Warehousing and storage",200,GDP by Metropolitan Area (millions of current dollars),"(D)",132,134,143,"(D)",141
"24660","Greensboro-High Point, NC (MSA)",45,"   Information",200,GDP by Metropolitan Area (millions of current dollars),751,737,773,763,798,908
"24660","Greensboro-High Point, NC (MSA)",46,"     Publishing including software",200,GDP by Metropolitan Area (millions of current dollars),"(D)","(D)","(D)","(D)","(D)","(D)"
"24660","Greensboro-High Point, NC (MSA)",47,"     Motion picture and sound recording industries",200,GDP by Metropolitan Area (millions of current dollars),"(D)","(D)","(D)","(D)","(D)","(D)"
"24660","Greensboro-High Point, NC (MSA)",48,"     Broadcasting and telecommunications",200,GDP by Metropolitan Area (millions of current dollars),412,417,"(D)","(D)","(D)",529
"24660","Greensboro-High Point, NC (MSA)",49,"     Information and data processing services",200,GDP by Metropolitan Area (millions of current dollars),"(D)","(D)","(D)","(D)","(D)","(D)"
"24660","Greensboro-High Point, NC (MSA)",50,"   Finance and insurance",200,GDP by Metropolitan Area (millions of current dollars),2712,2826,2704,2933,3016,3809
"24660","Greensboro-High Point, NC (MSA)",51,"     Federal Reserve banks, credit intermediation and related services",200,GDP by Metropolitan Area (millions of current dollars),1923,2115,1964,2163,"(D)","(D)"
"24660","Greensboro-High Point, NC (MSA)",52,"     Securities, commodity contracts, investments",200,GDP by Metropolitan Area (millions of current dollars),127,"(D)","(D)","(D)","(D)","(D)"
"24660","Greensboro-High Point, NC (MSA)",53,"     Insurance carriers and related activities",200,GDP by Metropolitan Area (millions of current dollars),651,559,"(D)",604,"(D)",676
"24660","Greensboro-High Point, NC (MSA)",54,"     Funds, trusts, and other financial vehicles",200,GDP by Metropolitan Area (millions of current dollars),11,"(D)",11,"(D)","(D)","(D)"
"24660","Greensboro-High Point, NC (MSA)",55,"   Real estate and rental and leasing",200,GDP by Metropolitan Area (millions of current dollars),2675,2430,2354,2457,2571,2647
"24660","Greensboro-High Point, NC (MSA)",56,"     Real estate",200,GDP by Metropolitan Area (millions of current dollars),2499,2308,2227,2332,2449,2467
"24660","Greensboro-High Point, NC (MSA)",57,"     Rental and leasing services and lessors of intangible assets",200,GDP by Metropolitan Area (millions of current dollars),176,122,127,125,122,180
"24660","Greensboro-High Point, NC (MSA)",58,"   Professional and technical services",200,GDP by Metropolitan Area (millions of current dollars),1202,1099,1115,1174,"(D)","(D)"
"24660","Greensboro-High Point, NC (MSA)",62,"   Management of companies and enterprises",200,GDP by Metropolitan Area (millions of current dollars),563,548,531,509,"(D)","(D)"
"24660","Greensboro-High Point, NC (MSA)",63,"   Administrative and waste services",200,GDP by Metropolitan Area (millions of current dollars),630,673,774,841,942,1023
"24660","Greensboro-High Point, NC (MSA)",64,"     Administrative and support services",200,GDP by Metropolitan Area (millions of current dollars),589,626,722,789,886,967
"24660","Greensboro-High Point, NC (MSA)",65,"     Waste management and remediation services",200,GDP by Metropolitan Area (millions of current dollars),41,47,51,52,55,56
"24660","Greensboro-High Point, NC (MSA)",66,"   Educational services",200,GDP by Metropolitan Area (millions of current dollars),"(D)","(D)",147,163,174,181
"24660","Greensboro-High Point, NC (MSA)",67,"   Health care and social assistance",200,GDP by Metropolitan Area (millions of current dollars),"(D)","(D)",1862,1984,2093,2237
"24660","Greensboro-High Point, NC (MSA)",68,"     Ambulatory health care services",200,GDP by Metropolitan Area (millions of current dollars),899,943,995,1104,1161,1246
"24660","Greensboro-High Point, NC (MSA)",69,"     Hospitals and nursing and residential care facilities",200,GDP by Metropolitan Area (millions of current dollars),"(D)","(D)","(D)","(D)","(D)","(D)"
"24660","Greensboro-High Point, NC (MSA)",70,"     Social assistance",200,GDP by Metropolitan Area (millions of current dollars),"(D)","(D)","(D)","(D)","(D)","(D)"
"24660","Greensboro-High Point, NC (MSA)",71,"   Arts, entertainment, and recreation",200,GDP by Metropolitan Area (millions of current dollars),106,108,114,116,116,138
"24660","Greensboro-High Point, NC (MSA)",72,"     Performing arts, museums, and related activities",200,GDP by Metropolitan Area (millions of current dollars),36,"(D)","(D)","(D)","(D)","(D)"
"24660","Greensboro-High Point, NC (MSA)",73,"     Amusement, gambling, and recreation",200,GDP by Metropolitan Area (millions of current dollars),70,"(D)","(D)","(D)","(D)","(D)"
"24660","Greensboro-High Point, NC (MSA)",74,"   Accommodation and food services",200,GDP by Metropolitan Area (millions of current dollars),526,578,613,643,672,706
"24660","Greensboro-High Point, NC (MSA)",75,"     Accommodation",200,GDP by Metropolitan Area (millions of current dollars),109,125,128,136,149,153
"24660","Greensboro-High Point, NC (MSA)",76,"     Food services and drinking places",200,GDP by Metropolitan Area (millions of current dollars),417,453,486,507,523,553
"24660","Greensboro-High Point, NC (MSA)",77,"   Other services, except government",200,GDP by Metropolitan Area (millions of current dollars),541,556,611,615,624,637
"24660","Greensboro-High Point, NC (MSA)",78," Government",200,GDP by Metropolitan Area (millions of current dollars),1920,2001,2100,2199,2348,2474
"24660","Greensboro-High Point, NC (MSA)",79,"   Federal civilian",200,GDP by Metropolitan Area (millions of current dollars),326,336,348,371,381,410
"24660","Greensboro-High Point, NC (MSA)",80,"   Federal military",200,GDP by Metropolitan Area (millions of current dollars),39,49,73,70,79,75
"24660","Greensboro-High Point, NC (MSA)",81,"   State and local",200,GDP by Metropolitan Area (millions of current dollars),1555,1615,1679,1758,1888,1989
"24660","Greensboro-High Point, NC (MSA)",99,"Natural resources and mining",200,GDP by Metropolitan Area (millions of current dollars),248,166,243,268,203,252
"24660","Greensboro-High Point, NC (MSA)",100,"Trade",200,GDP by Metropolitan Area (millions of current dollars),3725,3957,4125,4328,4722,5005
"24660","Greensboro-High Point, NC (MSA)",101,"Transportation and utilities",200,GDP by Metropolitan Area (millions of current dollars),1328,1253,1290,1365,1431,1474
"24660","Greensboro-High Point, NC (MSA)",102,"Financial activities",200,GDP by Metropolitan Area (millions of current dollars),5387,5256,5059,5390,5587,6456
"24660","Greensboro-High Point, NC (MSA)",103,"Professional and business services",200,GDP by Metropolitan Area (millions of current dollars),2394,2319,2420,2524,2733,2953
"24660","Greensboro-High Point, NC (MSA)",104,"Education and health services",200,GDP by Metropolitan Area (millions of current dollars),1769,1874,2009,2146,2267,2418
"24660","Greensboro-High Point, NC (MSA)",105,"Leisure and hospitality",200,GDP by Metropolitan Area (millions of current dollars),632,687,728,760,788,844
"24660","Greensboro-High Point, NC (MSA)",106,"Information, Communication, and Technology (ICT)",200,GDP by Metropolitan Area (millions of current dollars),711,583,664,603,635,829
"24660","Greensboro-High Point, NC (MSA)",108,"Private goods-producing industries",200,GDP by Metropolitan Area (millions of current dollars),8204,8264,8337,8122,8407,8649
"24660","Greensboro-High Point, NC (MSA)",109,"Private services-providing industries",200,GDP by Metropolitan Area (millions of current dollars),16542,16653,17029,17902,18963,20708
"FIPS","Metropolitan Area","Industry Code","Industry","Component Code","Component","2001","2002","2003","2004","2005","2006"
"24660","Greensboro-High Point, NC (MSA)",1,"Total Gross Domestic Product by Metropolitan Area",800,Quantity Indexes for Real GDP by Metropolitan Area (2001=100.000),100.000,98.844,99.339,99.555,102.125,106.459
"24660","Greensboro-High Point, NC (MSA)",2," Private industries",800,Quantity Indexes for Real GDP by Metropolitan Area (2001=100.000),100.000,98.777,99.296,99.531,102.133,106.772
"24660","Greensboro-High Point, NC (MSA)",3,"   Agriculture, forestry, fishing, and hunting",800,Quantity Indexes for Real GDP by Metropolitan Area (2001=100.000),"(D)","(D)","(D)","(D)","(D)","(D)"
"24660","Greensboro-High Point, NC (MSA)",4,"     Crop and animal production (Farms)",800,Quantity Indexes for Real GDP by Metropolitan Area (2001=100.000),100.000,66.201,66.689,94.672,81.310,112.727
"24660","Greensboro-High Point, NC (MSA)",5,"     Forestry, fishing, and related activities",800,Quantity Indexes for Real GDP by Metropolitan Area (2001=100.000),"(D)","(D)","(D)","(D)","(D)","(D)"
"24660","Greensboro-High Point, NC (MSA)",6,"   Mining",800,Quantity Indexes for Real GDP by Metropolitan Area (2001=100.000),"(D)","(D)","(D)","(D)","(D)","(D)"
"24660","Greensboro-High Point, NC (MSA)",7,"     Oil and gas extraction",800,Quantity Indexes for Real GDP by Metropolitan Area (2001=100.000),100.000,8.680,0.795,0.000,0.000,1.107
"24660","Greensboro-High Point, NC (MSA)",8,"     Mining, except oil and gas",800,Quantity Indexes for Real GDP by Metropolitan Area (2001=100.000),"(D)","(D)","(D)","(D)","(D)","(D)"
"24660","Greensboro-High Point, NC (MSA)",9,"     Support activities for mining",800,Quantity Indexes for Real GDP by Metropolitan Area (2001=100.000),"(D)","(D)","(D)","(D)","(D)","(D)"
"24660","Greensboro-High Point, NC (MSA)",10,"   Utilities",800,Quantity Indexes for Real GDP by Metropolitan Area (2001=100.000),100.000,104.691,112.436,113.706,111.163,106.846
"24660","Greensboro-High Point, NC (MSA)",11,"   Construction",800,Quantity Indexes for Real GDP by Metropolitan Area (2001=100.000),100.000,89.907,87.601,88.350,90.899,83.058
"24660","Greensboro-High Point, NC (MSA)",12,"   Manufacturing",800,Quantity Indexes for Real GDP by Metropolitan Area (2001=100.000),100.000,102.578,102.586,97.976,98.698,100.237
"24660","Greensboro-High Point, NC (MSA)",13,"     Durable goods",800,Quantity Indexes for Real GDP by Metropolitan Area (2001=100.000),100.000,99.309,"(D)","(D)","(D)","(D)"
"24660","Greensboro-High Point, NC (MSA)",14,"       Wood product manufacturing",800,Quantity Indexes for Real GDP by Metropolitan Area (2001=100.000),100.000,92.732,87.278,84.479,85.848,94.514
"24660","Greensboro-High Point, NC (MSA)",15,"       Nonmetallic mineral product manufacturing",800,Quantity Indexes for Real GDP by Metropolitan Area (2001=100.000),100.000,74.063,78.886,85.711,75.271,70.332
"24660","Greensboro-High Point, NC (MSA)",16,"       Primary metal manufacturing",800,Quantity Indexes for Real GDP by Metropolitan Area (2001=100.000),"(D)","(D)","(D)","(D)","(D)","(D)"
"24660","Greensboro-High Point, NC (MSA)",17,"       Fabricated metal product manufacturing",800,Quantity Indexes for Real GDP by Metropolitan Area (2001=100.000),100.000,97.849,100.725,108.929,113.554,113.907
"24660","Greensboro-High Point, NC (MSA)",18,"       Machinery manufacturing",800,Quantity Indexes for Real GDP by Metropolitan Area (2001=100.000),100.000,97.113,102.030,122.237,126.625,132.512
"24660","Greensboro-High Point, NC (MSA)",19,"       Computer and electronic product manufacturing",800,Quantity Indexes for Real GDP by Metropolitan Area (2001=100.000),"(D)","(D)","(D)","(D)","(D)","(D)"
"24660","Greensboro-High Point, NC (MSA)",20,"       Electrical equipment and appliance manufacturing",800,Quantity Indexes for Real GDP by Metropolitan Area (2001=100.000),"(D)","(D)","(D)","(D)","(D)","(D)"
"24660","Greensboro-High Point, NC (MSA)",21,"       Motor vehicle, body, trailer, and parts manufacturing",800,Quantity Indexes for Real GDP by Metropolitan Area (2001=100.000),"(D)","(D)","(D)","(D)","(D)","(D)"
"24660","Greensboro-High Point, NC (MSA)",22,"       Other transportation equipment manufacturing",800,Quantity Indexes for Real GDP by Metropolitan Area (2001=100.000),"(D)","(D)","(D)","(D)","(D)","(D)"
"24660","Greensboro-High Point, NC (MSA)",23,"       Furniture and related product manufacturing",800,Quantity Indexes for Real GDP by Metropolitan Area (2001=100.000),100.000,109.200,140.565,147.161,123.955,123.575
"24660","Greensboro-High Point, NC (MSA)",24,"       Miscellaneous manufacturing",800,Quantity Indexes for Real GDP by Metropolitan Area (2001=100.000),100.000,84.127,77.367,72.150,77.864,92.479
"24660","Greensboro-High Point, NC (MSA)",25,"     Nondurable goods",800,Quantity Indexes for Real GDP by Metropolitan Area (2001=100.000),100.000,104.133,"(D)","(D)","(D)","(D)"
"24660","Greensboro-High Point, NC (MSA)",26,"       Food product manufacturing",800,Quantity Indexes for Real GDP by Metropolitan Area (2001=100.000),"(D)","(D)","(D)","(D)","(D)","(D)"
"24660","Greensboro-High Point, NC (MSA)",27,"       Textile and textile product mills",800,Quantity Indexes for Real GDP by Metropolitan Area (2001=100.000),100.000,"(D)","(D)","(D)","(D)","(D)"
"24660","Greensboro-High Point, NC (MSA)",28,"       Apparel manufacturing",800,Quantity Indexes for Real GDP by Metropolitan Area (2001=100.000),"(D)","(D)","(D)","(D)","(D)","(D)"
"24660","Greensboro-High Point, NC (MSA)",29,"       Paper manufacturing",800,Quantity Indexes for Real GDP by Metropolitan Area (2001=100.000),"(D)","(D)","(D)","(D)","(D)","(D)"
"24660","Greensboro-High Point, NC (MSA)",30,"       Printing and related support activities",800,Quantity Indexes for Real GDP by Metropolitan Area (2001=100.000),100.000,113.192,102.547,97.465,92.421,90.800
"24660","Greensboro-High Point, NC (MSA)",31,"       Petroleum and coal products manufacturing",800,Quantity Indexes for Real GDP by Metropolitan Area (2001=100.000),"(D)","(D)","(D)","(D)","(D)","(D)"
"24660","Greensboro-High Point, NC (MSA)",32,"       Chemical manufacturing",800,Quantity Indexes for Real GDP by Metropolitan Area (2001=100.000),100.000,121.160,112.714,86.214,93.517,89.339
"24660","Greensboro-High Point, NC (MSA)",33,"       Plastics and rubber products manufacturing",800,Quantity Indexes for Real GDP by Metropolitan Area (2001=100.000),100.000,102.677,111.975,109.388,116.761,111.617
"24660","Greensboro-High Point, NC (MSA)",34,"   Wholesale trade",800,Quantity Indexes for Real GDP by Metropolitan Area (2001=100.000),100.000,102.700,103.317,107.943,111.432,113.759
"24660","Greensboro-High Point, NC (MSA)",35,"   Retail trade",800,Quantity Indexes for Real GDP by Metropolitan Area (2001=100.000),100.000,107.677,114.181,112.823,127.646,136.489
"24660","Greensboro-High Point, NC (MSA)",36,"   Transportation and warehousing, excluding Postal Service",800,Quantity Indexes for Real GDP by Metropolitan Area (2001=100.000),100.000,90.951,91.316,95.078,99.086,97.911
"24660","Greensboro-High Point, NC (MSA)",37,"     Air transportation",800,Quantity Indexes for Real GDP by Metropolitan Area (2001=100.000),"(D)","(D)","(D)","(D)","(D)","(D)"
"24660","Greensboro-High Point, NC (MSA)",38,"     Rail transportation",800,Quantity Indexes for Real GDP by Metropolitan Area (2001=100.000),100.000,100.533,108.268,114.318,131.906,166.023
"24660","Greensboro-High Point, NC (MSA)",39,"     Water transportation",800,Quantity Indexes for Real GDP by Metropolitan Area (2001=100.000),100.000,30.363,62.416,90.252,137.587,178.066
"24660","Greensboro-High Point, NC (MSA)",40,"     Truck transportation",800,Quantity Indexes for Real GDP by Metropolitan Area (2001=100.000),100.000,91.316,89.899,89.073,91.538,92.257
"24660","Greensboro-High Point, NC (MSA)",41,"     Transit and ground passenger transportation",800,Quantity Indexes for Real GDP by Metropolitan Area (2001=100.000),100.000,"(D)","(D)",98.150,"(D)","(D)"
"24660","Greensboro-High Point, NC (MSA)",42,"     Pipeline transportation",800,Quantity Indexes for Real GDP by Metropolitan Area (2001=100.000),"(D)","(D)","(D)","(D)","(D)","(D)"
"24660","Greensboro-High Point, NC (MSA)",43,"     Other transportation and support activities",800,Quantity Indexes for Real GDP by Metropolitan Area (2001=100.000),"(D)","(D)","(D)","(D)","(D)","(D)"
"24660","Greensboro-High Point, NC (MSA)",44,"     Warehousing and storage",800,Quantity Indexes for Real GDP by Metropolitan Area (2001=100.000),"(D)","(D)","(D)","(D)","(D)","(D)"
"24660","Greensboro-High Point, NC (MSA)",45,"   Information",800,Quantity Indexes for Real GDP by Metropolitan Area (2001=100.000),100.000,98.893,105.364,107.407,116.869,136.271
"24660","Greensboro-High Point, NC (MSA)",46,"     Publishing including software",800,Quantity Indexes for Real GDP by Metropolitan Area (2001=100.000),"(D)","(D)","(D)","(D)","(D)","(D)"
"24660","Greensboro-High Point, NC (MSA)",47,"     Motion picture and sound recording industries",800,Quantity Indexes for Real GDP by Metropolitan Area (2001=100.000),"(D)","(D)","(D)","(D)","(D)","(D)"
"24660","Greensboro-High Point, NC (MSA)",48,"     Broadcasting and telecommunications",800,Quantity Indexes for Real GDP by Metropolitan Area (2001=100.000),100.000,103.537,"(D)","(D)","(D)",151.159
"24660","Greensboro-High Point, NC (MSA)",49,"     Information and data processing services",800,Quantity Indexes for Real GDP by Metropolitan Area (2001=100.000),"(D)","(D)","(D)","(D)","(D)","(D)"
"24660","Greensboro-High Point, NC (MSA)",50,"   Finance and insurance",800,Quantity Indexes for Real GDP by Metropolitan Area (2001=100.000),100.000,99.856,93.201,97.507,97.954,120.035
"24660","Greensboro-High Point, NC (MSA)",51,"     Federal Reserve banks, credit intermediation and related services",800,Quantity Indexes for Real GDP by Metropolitan Area (2001=100.000),100.000,104.535,95.256,102.145,"(D)","(D)"
"24660","Greensboro-High Point, NC (MSA)",52,"     Securities, commodity contracts, investments",800,Quantity Indexes for Real GDP by Metropolitan Area (2001=100.000),100.000,"(D)","(D)","(D)","(D)","(D)"
"24660","Greensboro-High Point, NC (MSA)",53,"     Insurance carriers and related activities",800,Quantity Indexes for Real GDP by Metropolitan Area (2001=100.000),100.000,83.222,"(D)",77.830,"(D)",83.093
"24660","Greensboro-High Point, NC (MSA)",54,"     Funds, trusts, and other financial vehicles",800,Quantity Indexes for Real GDP by Metropolitan Area (2001=100.000),100.000,"(D)",98.903,"(D)","(D)","(D)"
"24660","Greensboro-High Point, NC (MSA)",55,"   Real estate and rental and leasing",800,Quantity Indexes for Real GDP by Metropolitan Area (2001=100.000),100.000,87.937,82.823,84.459,86.340,86.542
"24660","Greensboro-High Point, NC (MSA)",56,"     Real estate",800,Quantity Indexes for Real GDP by Metropolitan Area (2001=100.000),100.000,89.154,83.721,85.691,88.033,86.301
"24660","Greensboro-High Point, NC (MSA)",57,"     Rental and leasing services and lessors of intangible assets",800,Quantity Indexes for Real GDP by Metropolitan Area (2001=100.000),100.000,70.254,69.819,66.601,61.897,89.463
"24660","Greensboro-High Point, NC (MSA)",58,"   Professional and technical services",800,Quantity Indexes for Real GDP by Metropolitan Area (2001=100.000),100.000,89.220,90.503,95.107,"(D)","(D)"
"24660","Greensboro-High Point, NC (MSA)",62,"   Management of companies and enterprises",800,Quantity Indexes for Real GDP by Metropolitan Area (2001=100.000),100.000,96.974,90.821,77.122,"(D)","(D)"
"24660","Greensboro-High Point, NC (MSA)",63,"   Administrative and waste services",800,Quantity Indexes for Real GDP by Metropolitan Area (2001=100.000),100.000,104.306,119.600,125.654,135.723,141.045
"24660","Greensboro-High Point, NC (MSA)",64,"     Administrative and support services",800,Quantity Indexes for Real GDP by Metropolitan Area (2001=100.000),100.000,103.949,119.842,126.867,136.875,143.056
"24660","Greensboro-High Point, NC (MSA)",65,"     Waste management and remediation services",800,Quantity Indexes for Real GDP by Metropolitan Area (2001=100.000),100.000,109.361,116.341,109.372,120.298,113.688
"24660","Greensboro-High Point, NC (MSA)",66,"   Educational services",800,Quantity Indexes for Real GDP by Metropolitan Area (2001=100.000),"(D)","(D)","(D)","(D)","(D)","(D)"
"24660","Greensboro-High Point, NC (MSA)",67,"   Health care and social assistance",800,Quantity Indexes for Real GDP by Metropolitan Area (2001=100.000),"(D)","(D)","(D)","(D)","(D)","(D)"
"24660","Greensboro-High Point, NC (MSA)",68,"     Ambulatory health care services",800,Quantity Indexes for Real GDP by Metropolitan Area (2001=100.000),100.000,103.360,107.065,116.106,119.777,127.138
"24660","Greensboro-High Point, NC (MSA)",69,"     Hospitals and nursing and residential care facilities",800,Quantity Indexes for Real GDP by Metropolitan Area (2001=100.000),"(D)","(D)","(D)","(D)","(D)","(D)"
"24660","Greensboro-High Point, NC (MSA)",70,"     Social assistance",800,Quantity Indexes for Real GDP by Metropolitan Area (2001=100.000),"(D)","(D)","(D)","(D)","(D)","(D)"
"24660","Greensboro-High Point, NC (MSA)",71,"   Arts, entertainment, and recreation",800,Quantity Indexes for Real GDP by Metropolitan Area (2001=100.000),100.000,98.951,101.827,100.645,97.866,112.647
"24660","Greensboro-High Point, NC (MSA)",72,"     Performing arts, museums, and related activities",800,Quantity Indexes for Real GDP by Metropolitan Area (2001=100.000),100.000,"(D)","(D)","(D)","(D)","(D)"
"24660","Greensboro-High Point, NC (MSA)",73,"     Amusement, gambling, and recreation",800,Quantity Indexes for Real GDP by Metropolitan Area (2001=100.000),100.000,"(D)","(D)","(D)","(D)","(D)"
"24660","Greensboro-High Point, NC (MSA)",74,"   Accommodation and food services",800,Quantity Indexes for Real GDP by Metropolitan Area (2001=100.000),100.000,105.248,110.651,112.691,113.751,114.785
"24660","Greensboro-High Point, NC (MSA)",75,"     Accommodation",800,Quantity Indexes for Real GDP by Metropolitan Area (2001=100.000),100.000,114.532,115.029,116.577,121.632,120.957
"24660","Greensboro-High Point, NC (MSA)",76,"     Food services and drinking places",800,Quantity Indexes for Real GDP by Metropolitan Area (2001=100.000),100.000,102.878,109.501,111.665,111.687,113.166
"24660","Greensboro-High Point, NC (MSA)",77,"   Other services, except government",800,Quantity Indexes for Real GDP by Metropolitan Area (2001=100.000),100.000,98.752,105.215,102.708,98.612,96.009
"24660","Greensboro-High Point, NC (MSA)",78," Government",800,Quantity Indexes for Real GDP by Metropolitan Area (2001=100.000),100.000,99.699,99.885,99.886,102.082,102.889
"24660","Greensboro-High Point, NC (MSA)",79,"   Federal civilian",800,Quantity Indexes for Real GDP by Metropolitan Area (2001=100.000),100.000,96.635,94.972,94.454,92.920,96.132
"24660","Greensboro-High Point, NC (MSA)",80,"   Federal military",800,Quantity Indexes for Real GDP by Metropolitan Area (2001=100.000),100.000,116.551,158.717,143.080,148.554,133.517
"24660","Greensboro-High Point, NC (MSA)",81,"   State and local",800,Quantity Indexes for Real GDP by Metropolitan Area (2001=100.000),100.000,99.917,99.379,99.925,102.862,103.597
"24660","Greensboro-High Point, NC (MSA)",99,"Natural resources and mining",800,Quantity Indexes for Real GDP by Metropolitan Area (2001=100.000),100.000,71.515,95.025,89.542,78.132,100.036
"24660","Greensboro-High Point, NC (MSA)",100,"Trade",800,Quantity Indexes for Real GDP by Metropolitan Area (2001=100.000),100.000,105.092,108.542,110.331,119.070,124.351
"24660","Greensboro-High Point, NC (MSA)",101,"Transportation and utilities",800,Quantity Indexes for Real GDP by Metropolitan Area (2001=100.000),100.000,93.818,95.693,98.950,101.588,99.723
"24660","Greensboro-High Point, NC (MSA)",102,"Financial activities",800,Quantity Indexes for Real GDP by Metropolitan Area (2001=100.000),100.000,93.953,88.060,91.048,92.200,103.525
"24660","Greensboro-High Point, NC (MSA)",103,"Professional and business services",800,Quantity Indexes for Real GDP by Metropolitan Area (2001=100.000),100.000,95.007,98.235,98.687,101.845,105.953
"24660","Greensboro-High Point, NC (MSA)",104,"Education and health services",800,Quantity Indexes for Real GDP by Metropolitan Area (2001=100.000),100.000,102.275,106.813,110.418,113.302,117.889
"24660","Greensboro-High Point, NC (MSA)",105,"Leisure and hospitality",800,Quantity Indexes for Real GDP by Metropolitan Area (2001=100.000),100.000,104.197,109.177,110.675,111.091,114.423
"24660","Greensboro-High Point, NC (MSA)",106,"Information, Communication, and Technology (ICT)",800,Quantity Indexes for Real GDP by Metropolitan Area (2001=100.000),100.000,83.868,99.750,95.622,104.704,143.601
"24660","Greensboro-High Point, NC (MSA)",108,"Private goods-producing industries",800,Quantity Indexes for Real GDP by Metropolitan Area (2001=100.000),100.000,99.836,100.173,96.412,97.060,97.469
"24660","Greensboro-High Point, NC (MSA)",109,"Private services-providing industries",800,Quantity Indexes for Real GDP by Metropolitan Area (2001=100.000),100.000,98.255,98.863,101.013,104.545,111.205
"FIPS","Metropolitan Area","Industry Code","Industry","Component Code","Component","2001","2002","2003","2004","2005","2006"
"24660","Greensboro-High Point, NC (MSA)",1,"Total Gross Domestic Product by Metropolitan Area",900,Real GDP by Metropolitan Area (millions of chained 2001 dollars),26666,26358,26490,26547,27233,28388
"24660","Greensboro-High Point, NC (MSA)",2," Private industries",900,Real GDP by Metropolitan Area (millions of chained 2001 dollars),24746,24443,24572,24630,25274,26422
"24660","Greensboro-High Point, NC (MSA)",3,"   Agriculture, forestry, fishing, and hunting",900,Real GDP by Metropolitan Area (millions of chained 2001 dollars),"(D)","(D)","(D)","(D)","(D)","(D)"
"24660","Greensboro-High Point, NC (MSA)",4,"     Crop and animal production (Farms)",900,Real GDP by Metropolitan Area (millions of chained 2001 dollars),194,129,130,184,158,219
"24660","Greensboro-High Point, NC (MSA)",5,"     Forestry, fishing, and related activities",900,Real GDP by Metropolitan Area (millions of chained 2001 dollars),"(D)","(D)","(D)","(D)","(D)","(D)"
"24660","Greensboro-High Point, NC (MSA)",6,"   Mining",900,Real GDP by Metropolitan Area (millions of chained 2001 dollars),"(D)","(D)","(D)","(D)","(D)","(D)"
"24660","Greensboro-High Point, NC (MSA)",7,"     Oil and gas extraction",900,Real GDP by Metropolitan Area (millions of chained 2001 dollars),"(L)","(L)","(L)",0,0,"(L)"
"24660","Greensboro-High Point, NC (MSA)",8,"     Mining, except oil and gas",900,Real GDP by Metropolitan Area (millions of chained 2001 dollars),"(D)","(D)","(D)","(D)","(D)","(D)"
"24660","Greensboro-High Point, NC (MSA)",9,"     Support activities for mining",900,Real GDP by Metropolitan Area (millions of chained 2001 dollars),"(D)","(D)",2,"(D)","(D)","(D)"
"24660","Greensboro-High Point, NC (MSA)",10,"   Utilities",900,Real GDP by Metropolitan Area (millions of chained 2001 dollars),280,294,315,319,312,300
"24660","Greensboro-High Point, NC (MSA)",11,"   Construction",900,Real GDP by Metropolitan Area (millions of chained 2001 dollars),1178,1059,1032,1041,1071,978
"24660","Greensboro-High Point, NC (MSA)",12,"   Manufacturing",900,Real GDP by Metropolitan Area (millions of chained 2001 dollars),6793,6968,6968,6655,6704,6809
"24660","Greensboro-High Point, NC (MSA)",13,"     Durable goods",900,Real GDP by Metropolitan Area (millions of chained 2001 dollars),2205,2190,"(D)","(D)","(D)","(D)"
"24660","Greensboro-High Point, NC (MSA)",14,"       Wood product manufacturing",900,Real GDP by Metropolitan Area (millions of chained 2001 dollars),121,112,105,102,104,114
"24660","Greensboro-High Point, NC (MSA)",15,"       Nonmetallic mineral product manufacturing",900,Real GDP by Metropolitan Area (millions of chained 2001 dollars),137,102,108,118,103,96
"24660","Greensboro-High Point, NC (MSA)",16,"       Primary metal manufacturing",900,Real GDP by Metropolitan Area (millions of chained 2001 dollars),"(D)","(D)","(D)","(D)","(D)","(D)"
"24660","Greensboro-High Point, NC (MSA)",17,"       Fabricated metal product manufacturing",900,Real GDP by Metropolitan Area (millions of chained 2001 dollars),290,284,292,316,329,330
"24660","Greensboro-High Point, NC (MSA)",18,"       Machinery manufacturing",900,Real GDP by Metropolitan Area (millions of chained 2001 dollars),217,211,222,266,275,288
"24660","Greensboro-High Point, NC (MSA)",19,"       Computer and electronic product manufacturing",900,Real GDP by Metropolitan Area (millions of chained 2001 dollars),"(D)","(D)","(D)","(D)","(D)","(D)"
"24660","Greensboro-High Point, NC (MSA)",20,"       Electrical equipment and appliance manufacturing",900,Real GDP by Metropolitan Area (millions of chained 2001 dollars),"(D)","(D)","(D)","(D)","(D)","(D)"
"24660","Greensboro-High Point, NC (MSA)",21,"       Motor vehicle, body, trailer, and parts manufacturing",900,Real GDP by Metropolitan Area (millions of chained 2001 dollars),"(D)","(D)","(D)",349,"(D)","(D)"
"24660","Greensboro-High Point, NC (MSA)",22,"       Other transportation equipment manufacturing",900,Real GDP by Metropolitan Area (millions of chained 2001 dollars),"(D)","(D)","(D)","(D)","(D)","(D)"
"24660","Greensboro-High Point, NC (MSA)",23,"       Furniture and related product manufacturing",900,Real GDP by Metropolitan Area (millions of chained 2001 dollars),446,487,627,656,553,551
"24660","Greensboro-High Point, NC (MSA)",24,"       Miscellaneous manufacturing",900,Real GDP by Metropolitan Area (millions of chained 2001 dollars),163,137,126,117,127,151
"24660","Greensboro-High Point, NC (MSA)",25,"     Nondurable goods",900,Real GDP by Metropolitan Area (millions of chained 2001 dollars),4587,4777,"(D)","(D)","(D)","(D)"
"24660","Greensboro-High Point, NC (MSA)",26,"       Food product manufacturing",900,Real GDP by Metropolitan Area (millions of chained 2001 dollars),"(D)","(D)","(D)","(D)","(D)","(D)"
"24660","Greensboro-High Point, NC (MSA)",27,"       Textile and textile product mills",900,Real GDP by Metropolitan Area (millions of chained 2001 dollars),647,"(D)","(D)","(D)","(D)","(D)"
"24660","Greensboro-High Point, NC (MSA)",28,"       Apparel manufacturing",900,Real GDP by Metropolitan Area (millions of chained 2001 dollars),"(D)","(D)","(D)","(D)","(D)","(D)"
"24660","Greensboro-High Point, NC (MSA)",29,"       Paper manufacturing",900,Real GDP by Metropolitan Area (millions of chained 2001 dollars),"(D)","(D)","(D)","(D)","(D)","(D)"
"24660","Greensboro-High Point, NC (MSA)",30,"       Printing and related support activities",900,Real GDP by Metropolitan Area (millions of chained 2001 dollars),211,238,216,205,195,191
"24660","Greensboro-High Point, NC (MSA)",31,"       Petroleum and coal products manufacturing",900,Real GDP by Metropolitan Area (millions of chained 2001 dollars),"(D)","(D)","(D)","(D)","(D)","(D)"
"24660","Greensboro-High Point, NC (MSA)",32,"       Chemical manufacturing",900,Real GDP by Metropolitan Area (millions of chained 2001 dollars),1623,1966,1829,1399,1517,1450
"24660","Greensboro-High Point, NC (MSA)",33,"       Plastics and rubber products manufacturing",900,Real GDP by Metropolitan Area (millions of chained 2001 dollars),216,222,242,237,253,241
"24660","Greensboro-High Point, NC (MSA)",34,"   Wholesale trade",900,Real GDP by Metropolitan Area (millions of chained 2001 dollars),1942,1994,2006,2096,2164,2209
"24660","Greensboro-High Point, NC (MSA)",35,"   Retail trade",900,Real GDP by Metropolitan Area (millions of chained 2001 dollars),1783,1920,2036,2012,2276,2434
"24660","Greensboro-High Point, NC (MSA)",36,"   Transportation and warehousing, excluding Postal Service",900,Real GDP by Metropolitan Area (millions of chained 2001 dollars),1048,953,957,996,1038,1026
"24660","Greensboro-High Point, NC (MSA)",37,"     Air transportation",900,Real GDP by Metropolitan Area (millions of chained 2001 dollars),"(D)","(D)","(D)","(D)","(D)","(D)"
"24660","Greensboro-High Point, NC (MSA)",38,"     Rail transportation",900,Real GDP by Metropolitan Area (millions of chained 2001 dollars),9,9,10,11,12,16
"24660","Greensboro-High Point, NC (MSA)",39,"     Water transportation",900,Real GDP by Metropolitan Area (millions of chained 2001 dollars),"(L)","(L)","(L)","(L)","(L)","(L)"
"24660","Greensboro-High Point, NC (MSA)",40,"     Truck transportation",900,Real GDP by Metropolitan Area (millions of chained 2001 dollars),483,441,435,431,443,446
"24660","Greensboro-High Point, NC (MSA)",41,"     Transit and ground passenger transportation",900,Real GDP by Metropolitan Area (millions of chained 2001 dollars),15,"(D)","(D)",15,"(D)","(D)"
"24660","Greensboro-High Point, NC (MSA)",42,"     Pipeline transportation",900,Real GDP by Metropolitan Area (millions of chained 2001 dollars),"(D)","(D)","(D)",14,16,15
"24660","Greensboro-High Point, NC (MSA)",43,"     Other transportation and support activities",900,Real GDP by Metropolitan Area (millions of chained 2001 dollars),"(D)","(D)","(D)","(D)","(D)","(D)"
"24660","Greensboro-High Point, NC (MSA)",44,"     Warehousing and storage",900,Real GDP by Metropolitan Area (millions of chained 2001 dollars),"(D)",130,132,134,"(D)",130
"24660","Greensboro-High Point, NC (MSA)",45,"   Information",900,Real GDP by Metropolitan Area (millions of chained 2001 dollars),751,743,791,807,878,1023
"24660","Greensboro-High Point, NC (MSA)",46,"     Publishing including software",900,Real GDP by Metropolitan Area (millions of chained 2001 dollars),"(D)","(D)","(D)","(D)","(D)","(D)"
"24660","Greensboro-High Point, NC (MSA)",47,"     Motion picture and sound recording industries",900,Real GDP by Metropolitan Area (millions of chained 2001 dollars),"(D)","(D)","(D)","(D)","(D)","(D)"
"24660","Greensboro-High Point, NC (MSA)",48,"     Broadcasting and telecommunications",900,Real GDP by Metropolitan Area (millions of chained 2001 dollars),412,427,"(D)","(D)","(D)",623
"24660","Greensboro-High Point, NC (MSA)",49,"     Information and data processing services",900,Real GDP by Metropolitan Area (millions of chained 2001 dollars),"(D)","(D)","(D)","(D)","(D)","(D)"
"24660","Greensboro-High Point, NC (MSA)",50,"   Finance and insurance",900,Real GDP by Metropolitan Area (millions of chained 2001 dollars),2712,2708,2528,2644,2656,3255
"24660","Greensboro-High Point, NC (MSA)",51,"     Federal Reserve banks, credit intermediation and related services",900,Real GDP by Metropolitan Area (millions of chained 2001 dollars),1923,2010,1832,1964,"(D)","(D)"
"24660","Greensboro-High Point, NC (MSA)",52,"     Securities, commodity contracts, investments",900,Real GDP by Metropolitan Area (millions of chained 2001 dollars),127,"(D)","(D)","(D)","(D)","(D)"
"24660","Greensboro-High Point, NC (MSA)",53,"     Insurance carriers and related activities",900,Real GDP by Metropolitan Area (millions of chained 2001 dollars),651,542,"(D)",507,"(D)",541
"24660","Greensboro-High Point, NC (MSA)",54,"     Funds, trusts, and other financial vehicles",900,Real GDP by Metropolitan Area (millions of chained 2001 dollars),11,"(D)",11,"(D)","(D)","(D)"
"24660","Greensboro-High Point, NC (MSA)",55,"   Real estate and rental and leasing",900,Real GDP by Metropolitan Area (millions of chained 2001 dollars),2675,2352,2215,2259,2309,2315
"24660","Greensboro-High Point, NC (MSA)",56,"     Real estate",900,Real GDP by Metropolitan Area (millions of chained 2001 dollars),2499,2228,2092,2141,2200,2156
"24660","Greensboro-High Point, NC (MSA)",57,"     Rental and leasing services and lessors of intangible assets",900,Real GDP by Metropolitan Area (millions of chained 2001 dollars),176,124,123,117,109,157
"24660","Greensboro-High Point, NC (MSA)",58,"   Professional and technical services",900,Real GDP by Metropolitan Area (millions of chained 2001 dollars),1202,1072,1088,1143,"(D)","(D)"
"24660","Greensboro-High Point, NC (MSA)",62,"   Management of companies and enterprises",900,Real GDP by Metropolitan Area (millions of chained 2001 dollars),563,546,511,434,"(D)","(D)"
"24660","Greensboro-High Point, NC (MSA)",63,"   Administrative and waste services",900,Real GDP by Metropolitan Area (millions of chained 2001 dollars),630,657,753,791,855,888
"24660","Greensboro-High Point, NC (MSA)",64,"     Administrative and support services",900,Real GDP by Metropolitan Area (millions of chained 2001 dollars),589,612,705,747,806,842
"24660","Greensboro-High Point, NC (MSA)",65,"     Waste management and remediation services",900,Real GDP by Metropolitan Area (millions of chained 2001 dollars),41,45,48,45,50,47
"24660","Greensboro-High Point, NC (MSA)",66,"   Educational services",900,Real GDP by Metropolitan Area (millions of chained 2001 dollars),"(D)","(D)",133,138,141,139
"24660","Greensboro-High Point, NC (MSA)",67,"   Health care and social assistance",900,Real GDP by Metropolitan Area (millions of chained 2001 dollars),"(D)","(D)",1758,1815,1864,1948
"24660","Greensboro-High Point, NC (MSA)",68,"     Ambulatory health care services",900,Real GDP by Metropolitan Area (millions of chained 2001 dollars),899,929,963,1044,1077,1143
"24660","Greensboro-High Point, NC (MSA)",69,"     Hospitals and nursing and residential care facilities",900,Real GDP by Metropolitan Area (millions of chained 2001 dollars),"(D)","(D)","(D)","(D)","(D)","(D)"
"24660","Greensboro-High Point, NC (MSA)",70,"     Social assistance",900,Real GDP by Metropolitan Area (millions of chained 2001 dollars),"(D)","(D)","(D)","(D)","(D)","(D)"
"24660","Greensboro-High Point, NC (MSA)",71,"   Arts, entertainment, and recreation",900,Real GDP by Metropolitan Area (millions of chained 2001 dollars),106,105,108,107,104,119
"24660","Greensboro-High Point, NC (MSA)",72,"     Performing arts, museums, and related activities",900,Real GDP by Metropolitan Area (millions of chained 2001 dollars),36,"(D)","(D)","(D)","(D)","(D)"
"24660","Greensboro-High Point, NC (MSA)",73,"     Amusement, gambling, and recreation",900,Real GDP by Metropolitan Area (millions of chained 2001 dollars),70,"(D)","(D)","(D)","(D)","(D)"
"24660","Greensboro-High Point, NC (MSA)",74,"   Accommodation and food services",900,Real GDP by Metropolitan Area (millions of chained 2001 dollars),526,554,582,593,598,604
"24660","Greensboro-High Point, NC (MSA)",75,"     Accommodation",900,Real GDP by Metropolitan Area (millions of chained 2001 dollars),109,125,126,127,133,132
"24660","Greensboro-High Point, NC (MSA)",76,"     Food services and drinking places",900,Real GDP by Metropolitan Area (millions of chained 2001 dollars),417,429,456,465,466,472
"24660","Greensboro-High Point, NC (MSA)",77,"   Other services, except government",900,Real GDP by Metropolitan Area (millions of chained 2001 dollars),541,534,569,555,533,519
"24660","Greensboro-High Point, NC (MSA)",78," Government",900,Real GDP by Metropolitan Area (millions of chained 2001 dollars),1920,1914,1918,1918,1960,1976
"24660","Greensboro-High Point, NC (MSA)",79,"   Federal civilian",900,Real GDP by Metropolitan Area (millions of chained 2001 dollars),326,315,310,308,303,314
"24660","Greensboro-High Point, NC (MSA)",80,"   Federal military",900,Real GDP by Metropolitan Area (millions of chained 2001 dollars),39,46,62,56,58,52
"24660","Greensboro-High Point, NC (MSA)",81,"   State and local",900,Real GDP by Metropolitan Area (millions of chained 2001 dollars),1555,1553,1545,1553,1599,1611
"24660","Greensboro-High Point, NC (MSA)",99,"Natural resources and mining",900,Real GDP by Metropolitan Area (millions of chained 2001 dollars),248,177,235,222,194,248
"24660","Greensboro-High Point, NC (MSA)",100,"Trade",900,Real GDP by Metropolitan Area (millions of chained 2001 dollars),3725,3915,4043,4110,4436,4632
"24660","Greensboro-High Point, NC (MSA)",101,"Transportation and utilities",900,Real GDP by Metropolitan Area (millions of chained 2001 dollars),1328,1246,1271,1314,1350,1325
"24660","Greensboro-High Point, NC (MSA)",102,"Financial activities",900,Real GDP by Metropolitan Area (millions of chained 2001 dollars),5387,5061,4743,4904,4966,5576
"24660","Greensboro-High Point, NC (MSA)",103,"Professional and business services",900,Real GDP by Metropolitan Area (millions of chained 2001 dollars),2394,2275,2352,2363,2439,2537
"24660","Greensboro-High Point, NC (MSA)",104,"Education and health services",900,Real GDP by Metropolitan Area (millions of chained 2001 dollars),1769,1810,1890,1954,2005,2086
"24660","Greensboro-High Point, NC (MSA)",105,"Leisure and hospitality",900,Real GDP by Metropolitan Area (millions of chained 2001 dollars),632,658,690,699,702,723
"24660","Greensboro-High Point, NC (MSA)",106,"Information, Communication, and Technology (ICT)",900,Real GDP by Metropolitan Area (millions of chained 2001 dollars),711,596,709,680,744,1020
"24660","Greensboro-High Point, NC (MSA)",108,"Private goods-producing industries",900,Real GDP by Metropolitan Area (millions of chained 2001 dollars),8204,8190,8218,7909,7962,7996
"24660","Greensboro-High Point, NC (MSA)",109,"Private services-providing industries",900,Real GDP by Metropolitan Area (millions of chained 2001 dollars),16542,16254,16354,16710,17294,18396
"FIPS","Metropolitan Area","Industry Code","Industry","Component Code","Component","2001","2002","2003","2004","2005","2006"
"24660","Greensboro-High Point, NC (MSA)",1,"Total Gross Domestic Product by Metropolitan Area",1000,Per capita real GDP by Metropolitan Area (chained 2001 dollars),40867,40104,40027,39859,40349,41337
"24660","Greensboro-High Point, NC (MSA)",2," Private industries",1000,Per capita real GDP by Metropolitan Area (chained 2001 dollars),"n/a","n/a","n/a","n/a","n/a","n/a"
"24660","Greensboro-High Point, NC (MSA)",3,"   Agriculture, forestry, fishing, and hunting",1000,Per capita real GDP by Metropolitan Area (chained 2001 dollars),"n/a","n/a","n/a","n/a","n/a","n/a"
"24660","Greensboro-High Point, NC (MSA)",4,"     Crop and animal production (Farms)",1000,Per capita real GDP by Metropolitan Area (chained 2001 dollars),"n/a","n/a","n/a","n/a","n/a","n/a"
"24660","Greensboro-High Point, NC (MSA)",5,"     Forestry, fishing, and related activities",1000,Per capita real GDP by Metropolitan Area (chained 2001 dollars),"n/a","n/a","n/a","n/a","n/a","n/a"
"24660","Greensboro-High Point, NC (MSA)",6,"   Mining",1000,Per capita real GDP by Metropolitan Area (chained 2001 dollars),"n/a","n/a","n/a","n/a","n/a","n/a"
"24660","Greensboro-High Point, NC (MSA)",7,"     Oil and gas extraction",1000,Per capita real GDP by Metropolitan Area (chained 2001 dollars),"n/a","n/a","n/a","n/a","n/a","n/a"
"24660","Greensboro-High Point, NC (MSA)",8,"     Mining, except oil and gas",1000,Per capita real GDP by Metropolitan Area (chained 2001 dollars),"n/a","n/a","n/a","n/a","n/a","n/a"
"24660","Greensboro-High Point, NC (MSA)",9,"     Support activities for mining",1000,Per capita real GDP by Metropolitan Area (chained 2001 dollars),"n/a","n/a","n/a","n/a","n/a","n/a"
"24660","Greensboro-High Point, NC (MSA)",10,"   Utilities",1000,Per capita real GDP by Metropolitan Area (chained 2001 dollars),"n/a","n/a","n/a","n/a","n/a","n/a"
"24660","Greensboro-High Point, NC (MSA)",11,"   Construction",1000,Per capita real GDP by Metropolitan Area (chained 2001 dollars),"n/a","n/a","n/a","n/a","n/a","n/a"
"24660","Greensboro-High Point, NC (MSA)",12,"   Manufacturing",1000,Per capita real GDP by Metropolitan Area (chained 2001 dollars),"n/a","n/a","n/a","n/a","n/a","n/a"
"24660","Greensboro-High Point, NC (MSA)",13,"     Durable goods",1000,Per capita real GDP by Metropolitan Area (chained 2001 dollars),"n/a","n/a","n/a","n/a","n/a","n/a"
"24660","Greensboro-High Point, NC (MSA)",14,"       Wood product manufacturing",1000,Per capita real GDP by Metropolitan Area (chained 2001 dollars),"n/a","n/a","n/a","n/a","n/a","n/a"
"24660","Greensboro-High Point, NC (MSA)",15,"       Nonmetallic mineral product manufacturing",1000,Per capita real GDP by Metropolitan Area (chained 2001 dollars),"n/a","n/a","n/a","n/a","n/a","n/a"
"24660","Greensboro-High Point, NC (MSA)",16,"       Primary metal manufacturing",1000,Per capita real GDP by Metropolitan Area (chained 2001 dollars),"n/a","n/a","n/a","n/a","n/a","n/a"
"24660","Greensboro-High Point, NC (MSA)",17,"       Fabricated metal product manufacturing",1000,Per capita real GDP by Metropolitan Area (chained 2001 dollars),"n/a","n/a","n/a","n/a","n/a","n/a"
"24660","Greensboro-High Point, NC (MSA)",18,"       Machinery manufacturing",1000,Per capita real GDP by Metropolitan Area (chained 2001 dollars),"n/a","n/a","n/a","n/a","n/a","n/a"
"24660","Greensboro-High Point, NC (MSA)",19,"       Computer and electronic product manufacturing",1000,Per capita real GDP by Metropolitan Area (chained 2001 dollars),"n/a","n/a","n/a","n/a","n/a","n/a"
"24660","Greensboro-High Point, NC (MSA)",20,"       Electrical equipment and appliance manufacturing",1000,Per capita real GDP by Metropolitan Area (chained 2001 dollars),"n/a","n/a","n/a","n/a","n/a","n/a"
"24660","Greensboro-High Point, NC (MSA)",21,"       Motor vehicle, body, trailer, and parts manufacturing",1000,Per capita real GDP by Metropolitan Area (chained 2001 dollars),"n/a","n/a","n/a","n/a","n/a","n/a"
"24660","Greensboro-High Point, NC (MSA)",22,"       Other transportation equipment manufacturing",1000,Per capita real GDP by Metropolitan Area (chained 2001 dollars),"n/a","n/a","n/a","n/a","n/a","n/a"
"24660","Greensboro-High Point, NC (MSA)",23,"       Furniture and related product manufacturing",1000,Per capita real GDP by Metropolitan Area (chained 2001 dollars),"n/a","n/a","n/a","n/a","n/a","n/a"
"24660","Greensboro-High Point, NC (MSA)",24,"       Miscellaneous manufacturing",1000,Per capita real GDP by Metropolitan Area (chained 2001 dollars),"n/a","n/a","n/a","n/a","n/a","n/a"
"24660","Greensboro-High Point, NC (MSA)",25,"     Nondurable goods",1000,Per capita real GDP by Metropolitan Area (chained 2001 dollars),"n/a","n/a","n/a","n/a","n/a","n/a"
"24660","Greensboro-High Point, NC (MSA)",26,"       Food product manufacturing",1000,Per capita real GDP by Metropolitan Area (chained 2001 dollars),"n/a","n/a","n/a","n/a","n/a","n/a"
"24660","Greensboro-High Point, NC (MSA)",27,"       Textile and textile product mills",1000,Per capita real GDP by Metropolitan Area (chained 2001 dollars),"n/a","n/a","n/a","n/a","n/a","n/a"
"24660","Greensboro-High Point, NC (MSA)",28,"       Apparel manufacturing",1000,Per capita real GDP by Metropolitan Area (chained 2001 dollars),"n/a","n/a","n/a","n/a","n/a","n/a"
"24660","Greensboro-High Point, NC (MSA)",29,"       Paper manufacturing",1000,Per capita real GDP by Metropolitan Area (chained 2001 dollars),"n/a","n/a","n/a","n/a","n/a","n/a"
"24660","Greensboro-High Point, NC (MSA)",30,"       Printing and related support activities",1000,Per capita real GDP by Metropolitan Area (chained 2001 dollars),"n/a","n/a","n/a","n/a","n/a","n/a"
"24660","Greensboro-High Point, NC (MSA)",31,"       Petroleum and coal products manufacturing",1000,Per capita real GDP by Metropolitan Area (chained 2001 dollars),"n/a","n/a","n/a","n/a","n/a","n/a"
"24660","Greensboro-High Point, NC (MSA)",32,"       Chemical manufacturing",1000,Per capita real GDP by Metropolitan Area (chained 2001 dollars),"n/a","n/a","n/a","n/a","n/a","n/a"
"24660","Greensboro-High Point, NC (MSA)",33,"       Plastics and rubber products manufacturing",1000,Per capita real GDP by Metropolitan Area (chained 2001 dollars),"n/a","n/a","n/a","n/a","n/a","n/a"
"24660","Greensboro-High Point, NC (MSA)",34,"   Wholesale trade",1000,Per capita real GDP by Metropolitan Area (chained 2001 dollars),"n/a","n/a","n/a","n/a","n/a","n/a"
"24660","Greensboro-High Point, NC (MSA)",35,"   Retail trade",1000,Per capita real GDP by Metropolitan Area (chained 2001 dollars),"n/a","n/a","n/a","n/a","n/a","n/a"
"24660","Greensboro-High Point, NC (MSA)",36,"   Transportation and warehousing, excluding Postal Service",1000,Per capita real GDP by Metropolitan Area (chained 2001 dollars),"n/a","n/a","n/a","n/a","n/a","n/a"
"24660","Greensboro-High Point, NC (MSA)",37,"     Air transportation",1000,Per capita real GDP by Metropolitan Area (chained 2001 dollars),"n/a","n/a","n/a","n/a","n/a","n/a"
"24660","Greensboro-High Point, NC (MSA)",38,"     Rail transportation",1000,Per capita real GDP by Metropolitan Area (chained 2001 dollars),"n/a","n/a","n/a","n/a","n/a","n/a"
"24660","Greensboro-High Point, NC (MSA)",39,"     Water transportation",1000,Per capita real GDP by Metropolitan Area (chained 2001 dollars),"n/a","n/a","n/a","n/a","n/a","n/a"
"24660","Greensboro-High Point, NC (MSA)",40,"     Truck transportation",1000,Per capita real GDP by Metropolitan Area (chained 2001 dollars),"n/a","n/a","n/a","n/a","n/a","n/a"
"24660","Greensboro-High Point, NC (MSA)",41,"     Transit and ground passenger transportation",1000,Per capita real GDP by Metropolitan Area (chained 2001 dollars),"n/a","n/a","n/a","n/a","n/a","n/a"
"24660","Greensboro-High Point, NC (MSA)",42,"     Pipeline transportation",1000,Per capita real GDP by Metropolitan Area (chained 2001 dollars),"n/a","n/a","n/a","n/a","n/a","n/a"
"24660","Greensboro-High Point, NC (MSA)",43,"     Other transportation and support activities",1000,Per capita real GDP by Metropolitan Area (chained 2001 dollars),"n/a","n/a","n/a","n/a","n/a","n/a"
"24660","Greensboro-High Point, NC (MSA)",44,"     Warehousing and storage",1000,Per capita real GDP by Metropolitan Area (chained 2001 dollars),"n/a","n/a","n/a","n/a","n/a","n/a"
"24660","Greensboro-High Point, NC (MSA)",45,"   Information",1000,Per capita real GDP by Metropolitan Area (chained 2001 dollars),"n/a","n/a","n/a","n/a","n/a","n/a"
"24660","Greensboro-High Point, NC (MSA)",46,"     Publishing including software",1000,Per capita real GDP by Metropolitan Area (chained 2001 dollars),"n/a","n/a","n/a","n/a","n/a","n/a"
"24660","Greensboro-High Point, NC (MSA)",47,"     Motion picture and sound recording industries",1000,Per capita real GDP by Metropolitan Area (chained 2001 dollars),"n/a","n/a","n/a","n/a","n/a","n/a"
"24660","Greensboro-High Point, NC (MSA)",48,"     Broadcasting and telecommunications",1000,Per capita real GDP by Metropolitan Area (chained 2001 dollars),"n/a","n/a","n/a","n/a","n/a","n/a"
"24660","Greensboro-High Point, NC (MSA)",49,"     Information and data processing services",1000,Per capita real GDP by Metropolitan Area (chained 2001 dollars),"n/a","n/a","n/a","n/a","n/a","n/a"
"24660","Greensboro-High Point, NC (MSA)",50,"   Finance and insurance",1000,Per capita real GDP by Metropolitan Area (chained 2001 dollars),"n/a","n/a","n/a","n/a","n/a","n/a"
"24660","Greensboro-High Point, NC (MSA)",51,"     Federal Reserve banks, credit intermediation and related services",1000,Per capita real GDP by Metropolitan Area (chained 2001 dollars),"n/a","n/a","n/a","n/a","n/a","n/a"
"24660","Greensboro-High Point, NC (MSA)",52,"     Securities, commodity contracts, investments",1000,Per capita real GDP by Metropolitan Area (chained 2001 dollars),"n/a","n/a","n/a","n/a","n/a","n/a"
"24660","Greensboro-High Point, NC (MSA)",53,"     Insurance carriers and related activities",1000,Per capita real GDP by Metropolitan Area (chained 2001 dollars),"n/a","n/a","n/a","n/a","n/a","n/a"
"24660","Greensboro-High Point, NC (MSA)",54,"     Funds, trusts, and other financial vehicles",1000,Per capita real GDP by Metropolitan Area (chained 2001 dollars),"n/a","n/a","n/a","n/a","n/a","n/a"
"24660","Greensboro-High Point, NC (MSA)",55,"   Real estate and rental and leasing",1000,Per capita real GDP by Metropolitan Area (chained 2001 dollars),"n/a","n/a","n/a","n/a","n/a","n/a"
"24660","Greensboro-High Point, NC (MSA)",56,"     Real estate",1000,Per capita real GDP by Metropolitan Area (chained 2001 dollars),"n/a","n/a","n/a","n/a","n/a","n/a"
"24660","Greensboro-High Point, NC (MSA)",57,"     Rental and leasing services and lessors of intangible assets",1000,Per capita real GDP by Metropolitan Area (chained 2001 dollars),"n/a","n/a","n/a","n/a","n/a","n/a"
"24660","Greensboro-High Point, NC (MSA)",58,"   Professional and technical services",1000,Per capita real GDP by Metropolitan Area (chained 2001 dollars),"n/a","n/a","n/a","n/a","n/a","n/a"
"24660","Greensboro-High Point, NC (MSA)",62,"   Management of companies and enterprises",1000,Per capita real GDP by Metropolitan Area (chained 2001 dollars),"n/a","n/a","n/a","n/a","n/a","n/a"
"24660","Greensboro-High Point, NC (MSA)",63,"   Administrative and waste services",1000,Per capita real GDP by Metropolitan Area (chained 2001 dollars),"n/a","n/a","n/a","n/a","n/a","n/a"
"24660","Greensboro-High Point, NC (MSA)",64,"     Administrative and support services",1000,Per capita real GDP by Metropolitan Area (chained 2001 dollars),"n/a","n/a","n/a","n/a","n/a","n/a"
"24660","Greensboro-High Point, NC (MSA)",65,"     Waste management and remediation services",1000,Per capita real GDP by Metropolitan Area (chained 2001 dollars),"n/a","n/a","n/a","n/a","n/a","n/a"
"24660","Greensboro-High Point, NC (MSA)",66,"   Educational services",1000,Per capita real GDP by Metropolitan Area (chained 2001 dollars),"n/a","n/a","n/a","n/a","n/a","n/a"
"24660","Greensboro-High Point, NC (MSA)",67,"   Health care and social assistance",1000,Per capita real GDP by Metropolitan Area (chained 2001 dollars),"n/a","n/a","n/a","n/a","n/a","n/a"
"24660","Greensboro-High Point, NC (MSA)",68,"     Ambulatory health care services",1000,Per capita real GDP by Metropolitan Area (chained 2001 dollars),"n/a","n/a","n/a","n/a","n/a","n/a"
"24660","Greensboro-High Point, NC (MSA)",69,"     Hospitals and nursing and residential care facilities",1000,Per capita real GDP by Metropolitan Area (chained 2001 dollars),"n/a","n/a","n/a","n/a","n/a","n/a"
"24660","Greensboro-High Point, NC (MSA)",70,"     Social assistance",1000,Per capita real GDP by Metropolitan Area (chained 2001 dollars),"n/a","n/a","n/a","n/a","n/a","n/a"
"24660","Greensboro-High Point, NC (MSA)",71,"   Arts, entertainment, and recreation",1000,Per capita real GDP by Metropolitan Area (chained 2001 dollars),"n/a","n/a","n/a","n/a","n/a","n/a"
"24660","Greensboro-High Point, NC (MSA)",72,"     Performing arts, museums, and related activities",1000,Per capita real GDP by Metropolitan Area (chained 2001 dollars),"n/a","n/a","n/a","n/a","n/a","n/a"
"24660","Greensboro-High Point, NC (MSA)",73,"     Amusement, gambling, and recreation",1000,Per capita real GDP by Metropolitan Area (chained 2001 dollars),"n/a","n/a","n/a","n/a","n/a","n/a"
"24660","Greensboro-High Point, NC (MSA)",74,"   Accommodation and food services",1000,Per capita real GDP by Metropolitan Area (chained 2001 dollars),"n/a","n/a","n/a","n/a","n/a","n/a"
"24660","Greensboro-High Point, NC (MSA)",75,"     Accommodation",1000,Per capita real GDP by Metropolitan Area (chained 2001 dollars),"n/a","n/a","n/a","n/a","n/a","n/a"
"24660","Greensboro-High Point, NC (MSA)",76,"     Food services and drinking places",1000,Per capita real GDP by Metropolitan Area (chained 2001 dollars),"n/a","n/a","n/a","n/a","n/a","n/a"
"24660","Greensboro-High Point, NC (MSA)",77,"   Other services, except government",1000,Per capita real GDP by Metropolitan Area (chained 2001 dollars),"n/a","n/a","n/a","n/a","n/a","n/a"
"24660","Greensboro-High Point, NC (MSA)",78," Government",1000,Per capita real GDP by Metropolitan Area (chained 2001 dollars),"n/a","n/a","n/a","n/a","n/a","n/a"
"24660","Greensboro-High Point, NC (MSA)",79,"   Federal civilian",1000,Per capita real GDP by Metropolitan Area (chained 2001 dollars),"n/a","n/a","n/a","n/a","n/a","n/a"
"24660","Greensboro-High Point, NC (MSA)",80,"   Federal military",1000,Per capita real GDP by Metropolitan Area (chained 2001 dollars),"n/a","n/a","n/a","n/a","n/a","n/a"
"24660","Greensboro-High Point, NC (MSA)",81,"   State and local",1000,Per capita real GDP by Metropolitan Area (chained 2001 dollars),"n/a","n/a","n/a","n/a","n/a","n/a"
"24660","Greensboro-High Point, NC (MSA)",99,"Natural resources and mining",1000,Per capita real GDP by Metropolitan Area (chained 2001 dollars),"n/a","n/a","n/a","n/a","n/a","n/a"
"24660","Greensboro-High Point, NC (MSA)",100,"Trade",1000,Per capita real GDP by Metropolitan Area (chained 2001 dollars),"n/a","n/a","n/a","n/a","n/a","n/a"
"24660","Greensboro-High Point, NC (MSA)",101,"Transportation and utilities",1000,Per capita real GDP by Metropolitan Area (chained 2001 dollars),"n/a","n/a","n/a","n/a","n/a","n/a"
"24660","Greensboro-High Point, NC (MSA)",102,"Financial activities",1000,Per capita real GDP by Metropolitan Area (chained 2001 dollars),"n/a","n/a","n/a","n/a","n/a","n/a"
"24660","Greensboro-High Point, NC (MSA)",103,"Professional and business services",1000,Per capita real GDP by Metropolitan Area (chained 2001 dollars),"n/a","n/a","n/a","n/a","n/a","n/a"
"24660","Greensboro-High Point, NC (MSA)",104,"Education and health services",1000,Per capita real GDP by Metropolitan Area (chained 2001 dollars),"n/a","n/a","n/a","n/a","n/a","n/a"
"24660","Greensboro-High Point, NC (MSA)",105,"Leisure and hospitality",1000,Per capita real GDP by Metropolitan Area (chained 2001 dollars),"n/a","n/a","n/a","n/a","n/a","n/a"
"24660","Greensboro-High Point, NC (MSA)",106,"Information, Communication, and Technology (ICT)",1000,Per capita real GDP by Metropolitan Area (chained 2001 dollars),"n/a","n/a","n/a","n/a","n/a","n/a"
"24660","Greensboro-High Point, NC (MSA)",108,"Private goods-producing industries",1000,Per capita real GDP by Metropolitan Area (chained 2001 dollars),"n/a","n/a","n/a","n/a","n/a","n/a"
"24660","Greensboro-High Point, NC (MSA)",109,"Private services-providing industries",1000,Per capita real GDP by Metropolitan Area (chained 2001 dollars),"n/a","n/a","n/a","n/a","n/a","n/a"
Source: Bureau of Economic Analysis, U.S. Department of Commerce
