"FIPS","Metropolitan Area","Industry Code","Industry","Component Code","Component","2001","2002","2003","2004","2005","2006"
"24860","Greenville-Mauldin-Easley, SC (MSA)",1,"Total Gross Domestic Product by Metropolitan Area",200,GDP by Metropolitan Area (millions of current dollars),20171,20619,21464,20886,22077,22939
"24860","Greenville-Mauldin-Easley, SC (MSA)",2," Private industries",200,GDP by Metropolitan Area (millions of current dollars),18183,18497,19193,18470,19527,20253
"24860","Greenville-Mauldin-Easley, SC (MSA)",3,"   Agriculture, forestry, fishing, and hunting",200,GDP by Metropolitan Area (millions of current dollars),"(D)","(D)","(D)","(D)","(D)","(D)"
"24860","Greenville-Mauldin-Easley, SC (MSA)",4,"     Crop and animal production (Farms)",200,GDP by Metropolitan Area (millions of current dollars),40,46,46,54,46,49
"24860","Greenville-Mauldin-Easley, SC (MSA)",5,"     Forestry, fishing, and related activities",200,GDP by Metropolitan Area (millions of current dollars),"(D)","(D)","(D)","(D)","(D)","(D)"
"24860","Greenville-Mauldin-Easley, SC (MSA)",6,"   Mining",200,GDP by Metropolitan Area (millions of current dollars),"(D)","(D)","(D)","(D)","(D)","(D)"
"24860","Greenville-Mauldin-Easley, SC (MSA)",7,"     Oil and gas extraction",200,GDP by Metropolitan Area (millions of current dollars),"(L)","(L)","(L)","(L)","(L)","(L)"
"24860","Greenville-Mauldin-Easley, SC (MSA)",8,"     Mining, except oil and gas",200,GDP by Metropolitan Area (millions of current dollars),"(D)","(D)","(D)","(D)","(D)","(D)"
"24860","Greenville-Mauldin-Easley, SC (MSA)",9,"     Support activities for mining",200,GDP by Metropolitan Area (millions of current dollars),"(D)","(D)","(D)","(D)","(D)","(D)"
"24860","Greenville-Mauldin-Easley, SC (MSA)",10,"   Utilities",200,GDP by Metropolitan Area (millions of current dollars),"(D)","(D)","(D)","(D)","(D)","(D)"
"24860","Greenville-Mauldin-Easley, SC (MSA)",11,"   Construction",200,GDP by Metropolitan Area (millions of current dollars),1076,1017,1065,1132,1301,1338
"24860","Greenville-Mauldin-Easley, SC (MSA)",12,"   Manufacturing",200,GDP by Metropolitan Area (millions of current dollars),5174,5589,5736,3988,3895,3799
"24860","Greenville-Mauldin-Easley, SC (MSA)",13,"     Durable goods",200,GDP by Metropolitan Area (millions of current dollars),"(D)",3307,3349,"(D)",2304,2142
"24860","Greenville-Mauldin-Easley, SC (MSA)",14,"       Wood product manufacturing",200,GDP by Metropolitan Area (millions of current dollars),"(D)",43,45,72,76,79
"24860","Greenville-Mauldin-Easley, SC (MSA)",15,"       Nonmetallic mineral product manufacturing",200,GDP by Metropolitan Area (millions of current dollars),105,"(D)","(D)","(D)","(D)",125
"24860","Greenville-Mauldin-Easley, SC (MSA)",16,"       Primary metal manufacturing",200,GDP by Metropolitan Area (millions of current dollars),"(D)","(D)","(D)","(D)","(D)","(D)"
"24860","Greenville-Mauldin-Easley, SC (MSA)",17,"       Fabricated metal product manufacturing",200,GDP by Metropolitan Area (millions of current dollars),336,326,382,393,385,323
"24860","Greenville-Mauldin-Easley, SC (MSA)",18,"       Machinery manufacturing",200,GDP by Metropolitan Area (millions of current dollars),1547,2165,2186,930,996,759
"24860","Greenville-Mauldin-Easley, SC (MSA)",19,"       Computer and electronic product manufacturing",200,GDP by Metropolitan Area (millions of current dollars),103,114,76,102,87,91
"24860","Greenville-Mauldin-Easley, SC (MSA)",20,"       Electrical equipment and appliance manufacturing",200,GDP by Metropolitan Area (millions of current dollars),"(D)","(D)","(D)","(D)","(D)","(D)"
"24860","Greenville-Mauldin-Easley, SC (MSA)",21,"       Motor vehicle, body, trailer, and parts manufacturing",200,GDP by Metropolitan Area (millions of current dollars),"(D)","(D)","(D)","(D)","(D)","(D)"
"24860","Greenville-Mauldin-Easley, SC (MSA)",22,"       Other transportation equipment manufacturing",200,GDP by Metropolitan Area (millions of current dollars),"(D)","(D)","(D)","(D)","(D)","(D)"
"24860","Greenville-Mauldin-Easley, SC (MSA)",23,"       Furniture and related product manufacturing",200,GDP by Metropolitan Area (millions of current dollars),40,42,42,39,72,85
"24860","Greenville-Mauldin-Easley, SC (MSA)",24,"       Miscellaneous manufacturing",200,GDP by Metropolitan Area (millions of current dollars),"(D)","(D)","(D)","(D)","(D)","(D)"
"24860","Greenville-Mauldin-Easley, SC (MSA)",25,"     Nondurable goods",200,GDP by Metropolitan Area (millions of current dollars),"(D)",2282,2387,"(D)",1591,1656
"24860","Greenville-Mauldin-Easley, SC (MSA)",26,"       Food product manufacturing",200,GDP by Metropolitan Area (millions of current dollars),"(D)","(D)","(D)","(D)","(D)","(D)"
"24860","Greenville-Mauldin-Easley, SC (MSA)",27,"       Textile and textile product mills",200,GDP by Metropolitan Area (millions of current dollars),544,"(D)","(D)","(D)","(D)","(D)"
"24860","Greenville-Mauldin-Easley, SC (MSA)",28,"       Apparel manufacturing",200,GDP by Metropolitan Area (millions of current dollars),"(D)","(D)","(D)","(D)","(D)","(D)"
"24860","Greenville-Mauldin-Easley, SC (MSA)",29,"       Paper manufacturing",200,GDP by Metropolitan Area (millions of current dollars),"(D)","(D)","(D)","(D)","(D)","(D)"
"24860","Greenville-Mauldin-Easley, SC (MSA)",30,"       Printing and related support activities",200,GDP by Metropolitan Area (millions of current dollars),69,67,"(D)",64,64,73
"24860","Greenville-Mauldin-Easley, SC (MSA)",31,"       Petroleum and coal products manufacturing",200,GDP by Metropolitan Area (millions of current dollars),0,"(D)","(D)","(D)","(D)","(D)"
"24860","Greenville-Mauldin-Easley, SC (MSA)",32,"       Chemical manufacturing",200,GDP by Metropolitan Area (millions of current dollars),"(D)","(D)",322,342,308,350
"24860","Greenville-Mauldin-Easley, SC (MSA)",33,"       Plastics and rubber products manufacturing",200,GDP by Metropolitan Area (millions of current dollars),1259,"(D)","(D)",726,"(D)","(D)"
"24860","Greenville-Mauldin-Easley, SC (MSA)",34,"   Wholesale trade",200,GDP by Metropolitan Area (millions of current dollars),1345,1310,"(D)","(D)","(D)","(D)"
"24860","Greenville-Mauldin-Easley, SC (MSA)",35,"   Retail trade",200,GDP by Metropolitan Area (millions of current dollars),1637,1592,1690,1838,1968,2010
"24860","Greenville-Mauldin-Easley, SC (MSA)",36,"   Transportation and warehousing, excluding Postal Service",200,GDP by Metropolitan Area (millions of current dollars),"(D)","(D)",747,748,787,817
"24860","Greenville-Mauldin-Easley, SC (MSA)",37,"     Air transportation",200,GDP by Metropolitan Area (millions of current dollars),9,"(D)","(D)","(D)","(D)","(D)"
"24860","Greenville-Mauldin-Easley, SC (MSA)",38,"     Rail transportation",200,GDP by Metropolitan Area (millions of current dollars),32,34,36,41,"(D)",55
"24860","Greenville-Mauldin-Easley, SC (MSA)",39,"     Water transportation",200,GDP by Metropolitan Area (millions of current dollars),"(L)","(L)","(L)","(L)","(L)","(L)"
"24860","Greenville-Mauldin-Easley, SC (MSA)",40,"     Truck transportation",200,GDP by Metropolitan Area (millions of current dollars),"(D)",346,389,392,386,395
"24860","Greenville-Mauldin-Easley, SC (MSA)",41,"     Transit and ground passenger transportation",200,GDP by Metropolitan Area (millions of current dollars),"(D)","(D)","(D)","(D)","(D)","(D)"
"24860","Greenville-Mauldin-Easley, SC (MSA)",42,"     Pipeline transportation",200,GDP by Metropolitan Area (millions of current dollars),0,0,0,0,0,0
"24860","Greenville-Mauldin-Easley, SC (MSA)",43,"     Other transportation and support activities",200,GDP by Metropolitan Area (millions of current dollars),"(D)","(D)","(D)","(D)","(D)","(D)"
"24860","Greenville-Mauldin-Easley, SC (MSA)",44,"     Warehousing and storage",200,GDP by Metropolitan Area (millions of current dollars),"(D)","(D)","(D)","(D)","(D)","(D)"
"24860","Greenville-Mauldin-Easley, SC (MSA)",45,"   Information",200,GDP by Metropolitan Area (millions of current dollars),849,859,894,969,988,1049
"24860","Greenville-Mauldin-Easley, SC (MSA)",46,"     Publishing including software",200,GDP by Metropolitan Area (millions of current dollars),113,118,"(D)","(D)","(D)","(D)"
"24860","Greenville-Mauldin-Easley, SC (MSA)",47,"     Motion picture and sound recording industries",200,GDP by Metropolitan Area (millions of current dollars),"(D)",15,"(D)","(D)","(D)","(D)"
"24860","Greenville-Mauldin-Easley, SC (MSA)",48,"     Broadcasting and telecommunications",200,GDP by Metropolitan Area (millions of current dollars),"(D)","(D)","(D)","(D)","(D)","(D)"
"24860","Greenville-Mauldin-Easley, SC (MSA)",49,"     Information and data processing services",200,GDP by Metropolitan Area (millions of current dollars),"(D)","(D)","(D)","(D)","(D)","(D)"
"24860","Greenville-Mauldin-Easley, SC (MSA)",50,"   Finance and insurance",200,GDP by Metropolitan Area (millions of current dollars),935,981,1050,1105,1239,1278
"24860","Greenville-Mauldin-Easley, SC (MSA)",51,"     Federal Reserve banks, credit intermediation and related services",200,GDP by Metropolitan Area (millions of current dollars),528,579,635,637,704,"(D)"
"24860","Greenville-Mauldin-Easley, SC (MSA)",52,"     Securities, commodity contracts, investments",200,GDP by Metropolitan Area (millions of current dollars),"(D)","(D)","(D)","(D)","(D)",102
"24860","Greenville-Mauldin-Easley, SC (MSA)",53,"     Insurance carriers and related activities",200,GDP by Metropolitan Area (millions of current dollars),"(D)","(D)","(D)","(D)",454,424
"24860","Greenville-Mauldin-Easley, SC (MSA)",54,"     Funds, trusts, and other financial vehicles",200,GDP by Metropolitan Area (millions of current dollars),4,6,2,1,"(D)","(D)"
"24860","Greenville-Mauldin-Easley, SC (MSA)",55,"   Real estate and rental and leasing",200,GDP by Metropolitan Area (millions of current dollars),1857,1789,1752,1823,1913,1863
"24860","Greenville-Mauldin-Easley, SC (MSA)",56,"     Real estate",200,GDP by Metropolitan Area (millions of current dollars),1700,1622,1578,1626,1745,1700
"24860","Greenville-Mauldin-Easley, SC (MSA)",57,"     Rental and leasing services and lessors of intangible assets",200,GDP by Metropolitan Area (millions of current dollars),158,167,174,197,168,164
"24860","Greenville-Mauldin-Easley, SC (MSA)",58,"   Professional and technical services",200,GDP by Metropolitan Area (millions of current dollars),"(D)","(D)","(D)",1299,"(D)","(D)"
"24860","Greenville-Mauldin-Easley, SC (MSA)",62,"   Management of companies and enterprises",200,GDP by Metropolitan Area (millions of current dollars),"(D)",253,"(D)",382,"(D)","(D)"
"24860","Greenville-Mauldin-Easley, SC (MSA)",63,"   Administrative and waste services",200,GDP by Metropolitan Area (millions of current dollars),647,683,803,812,956,1065
"24860","Greenville-Mauldin-Easley, SC (MSA)",64,"     Administrative and support services",200,GDP by Metropolitan Area (millions of current dollars),"(D)","(D)","(D)","(D)","(D)","(D)"
"24860","Greenville-Mauldin-Easley, SC (MSA)",65,"     Waste management and remediation services",200,GDP by Metropolitan Area (millions of current dollars),"(D)","(D)","(D)","(D)","(D)","(D)"
"24860","Greenville-Mauldin-Easley, SC (MSA)",66,"   Educational services",200,GDP by Metropolitan Area (millions of current dollars),"(D)","(D)","(D)","(D)","(D)","(D)"
"24860","Greenville-Mauldin-Easley, SC (MSA)",67,"   Health care and social assistance",200,GDP by Metropolitan Area (millions of current dollars),"(D)","(D)","(D)","(D)","(D)","(D)"
"24860","Greenville-Mauldin-Easley, SC (MSA)",68,"     Ambulatory health care services",200,GDP by Metropolitan Area (millions of current dollars),613,645,696,715,752,759
"24860","Greenville-Mauldin-Easley, SC (MSA)",69,"     Hospitals and nursing and residential care facilities",200,GDP by Metropolitan Area (millions of current dollars),"(D)","(D)","(D)","(D)","(D)","(D)"
"24860","Greenville-Mauldin-Easley, SC (MSA)",70,"     Social assistance",200,GDP by Metropolitan Area (millions of current dollars),"(D)","(D)","(D)","(D)","(D)","(D)"
"24860","Greenville-Mauldin-Easley, SC (MSA)",71,"   Arts, entertainment, and recreation",200,GDP by Metropolitan Area (millions of current dollars),117,112,117,114,103,114
"24860","Greenville-Mauldin-Easley, SC (MSA)",72,"     Performing arts, museums, and related activities",200,GDP by Metropolitan Area (millions of current dollars),"(D)","(D)","(D)","(D)","(D)","(D)"
"24860","Greenville-Mauldin-Easley, SC (MSA)",73,"     Amusement, gambling, and recreation",200,GDP by Metropolitan Area (millions of current dollars),"(D)","(D)","(D)","(D)","(D)","(D)"
"24860","Greenville-Mauldin-Easley, SC (MSA)",74,"   Accommodation and food services",200,GDP by Metropolitan Area (millions of current dollars),532,506,524,564,601,660
"24860","Greenville-Mauldin-Easley, SC (MSA)",75,"     Accommodation",200,GDP by Metropolitan Area (millions of current dollars),100,"(D)",90,95,111,119
"24860","Greenville-Mauldin-Easley, SC (MSA)",76,"     Food services and drinking places",200,GDP by Metropolitan Area (millions of current dollars),431,"(D)",434,469,490,540
"24860","Greenville-Mauldin-Easley, SC (MSA)",77,"   Other services, except government",200,GDP by Metropolitan Area (millions of current dollars),499,499,502,519,536,562
"24860","Greenville-Mauldin-Easley, SC (MSA)",78," Government",200,GDP by Metropolitan Area (millions of current dollars),1988,2122,2271,2416,2550,2687
"24860","Greenville-Mauldin-Easley, SC (MSA)",79,"   Federal civilian",200,GDP by Metropolitan Area (millions of current dollars),163,168,177,188,192,203
"24860","Greenville-Mauldin-Easley, SC (MSA)",80,"   Federal military",200,GDP by Metropolitan Area (millions of current dollars),59,73,103,107,119,109
"24860","Greenville-Mauldin-Easley, SC (MSA)",81,"   State and local",200,GDP by Metropolitan Area (millions of current dollars),1766,1881,1991,2121,2238,2375
"24860","Greenville-Mauldin-Easley, SC (MSA)",99,"Natural resources and mining",200,GDP by Metropolitan Area (millions of current dollars),88,"(D)",97,113,112,122
"24860","Greenville-Mauldin-Easley, SC (MSA)",100,"Trade",200,GDP by Metropolitan Area (millions of current dollars),2982,2902,"(D)","(D)","(D)","(D)"
"24860","Greenville-Mauldin-Easley, SC (MSA)",101,"Transportation and utilities",200,GDP by Metropolitan Area (millions of current dollars),974,"(D)","(D)","(D)","(D)","(D)"
"24860","Greenville-Mauldin-Easley, SC (MSA)",102,"Financial activities",200,GDP by Metropolitan Area (millions of current dollars),2793,2770,2801,2929,3152,3142
"24860","Greenville-Mauldin-Easley, SC (MSA)",103,"Professional and business services",200,GDP by Metropolitan Area (millions of current dollars),1998,"(D)",2196,2492,2714,2975
"24860","Greenville-Mauldin-Easley, SC (MSA)",104,"Education and health services",200,GDP by Metropolitan Area (millions of current dollars),1102,"(D)",1248,1309,1388,1460
"24860","Greenville-Mauldin-Easley, SC (MSA)",105,"Leisure and hospitality",200,GDP by Metropolitan Area (millions of current dollars),649,618,641,678,704,773
"24860","Greenville-Mauldin-Easley, SC (MSA)",106,"Information, Communication, and Technology (ICT)",200,GDP by Metropolitan Area (millions of current dollars),"(D)","(D)",452,477,446,488
"24860","Greenville-Mauldin-Easley, SC (MSA)",108,"Private goods-producing industries",200,GDP by Metropolitan Area (millions of current dollars),6312,6670,6867,5198,5270,5220
"24860","Greenville-Mauldin-Easley, SC (MSA)",109,"Private services-providing industries",200,GDP by Metropolitan Area (millions of current dollars),11871,11827,12326,13272,14257,15033
"FIPS","Metropolitan Area","Industry Code","Industry","Component Code","Component","2001","2002","2003","2004","2005","2006"
"24860","Greenville-Mauldin-Easley, SC (MSA)",1,"Total Gross Domestic Product by Metropolitan Area",800,Quantity Indexes for Real GDP by Metropolitan Area (2001=100.000),100.000,100.391,103.259,98.338,101.211,101.916
"24860","Greenville-Mauldin-Easley, SC (MSA)",2," Private industries",800,Quantity Indexes for Real GDP by Metropolitan Area (2001=100.000),100.000,100.175,103.118,97.387,100.485,101.177
"24860","Greenville-Mauldin-Easley, SC (MSA)",3,"   Agriculture, forestry, fishing, and hunting",800,Quantity Indexes for Real GDP by Metropolitan Area (2001=100.000),"(D)","(D)","(D)","(D)","(D)","(D)"
"24860","Greenville-Mauldin-Easley, SC (MSA)",4,"     Crop and animal production (Farms)",800,Quantity Indexes for Real GDP by Metropolitan Area (2001=100.000),100.000,125.627,109.062,107.188,110.634,123.968
"24860","Greenville-Mauldin-Easley, SC (MSA)",5,"     Forestry, fishing, and related activities",800,Quantity Indexes for Real GDP by Metropolitan Area (2001=100.000),"(D)","(D)","(D)","(D)","(D)","(D)"
"24860","Greenville-Mauldin-Easley, SC (MSA)",6,"   Mining",800,Quantity Indexes for Real GDP by Metropolitan Area (2001=100.000),"(D)","(D)","(D)","(D)","(D)","(D)"
"24860","Greenville-Mauldin-Easley, SC (MSA)",7,"     Oil and gas extraction",800,Quantity Indexes for Real GDP by Metropolitan Area (2001=100.000),100.000,429.087,983.753,2508.764,1735.105,3186.580
"24860","Greenville-Mauldin-Easley, SC (MSA)",8,"     Mining, except oil and gas",800,Quantity Indexes for Real GDP by Metropolitan Area (2001=100.000),"(D)","(D)","(D)","(D)","(D)","(D)"
"24860","Greenville-Mauldin-Easley, SC (MSA)",9,"     Support activities for mining",800,Quantity Indexes for Real GDP by Metropolitan Area (2001=100.000),"(D)","(D)","(D)","(D)","(D)","(D)"
"24860","Greenville-Mauldin-Easley, SC (MSA)",10,"   Utilities",800,Quantity Indexes for Real GDP by Metropolitan Area (2001=100.000),"(D)","(D)","(D)","(D)","(D)","(D)"
"24860","Greenville-Mauldin-Easley, SC (MSA)",11,"   Construction",800,Quantity Indexes for Real GDP by Metropolitan Area (2001=100.000),100.000,90.261,89.954,88.172,92.369,86.145
"24860","Greenville-Mauldin-Easley, SC (MSA)",12,"   Manufacturing",800,Quantity Indexes for Real GDP by Metropolitan Area (2001=100.000),100.000,108.290,112.649,79.392,76.360,72.286
"24860","Greenville-Mauldin-Easley, SC (MSA)",13,"     Durable goods",800,Quantity Indexes for Real GDP by Metropolitan Area (2001=100.000),"(D)","(D)","(D)","(D)","(D)","(D)"
"24860","Greenville-Mauldin-Easley, SC (MSA)",14,"       Wood product manufacturing",800,Quantity Indexes for Real GDP by Metropolitan Area (2001=100.000),"(D)","(D)","(D)","(D)","(D)","(D)"
"24860","Greenville-Mauldin-Easley, SC (MSA)",15,"       Nonmetallic mineral product manufacturing",800,Quantity Indexes for Real GDP by Metropolitan Area (2001=100.000),100.000,"(D)","(D)","(D)","(D)",95.429
"24860","Greenville-Mauldin-Easley, SC (MSA)",16,"       Primary metal manufacturing",800,Quantity Indexes for Real GDP by Metropolitan Area (2001=100.000),"(D)","(D)","(D)","(D)","(D)","(D)"
"24860","Greenville-Mauldin-Easley, SC (MSA)",17,"       Fabricated metal product manufacturing",800,Quantity Indexes for Real GDP by Metropolitan Area (2001=100.000),100.000,96.408,114.314,114.752,107.144,89.459
"24860","Greenville-Mauldin-Easley, SC (MSA)",18,"       Machinery manufacturing",800,Quantity Indexes for Real GDP by Metropolitan Area (2001=100.000),100.000,139.023,141.090,61.917,64.855,48.965
"24860","Greenville-Mauldin-Easley, SC (MSA)",19,"       Computer and electronic product manufacturing",800,Quantity Indexes for Real GDP by Metropolitan Area (2001=100.000),100.000,124.249,96.001,148.404,145.164,174.993
"24860","Greenville-Mauldin-Easley, SC (MSA)",20,"       Electrical equipment and appliance manufacturing",800,Quantity Indexes for Real GDP by Metropolitan Area (2001=100.000),"(D)","(D)","(D)","(D)","(D)","(D)"
"24860","Greenville-Mauldin-Easley, SC (MSA)",21,"       Motor vehicle, body, trailer, and parts manufacturing",800,Quantity Indexes for Real GDP by Metropolitan Area (2001=100.000),"(D)","(D)","(D)","(D)","(D)","(D)"
"24860","Greenville-Mauldin-Easley, SC (MSA)",22,"       Other transportation equipment manufacturing",800,Quantity Indexes for Real GDP by Metropolitan Area (2001=100.000),"(D)","(D)","(D)","(D)","(D)","(D)"
"24860","Greenville-Mauldin-Easley, SC (MSA)",23,"       Furniture and related product manufacturing",800,Quantity Indexes for Real GDP by Metropolitan Area (2001=100.000),100.000,104.216,103.809,98.677,177.574,206.587
"24860","Greenville-Mauldin-Easley, SC (MSA)",24,"       Miscellaneous manufacturing",800,Quantity Indexes for Real GDP by Metropolitan Area (2001=100.000),"(D)","(D)","(D)","(D)","(D)","(D)"
"24860","Greenville-Mauldin-Easley, SC (MSA)",25,"     Nondurable goods",800,Quantity Indexes for Real GDP by Metropolitan Area (2001=100.000),"(D)","(D)","(D)","(D)","(D)","(D)"
"24860","Greenville-Mauldin-Easley, SC (MSA)",26,"       Food product manufacturing",800,Quantity Indexes for Real GDP by Metropolitan Area (2001=100.000),"(D)","(D)","(D)","(D)","(D)","(D)"
"24860","Greenville-Mauldin-Easley, SC (MSA)",27,"       Textile and textile product mills",800,Quantity Indexes for Real GDP by Metropolitan Area (2001=100.000),100.000,"(D)","(D)","(D)","(D)","(D)"
"24860","Greenville-Mauldin-Easley, SC (MSA)",28,"       Apparel manufacturing",800,Quantity Indexes for Real GDP by Metropolitan Area (2001=100.000),"(D)","(D)","(D)","(D)","(D)","(D)"
"24860","Greenville-Mauldin-Easley, SC (MSA)",29,"       Paper manufacturing",800,Quantity Indexes for Real GDP by Metropolitan Area (2001=100.000),"(D)","(D)","(D)","(D)","(D)","(D)"
"24860","Greenville-Mauldin-Easley, SC (MSA)",30,"       Printing and related support activities",800,Quantity Indexes for Real GDP by Metropolitan Area (2001=100.000),100.000,95.630,"(D)",93.566,94.589,107.224
"24860","Greenville-Mauldin-Easley, SC (MSA)",31,"       Petroleum and coal products manufacturing",800,Quantity Indexes for Real GDP by Metropolitan Area (2001=100.000),0.000,"(D)","(D)","(D)","(D)","(D)"
"24860","Greenville-Mauldin-Easley, SC (MSA)",32,"       Chemical manufacturing",800,Quantity Indexes for Real GDP by Metropolitan Area (2001=100.000),"(D)","(D)","(D)","(D)","(D)","(D)"
"24860","Greenville-Mauldin-Easley, SC (MSA)",33,"       Plastics and rubber products manufacturing",800,Quantity Indexes for Real GDP by Metropolitan Area (2001=100.000),100.000,"(D)","(D)",60.440,"(D)","(D)"
"24860","Greenville-Mauldin-Easley, SC (MSA)",34,"   Wholesale trade",800,Quantity Indexes for Real GDP by Metropolitan Area (2001=100.000),100.000,97.025,"(D)","(D)","(D)","(D)"
"24860","Greenville-Mauldin-Easley, SC (MSA)",35,"   Retail trade",800,Quantity Indexes for Real GDP by Metropolitan Area (2001=100.000),100.000,95.525,100.856,108.917,118.296,121.569
"24860","Greenville-Mauldin-Easley, SC (MSA)",36,"   Transportation and warehousing, excluding Postal Service",800,Quantity Indexes for Real GDP by Metropolitan Area (2001=100.000),"(D)","(D)","(D)","(D)","(D)","(D)"
"24860","Greenville-Mauldin-Easley, SC (MSA)",37,"     Air transportation",800,Quantity Indexes for Real GDP by Metropolitan Area (2001=100.000),100.000,"(D)","(D)","(D)","(D)","(D)"
"24860","Greenville-Mauldin-Easley, SC (MSA)",38,"     Rail transportation",800,Quantity Indexes for Real GDP by Metropolitan Area (2001=100.000),100.000,100.920,105.938,114.439,"(D)",156.550
"24860","Greenville-Mauldin-Easley, SC (MSA)",39,"     Water transportation",800,Quantity Indexes for Real GDP by Metropolitan Area (2001=100.000),100.000,85.010,242.723,248.912,231.460,187.877
"24860","Greenville-Mauldin-Easley, SC (MSA)",40,"     Truck transportation",800,Quantity Indexes for Real GDP by Metropolitan Area (2001=100.000),"(D)","(D)","(D)","(D)","(D)","(D)"
"24860","Greenville-Mauldin-Easley, SC (MSA)",41,"     Transit and ground passenger transportation",800,Quantity Indexes for Real GDP by Metropolitan Area (2001=100.000),"(D)","(D)","(D)","(D)","(D)","(D)"
"24860","Greenville-Mauldin-Easley, SC (MSA)",42,"     Pipeline transportation",800,Quantity Indexes for Real GDP by Metropolitan Area (2001=100.000),0.000,0.000,0.000,0.000,0.000,0.000
"24860","Greenville-Mauldin-Easley, SC (MSA)",43,"     Other transportation and support activities",800,Quantity Indexes for Real GDP by Metropolitan Area (2001=100.000),"(D)","(D)","(D)","(D)","(D)","(D)"
"24860","Greenville-Mauldin-Easley, SC (MSA)",44,"     Warehousing and storage",800,Quantity Indexes for Real GDP by Metropolitan Area (2001=100.000),"(D)","(D)","(D)","(D)","(D)","(D)"
"24860","Greenville-Mauldin-Easley, SC (MSA)",45,"   Information",800,Quantity Indexes for Real GDP by Metropolitan Area (2001=100.000),100.000,103.192,108.991,121.910,130.693,142.489
"24860","Greenville-Mauldin-Easley, SC (MSA)",46,"     Publishing including software",800,Quantity Indexes for Real GDP by Metropolitan Area (2001=100.000),100.000,103.087,"(D)","(D)","(D)","(D)"
"24860","Greenville-Mauldin-Easley, SC (MSA)",47,"     Motion picture and sound recording industries",800,Quantity Indexes for Real GDP by Metropolitan Area (2001=100.000),"(D)","(D)","(D)","(D)","(D)","(D)"
"24860","Greenville-Mauldin-Easley, SC (MSA)",48,"     Broadcasting and telecommunications",800,Quantity Indexes for Real GDP by Metropolitan Area (2001=100.000),"(D)","(D)","(D)","(D)","(D)","(D)"
"24860","Greenville-Mauldin-Easley, SC (MSA)",49,"     Information and data processing services",800,Quantity Indexes for Real GDP by Metropolitan Area (2001=100.000),"(D)","(D)","(D)","(D)","(D)","(D)"
"24860","Greenville-Mauldin-Easley, SC (MSA)",50,"   Finance and insurance",800,Quantity Indexes for Real GDP by Metropolitan Area (2001=100.000),100.000,101.050,104.991,105.987,115.869,116.732
"24860","Greenville-Mauldin-Easley, SC (MSA)",51,"     Federal Reserve banks, credit intermediation and related services",800,Quantity Indexes for Real GDP by Metropolitan Area (2001=100.000),100.000,104.280,112.170,109.718,118.544,"(D)"
"24860","Greenville-Mauldin-Easley, SC (MSA)",52,"     Securities, commodity contracts, investments",800,Quantity Indexes for Real GDP by Metropolitan Area (2001=100.000),"(D)","(D)","(D)","(D)","(D)","(D)"
"24860","Greenville-Mauldin-Easley, SC (MSA)",53,"     Insurance carriers and related activities",800,Quantity Indexes for Real GDP by Metropolitan Area (2001=100.000),"(D)","(D)","(D)","(D)","(D)","(D)"
"24860","Greenville-Mauldin-Easley, SC (MSA)",54,"     Funds, trusts, and other financial vehicles",800,Quantity Indexes for Real GDP by Metropolitan Area (2001=100.000),100.000,114.112,38.911,14.511,"(D)","(D)"
"24860","Greenville-Mauldin-Easley, SC (MSA)",55,"   Real estate and rental and leasing",800,Quantity Indexes for Real GDP by Metropolitan Area (2001=100.000),100.000,93.357,88.780,90.249,92.412,87.632
"24860","Greenville-Mauldin-Easley, SC (MSA)",56,"     Real estate",800,Quantity Indexes for Real GDP by Metropolitan Area (2001=100.000),100.000,92.092,87.184,87.836,92.228,87.397
"24860","Greenville-Mauldin-Easley, SC (MSA)",57,"     Rental and leasing services and lessors of intangible assets",800,Quantity Indexes for Real GDP by Metropolitan Area (2001=100.000),100.000,107.308,106.434,116.899,94.952,90.682
"24860","Greenville-Mauldin-Easley, SC (MSA)",58,"   Professional and technical services",800,Quantity Indexes for Real GDP by Metropolitan Area (2001=100.000),"(D)","(D)","(D)","(D)","(D)","(D)"
"24860","Greenville-Mauldin-Easley, SC (MSA)",62,"   Management of companies and enterprises",800,Quantity Indexes for Real GDP by Metropolitan Area (2001=100.000),"(D)","(D)","(D)","(D)","(D)","(D)"
"24860","Greenville-Mauldin-Easley, SC (MSA)",63,"   Administrative and waste services",800,Quantity Indexes for Real GDP by Metropolitan Area (2001=100.000),100.000,103.276,121.182,118.596,134.301,143.390
"24860","Greenville-Mauldin-Easley, SC (MSA)",64,"     Administrative and support services",800,Quantity Indexes for Real GDP by Metropolitan Area (2001=100.000),"(D)","(D)","(D)","(D)","(D)","(D)"
"24860","Greenville-Mauldin-Easley, SC (MSA)",65,"     Waste management and remediation services",800,Quantity Indexes for Real GDP by Metropolitan Area (2001=100.000),"(D)","(D)","(D)","(D)","(D)","(D)"
"24860","Greenville-Mauldin-Easley, SC (MSA)",66,"   Educational services",800,Quantity Indexes for Real GDP by Metropolitan Area (2001=100.000),"(D)","(D)","(D)","(D)","(D)","(D)"
"24860","Greenville-Mauldin-Easley, SC (MSA)",67,"   Health care and social assistance",800,Quantity Indexes for Real GDP by Metropolitan Area (2001=100.000),"(D)","(D)","(D)","(D)","(D)","(D)"
"24860","Greenville-Mauldin-Easley, SC (MSA)",68,"     Ambulatory health care services",800,Quantity Indexes for Real GDP by Metropolitan Area (2001=100.000),100.000,103.605,109.701,110.202,113.812,113.510
"24860","Greenville-Mauldin-Easley, SC (MSA)",69,"     Hospitals and nursing and residential care facilities",800,Quantity Indexes for Real GDP by Metropolitan Area (2001=100.000),"(D)","(D)","(D)","(D)","(D)","(D)"
"24860","Greenville-Mauldin-Easley, SC (MSA)",70,"     Social assistance",800,Quantity Indexes for Real GDP by Metropolitan Area (2001=100.000),"(D)","(D)","(D)","(D)","(D)","(D)"
"24860","Greenville-Mauldin-Easley, SC (MSA)",71,"   Arts, entertainment, and recreation",800,Quantity Indexes for Real GDP by Metropolitan Area (2001=100.000),100.000,92.219,93.936,89.492,79.033,84.084
"24860","Greenville-Mauldin-Easley, SC (MSA)",72,"     Performing arts, museums, and related activities",800,Quantity Indexes for Real GDP by Metropolitan Area (2001=100.000),"(D)","(D)","(D)","(D)","(D)","(D)"
"24860","Greenville-Mauldin-Easley, SC (MSA)",73,"     Amusement, gambling, and recreation",800,Quantity Indexes for Real GDP by Metropolitan Area (2001=100.000),"(D)","(D)","(D)","(D)","(D)","(D)"
"24860","Greenville-Mauldin-Easley, SC (MSA)",74,"   Accommodation and food services",800,Quantity Indexes for Real GDP by Metropolitan Area (2001=100.000),100.000,90.966,93.430,97.657,100.682,106.168
"24860","Greenville-Mauldin-Easley, SC (MSA)",75,"     Accommodation",800,Quantity Indexes for Real GDP by Metropolitan Area (2001=100.000),100.000,"(D)",88.163,88.051,98.309,102.714
"24860","Greenville-Mauldin-Easley, SC (MSA)",76,"     Food services and drinking places",800,Quantity Indexes for Real GDP by Metropolitan Area (2001=100.000),100.000,"(D)",94.593,99.798,101.148,106.879
"24860","Greenville-Mauldin-Easley, SC (MSA)",77,"   Other services, except government",800,Quantity Indexes for Real GDP by Metropolitan Area (2001=100.000),100.000,95.971,93.709,94.057,91.756,91.762
"24860","Greenville-Mauldin-Easley, SC (MSA)",78," Government",800,Quantity Indexes for Real GDP by Metropolitan Area (2001=100.000),100.000,102.338,104.556,106.478,107.497,108.303
"24860","Greenville-Mauldin-Easley, SC (MSA)",79,"   Federal civilian",800,Quantity Indexes for Real GDP by Metropolitan Area (2001=100.000),100.000,96.997,96.886,95.674,94.028,95.220
"24860","Greenville-Mauldin-Easley, SC (MSA)",80,"   Federal military",800,Quantity Indexes for Real GDP by Metropolitan Area (2001=100.000),100.000,114.850,148.388,145.290,148.628,128.560
"24860","Greenville-Mauldin-Easley, SC (MSA)",81,"   State and local",800,Quantity Indexes for Real GDP by Metropolitan Area (2001=100.000),100.000,102.412,103.743,106.152,107.347,108.921
"24860","Greenville-Mauldin-Easley, SC (MSA)",99,"Natural resources and mining",800,Quantity Indexes for Real GDP by Metropolitan Area (2001=100.000),100.000,"(D)",105.554,109.029,113.759,120.829
"24860","Greenville-Mauldin-Easley, SC (MSA)",100,"Trade",800,Quantity Indexes for Real GDP by Metropolitan Area (2001=100.000),100.000,96.199,"(D)","(D)","(D)","(D)"
"24860","Greenville-Mauldin-Easley, SC (MSA)",101,"Transportation and utilities",800,Quantity Indexes for Real GDP by Metropolitan Area (2001=100.000),100.000,"(D)","(D)","(D)","(D)","(D)"
"24860","Greenville-Mauldin-Easley, SC (MSA)",102,"Financial activities",800,Quantity Indexes for Real GDP by Metropolitan Area (2001=100.000),100.000,95.938,94.223,95.532,100.319,97.461
"24860","Greenville-Mauldin-Easley, SC (MSA)",103,"Professional and business services",800,Quantity Indexes for Real GDP by Metropolitan Area (2001=100.000),100.000,"(D)",107.125,118.281,123.218,130.448
"24860","Greenville-Mauldin-Easley, SC (MSA)",104,"Education and health services",800,Quantity Indexes for Real GDP by Metropolitan Area (2001=100.000),100.000,"(D)",106.831,108.486,111.743,114.719
"24860","Greenville-Mauldin-Easley, SC (MSA)",105,"Leisure and hospitality",800,Quantity Indexes for Real GDP by Metropolitan Area (2001=100.000),100.000,91.191,93.521,96.179,96.773,102.179
"24860","Greenville-Mauldin-Easley, SC (MSA)",106,"Information, Communication, and Technology (ICT)",800,Quantity Indexes for Real GDP by Metropolitan Area (2001=100.000),"(D)","(D)","(D)","(D)","(D)","(D)"
"24860","Greenville-Mauldin-Easley, SC (MSA)",108,"Private goods-producing industries",800,Quantity Indexes for Real GDP by Metropolitan Area (2001=100.000),100.000,105.145,108.541,81.677,80.200,75.811
"24860","Greenville-Mauldin-Easley, SC (MSA)",109,"Private services-providing industries",800,Quantity Indexes for Real GDP by Metropolitan Area (2001=100.000),100.000,97.553,100.259,105.280,110.698,114.014
"FIPS","Metropolitan Area","Industry Code","Industry","Component Code","Component","2001","2002","2003","2004","2005","2006"
"24860","Greenville-Mauldin-Easley, SC (MSA)",1,"Total Gross Domestic Product by Metropolitan Area",900,Real GDP by Metropolitan Area (millions of chained 2001 dollars),20171,20250,20829,19836,20415,20558
"24860","Greenville-Mauldin-Easley, SC (MSA)",2," Private industries",900,Real GDP by Metropolitan Area (millions of chained 2001 dollars),18183,18215,18750,17708,18272,18397
"24860","Greenville-Mauldin-Easley, SC (MSA)",3,"   Agriculture, forestry, fishing, and hunting",900,Real GDP by Metropolitan Area (millions of chained 2001 dollars),"(D)","(D)","(D)","(D)","(D)","(D)"
"24860","Greenville-Mauldin-Easley, SC (MSA)",4,"     Crop and animal production (Farms)",900,Real GDP by Metropolitan Area (millions of chained 2001 dollars),40,51,44,43,44,50
"24860","Greenville-Mauldin-Easley, SC (MSA)",5,"     Forestry, fishing, and related activities",900,Real GDP by Metropolitan Area (millions of chained 2001 dollars),"(D)","(D)","(D)","(D)","(D)","(D)"
"24860","Greenville-Mauldin-Easley, SC (MSA)",6,"   Mining",900,Real GDP by Metropolitan Area (millions of chained 2001 dollars),"(D)","(D)","(D)","(D)","(D)","(D)"
"24860","Greenville-Mauldin-Easley, SC (MSA)",7,"     Oil and gas extraction",900,Real GDP by Metropolitan Area (millions of chained 2001 dollars),"(L)","(L)","(L)","(L)","(L)","(L)"
"24860","Greenville-Mauldin-Easley, SC (MSA)",8,"     Mining, except oil and gas",900,Real GDP by Metropolitan Area (millions of chained 2001 dollars),"(D)","(D)","(D)","(D)","(D)","(D)"
"24860","Greenville-Mauldin-Easley, SC (MSA)",9,"     Support activities for mining",900,Real GDP by Metropolitan Area (millions of chained 2001 dollars),"(D)","(D)","(D)","(D)","(D)","(D)"
"24860","Greenville-Mauldin-Easley, SC (MSA)",10,"   Utilities",900,Real GDP by Metropolitan Area (millions of chained 2001 dollars),"(D)","(D)","(D)","(D)","(D)","(D)"
"24860","Greenville-Mauldin-Easley, SC (MSA)",11,"   Construction",900,Real GDP by Metropolitan Area (millions of chained 2001 dollars),1076,971,968,949,994,927
"24860","Greenville-Mauldin-Easley, SC (MSA)",12,"   Manufacturing",900,Real GDP by Metropolitan Area (millions of chained 2001 dollars),5174,5603,5829,4108,3951,3740
"24860","Greenville-Mauldin-Easley, SC (MSA)",13,"     Durable goods",900,Real GDP by Metropolitan Area (millions of chained 2001 dollars),"(D)",3316,3395,"(D)",2352,2190
"24860","Greenville-Mauldin-Easley, SC (MSA)",14,"       Wood product manufacturing",900,Real GDP by Metropolitan Area (millions of chained 2001 dollars),"(D)",44,44,59,64,70
"24860","Greenville-Mauldin-Easley, SC (MSA)",15,"       Nonmetallic mineral product manufacturing",900,Real GDP by Metropolitan Area (millions of chained 2001 dollars),105,"(D)","(D)","(D)","(D)",100
"24860","Greenville-Mauldin-Easley, SC (MSA)",16,"       Primary metal manufacturing",900,Real GDP by Metropolitan Area (millions of chained 2001 dollars),"(D)","(D)","(D)","(D)","(D)","(D)"
"24860","Greenville-Mauldin-Easley, SC (MSA)",17,"       Fabricated metal product manufacturing",900,Real GDP by Metropolitan Area (millions of chained 2001 dollars),336,324,384,386,360,301
"24860","Greenville-Mauldin-Easley, SC (MSA)",18,"       Machinery manufacturing",900,Real GDP by Metropolitan Area (millions of chained 2001 dollars),1547,2150,2182,958,1003,757
"24860","Greenville-Mauldin-Easley, SC (MSA)",19,"       Computer and electronic product manufacturing",900,Real GDP by Metropolitan Area (millions of chained 2001 dollars),103,128,99,153,150,180
"24860","Greenville-Mauldin-Easley, SC (MSA)",20,"       Electrical equipment and appliance manufacturing",900,Real GDP by Metropolitan Area (millions of chained 2001 dollars),"(D)","(D)","(D)","(D)","(D)","(D)"
"24860","Greenville-Mauldin-Easley, SC (MSA)",21,"       Motor vehicle, body, trailer, and parts manufacturing",900,Real GDP by Metropolitan Area (millions of chained 2001 dollars),"(D)","(D)","(D)","(D)","(D)","(D)"
"24860","Greenville-Mauldin-Easley, SC (MSA)",22,"       Other transportation equipment manufacturing",900,Real GDP by Metropolitan Area (millions of chained 2001 dollars),"(D)","(D)","(D)","(D)","(D)","(D)"
"24860","Greenville-Mauldin-Easley, SC (MSA)",23,"       Furniture and related product manufacturing",900,Real GDP by Metropolitan Area (millions of chained 2001 dollars),40,41,41,39,70,82
"24860","Greenville-Mauldin-Easley, SC (MSA)",24,"       Miscellaneous manufacturing",900,Real GDP by Metropolitan Area (millions of chained 2001 dollars),"(D)","(D)","(D)","(D)","(D)","(D)"
"24860","Greenville-Mauldin-Easley, SC (MSA)",25,"     Nondurable goods",900,Real GDP by Metropolitan Area (millions of chained 2001 dollars),"(D)",2287,2435,"(D)",1600,1550
"24860","Greenville-Mauldin-Easley, SC (MSA)",26,"       Food product manufacturing",900,Real GDP by Metropolitan Area (millions of chained 2001 dollars),"(D)","(D)","(D)","(D)","(D)","(D)"
"24860","Greenville-Mauldin-Easley, SC (MSA)",27,"       Textile and textile product mills",900,Real GDP by Metropolitan Area (millions of chained 2001 dollars),544,"(D)","(D)","(D)","(D)","(D)"
"24860","Greenville-Mauldin-Easley, SC (MSA)",28,"       Apparel manufacturing",900,Real GDP by Metropolitan Area (millions of chained 2001 dollars),"(D)","(D)","(D)","(D)","(D)","(D)"
"24860","Greenville-Mauldin-Easley, SC (MSA)",29,"       Paper manufacturing",900,Real GDP by Metropolitan Area (millions of chained 2001 dollars),"(D)","(D)","(D)","(D)","(D)","(D)"
"24860","Greenville-Mauldin-Easley, SC (MSA)",30,"       Printing and related support activities",900,Real GDP by Metropolitan Area (millions of chained 2001 dollars),69,66,"(D)",64,65,74
"24860","Greenville-Mauldin-Easley, SC (MSA)",31,"       Petroleum and coal products manufacturing",900,Real GDP by Metropolitan Area (millions of chained 2001 dollars),0,"(D)","(D)","(D)","(D)","(D)"
"24860","Greenville-Mauldin-Easley, SC (MSA)",32,"       Chemical manufacturing",900,Real GDP by Metropolitan Area (millions of chained 2001 dollars),"(D)","(D)",313,322,270,290
"24860","Greenville-Mauldin-Easley, SC (MSA)",33,"       Plastics and rubber products manufacturing",900,Real GDP by Metropolitan Area (millions of chained 2001 dollars),1259,"(D)","(D)",761,"(D)","(D)"
"24860","Greenville-Mauldin-Easley, SC (MSA)",34,"   Wholesale trade",900,Real GDP by Metropolitan Area (millions of chained 2001 dollars),1345,1305,"(D)","(D)","(D)","(D)"
"24860","Greenville-Mauldin-Easley, SC (MSA)",35,"   Retail trade",900,Real GDP by Metropolitan Area (millions of chained 2001 dollars),1637,1564,1651,1783,1936,1990
"24860","Greenville-Mauldin-Easley, SC (MSA)",36,"   Transportation and warehousing, excluding Postal Service",900,Real GDP by Metropolitan Area (millions of chained 2001 dollars),"(D)","(D)",718,698,716,731
"24860","Greenville-Mauldin-Easley, SC (MSA)",37,"     Air transportation",900,Real GDP by Metropolitan Area (millions of chained 2001 dollars),9,"(D)","(D)","(D)","(D)","(D)"
"24860","Greenville-Mauldin-Easley, SC (MSA)",38,"     Rail transportation",900,Real GDP by Metropolitan Area (millions of chained 2001 dollars),32,32,34,37,"(D)",50
"24860","Greenville-Mauldin-Easley, SC (MSA)",39,"     Water transportation",900,Real GDP by Metropolitan Area (millions of chained 2001 dollars),"(L)","(L)","(L)","(L)","(L)","(L)"
"24860","Greenville-Mauldin-Easley, SC (MSA)",40,"     Truck transportation",900,Real GDP by Metropolitan Area (millions of chained 2001 dollars),"(D)",336,373,363,350,348
"24860","Greenville-Mauldin-Easley, SC (MSA)",41,"     Transit and ground passenger transportation",900,Real GDP by Metropolitan Area (millions of chained 2001 dollars),"(D)","(D)","(D)","(D)","(D)","(D)"
"24860","Greenville-Mauldin-Easley, SC (MSA)",42,"     Pipeline transportation",900,Real GDP by Metropolitan Area (millions of chained 2001 dollars),0,0,0,0,0,0
"24860","Greenville-Mauldin-Easley, SC (MSA)",43,"     Other transportation and support activities",900,Real GDP by Metropolitan Area (millions of chained 2001 dollars),"(D)","(D)","(D)","(D)","(D)","(D)"
"24860","Greenville-Mauldin-Easley, SC (MSA)",44,"     Warehousing and storage",900,Real GDP by Metropolitan Area (millions of chained 2001 dollars),"(D)","(D)","(D)","(D)","(D)","(D)"
"24860","Greenville-Mauldin-Easley, SC (MSA)",45,"   Information",900,Real GDP by Metropolitan Area (millions of chained 2001 dollars),849,876,925,1034,1109,1209
"24860","Greenville-Mauldin-Easley, SC (MSA)",46,"     Publishing including software",900,Real GDP by Metropolitan Area (millions of chained 2001 dollars),113,117,"(D)","(D)","(D)","(D)"
"24860","Greenville-Mauldin-Easley, SC (MSA)",47,"     Motion picture and sound recording industries",900,Real GDP by Metropolitan Area (millions of chained 2001 dollars),"(D)",15,"(D)","(D)","(D)","(D)"
"24860","Greenville-Mauldin-Easley, SC (MSA)",48,"     Broadcasting and telecommunications",900,Real GDP by Metropolitan Area (millions of chained 2001 dollars),"(D)","(D)","(D)","(D)","(D)","(D)"
"24860","Greenville-Mauldin-Easley, SC (MSA)",49,"     Information and data processing services",900,Real GDP by Metropolitan Area (millions of chained 2001 dollars),"(D)","(D)","(D)","(D)","(D)","(D)"
"24860","Greenville-Mauldin-Easley, SC (MSA)",50,"   Finance and insurance",900,Real GDP by Metropolitan Area (millions of chained 2001 dollars),935,945,982,991,1084,1092
"24860","Greenville-Mauldin-Easley, SC (MSA)",51,"     Federal Reserve banks, credit intermediation and related services",900,Real GDP by Metropolitan Area (millions of chained 2001 dollars),528,550,592,579,625,"(D)"
"24860","Greenville-Mauldin-Easley, SC (MSA)",52,"     Securities, commodity contracts, investments",900,Real GDP by Metropolitan Area (millions of chained 2001 dollars),"(D)","(D)","(D)","(D)","(D)",119
"24860","Greenville-Mauldin-Easley, SC (MSA)",53,"     Insurance carriers and related activities",900,Real GDP by Metropolitan Area (millions of chained 2001 dollars),"(D)","(D)","(D)","(D)",367,339
"24860","Greenville-Mauldin-Easley, SC (MSA)",54,"     Funds, trusts, and other financial vehicles",900,Real GDP by Metropolitan Area (millions of chained 2001 dollars),4,5,2,1,"(D)","(D)"
"24860","Greenville-Mauldin-Easley, SC (MSA)",55,"   Real estate and rental and leasing",900,Real GDP by Metropolitan Area (millions of chained 2001 dollars),1857,1734,1649,1676,1717,1628
"24860","Greenville-Mauldin-Easley, SC (MSA)",56,"     Real estate",900,Real GDP by Metropolitan Area (millions of chained 2001 dollars),1700,1565,1482,1493,1568,1486
"24860","Greenville-Mauldin-Easley, SC (MSA)",57,"     Rental and leasing services and lessors of intangible assets",900,Real GDP by Metropolitan Area (millions of chained 2001 dollars),158,169,168,184,150,143
"24860","Greenville-Mauldin-Easley, SC (MSA)",58,"   Professional and technical services",900,Real GDP by Metropolitan Area (millions of chained 2001 dollars),"(D)","(D)","(D)",1266,"(D)","(D)"
"24860","Greenville-Mauldin-Easley, SC (MSA)",62,"   Management of companies and enterprises",900,Real GDP by Metropolitan Area (millions of chained 2001 dollars),"(D)",252,"(D)",326,"(D)","(D)"
"24860","Greenville-Mauldin-Easley, SC (MSA)",63,"   Administrative and waste services",900,Real GDP by Metropolitan Area (millions of chained 2001 dollars),647,668,784,767,868,927
"24860","Greenville-Mauldin-Easley, SC (MSA)",64,"     Administrative and support services",900,Real GDP by Metropolitan Area (millions of chained 2001 dollars),"(D)","(D)","(D)","(D)","(D)","(D)"
"24860","Greenville-Mauldin-Easley, SC (MSA)",65,"     Waste management and remediation services",900,Real GDP by Metropolitan Area (millions of chained 2001 dollars),"(D)","(D)","(D)","(D)","(D)","(D)"
"24860","Greenville-Mauldin-Easley, SC (MSA)",66,"   Educational services",900,Real GDP by Metropolitan Area (millions of chained 2001 dollars),"(D)","(D)","(D)","(D)","(D)","(D)"
"24860","Greenville-Mauldin-Easley, SC (MSA)",67,"   Health care and social assistance",900,Real GDP by Metropolitan Area (millions of chained 2001 dollars),"(D)","(D)","(D)","(D)","(D)","(D)"
"24860","Greenville-Mauldin-Easley, SC (MSA)",68,"     Ambulatory health care services",900,Real GDP by Metropolitan Area (millions of chained 2001 dollars),613,635,673,676,698,696
"24860","Greenville-Mauldin-Easley, SC (MSA)",69,"     Hospitals and nursing and residential care facilities",900,Real GDP by Metropolitan Area (millions of chained 2001 dollars),"(D)","(D)","(D)","(D)","(D)","(D)"
"24860","Greenville-Mauldin-Easley, SC (MSA)",70,"     Social assistance",900,Real GDP by Metropolitan Area (millions of chained 2001 dollars),"(D)","(D)","(D)","(D)","(D)","(D)"
"24860","Greenville-Mauldin-Easley, SC (MSA)",71,"   Arts, entertainment, and recreation",900,Real GDP by Metropolitan Area (millions of chained 2001 dollars),117,108,110,105,93,99
"24860","Greenville-Mauldin-Easley, SC (MSA)",72,"     Performing arts, museums, and related activities",900,Real GDP by Metropolitan Area (millions of chained 2001 dollars),"(D)","(D)","(D)","(D)","(D)","(D)"
"24860","Greenville-Mauldin-Easley, SC (MSA)",73,"     Amusement, gambling, and recreation",900,Real GDP by Metropolitan Area (millions of chained 2001 dollars),"(D)","(D)","(D)","(D)","(D)","(D)"
"24860","Greenville-Mauldin-Easley, SC (MSA)",74,"   Accommodation and food services",900,Real GDP by Metropolitan Area (millions of chained 2001 dollars),532,484,497,519,535,564
"24860","Greenville-Mauldin-Easley, SC (MSA)",75,"     Accommodation",900,Real GDP by Metropolitan Area (millions of chained 2001 dollars),100,"(D)",89,88,99,103
"24860","Greenville-Mauldin-Easley, SC (MSA)",76,"     Food services and drinking places",900,Real GDP by Metropolitan Area (millions of chained 2001 dollars),431,"(D)",408,430,436,461
"24860","Greenville-Mauldin-Easley, SC (MSA)",77,"   Other services, except government",900,Real GDP by Metropolitan Area (millions of chained 2001 dollars),499,479,467,469,458,458
"24860","Greenville-Mauldin-Easley, SC (MSA)",78," Government",900,Real GDP by Metropolitan Area (millions of chained 2001 dollars),1988,2034,2078,2117,2137,2153
"24860","Greenville-Mauldin-Easley, SC (MSA)",79,"   Federal civilian",900,Real GDP by Metropolitan Area (millions of chained 2001 dollars),163,158,158,156,153,155
"24860","Greenville-Mauldin-Easley, SC (MSA)",80,"   Federal military",900,Real GDP by Metropolitan Area (millions of chained 2001 dollars),59,68,87,85,87,76
"24860","Greenville-Mauldin-Easley, SC (MSA)",81,"   State and local",900,Real GDP by Metropolitan Area (millions of chained 2001 dollars),1766,1809,1832,1875,1896,1923
"24860","Greenville-Mauldin-Easley, SC (MSA)",99,"Natural resources and mining",900,Real GDP by Metropolitan Area (millions of chained 2001 dollars),88,"(D)",93,96,101,107
"24860","Greenville-Mauldin-Easley, SC (MSA)",100,"Trade",900,Real GDP by Metropolitan Area (millions of chained 2001 dollars),2982,2869,"(D)","(D)","(D)","(D)"
"24860","Greenville-Mauldin-Easley, SC (MSA)",101,"Transportation and utilities",900,Real GDP by Metropolitan Area (millions of chained 2001 dollars),974,"(D)","(D)","(D)","(D)","(D)"
"24860","Greenville-Mauldin-Easley, SC (MSA)",102,"Financial activities",900,Real GDP by Metropolitan Area (millions of chained 2001 dollars),2793,2679,2631,2668,2801,2722
"24860","Greenville-Mauldin-Easley, SC (MSA)",103,"Professional and business services",900,Real GDP by Metropolitan Area (millions of chained 2001 dollars),1998,"(D)",2140,2363,2462,2606
"24860","Greenville-Mauldin-Easley, SC (MSA)",104,"Education and health services",900,Real GDP by Metropolitan Area (millions of chained 2001 dollars),1102,"(D)",1177,1195,1231,1264
"24860","Greenville-Mauldin-Easley, SC (MSA)",105,"Leisure and hospitality",900,Real GDP by Metropolitan Area (millions of chained 2001 dollars),649,592,607,624,628,663
"24860","Greenville-Mauldin-Easley, SC (MSA)",106,"Information, Communication, and Technology (ICT)",900,Real GDP by Metropolitan Area (millions of chained 2001 dollars),"(D)","(D)",492,546,526,589
"24860","Greenville-Mauldin-Easley, SC (MSA)",108,"Private goods-producing industries",900,Real GDP by Metropolitan Area (millions of chained 2001 dollars),6312,6637,6851,5156,5062,4785
"24860","Greenville-Mauldin-Easley, SC (MSA)",109,"Private services-providing industries",900,Real GDP by Metropolitan Area (millions of chained 2001 dollars),11871,11581,11902,12498,13141,13535
"FIPS","Metropolitan Area","Industry Code","Industry","Component Code","Component","2001","2002","2003","2004","2005","2006"
"24860","Greenville-Mauldin-Easley, SC (MSA)",1,"Total Gross Domestic Product by Metropolitan Area",1000,Per capita real GDP by Metropolitan Area (chained 2001 dollars),35521,35379,36093,34036,34610,34233
"24860","Greenville-Mauldin-Easley, SC (MSA)",2," Private industries",1000,Per capita real GDP by Metropolitan Area (chained 2001 dollars),"n/a","n/a","n/a","n/a","n/a","n/a"
"24860","Greenville-Mauldin-Easley, SC (MSA)",3,"   Agriculture, forestry, fishing, and hunting",1000,Per capita real GDP by Metropolitan Area (chained 2001 dollars),"n/a","n/a","n/a","n/a","n/a","n/a"
"24860","Greenville-Mauldin-Easley, SC (MSA)",4,"     Crop and animal production (Farms)",1000,Per capita real GDP by Metropolitan Area (chained 2001 dollars),"n/a","n/a","n/a","n/a","n/a","n/a"
"24860","Greenville-Mauldin-Easley, SC (MSA)",5,"     Forestry, fishing, and related activities",1000,Per capita real GDP by Metropolitan Area (chained 2001 dollars),"n/a","n/a","n/a","n/a","n/a","n/a"
"24860","Greenville-Mauldin-Easley, SC (MSA)",6,"   Mining",1000,Per capita real GDP by Metropolitan Area (chained 2001 dollars),"n/a","n/a","n/a","n/a","n/a","n/a"
"24860","Greenville-Mauldin-Easley, SC (MSA)",7,"     Oil and gas extraction",1000,Per capita real GDP by Metropolitan Area (chained 2001 dollars),"n/a","n/a","n/a","n/a","n/a","n/a"
"24860","Greenville-Mauldin-Easley, SC (MSA)",8,"     Mining, except oil and gas",1000,Per capita real GDP by Metropolitan Area (chained 2001 dollars),"n/a","n/a","n/a","n/a","n/a","n/a"
"24860","Greenville-Mauldin-Easley, SC (MSA)",9,"     Support activities for mining",1000,Per capita real GDP by Metropolitan Area (chained 2001 dollars),"n/a","n/a","n/a","n/a","n/a","n/a"
"24860","Greenville-Mauldin-Easley, SC (MSA)",10,"   Utilities",1000,Per capita real GDP by Metropolitan Area (chained 2001 dollars),"n/a","n/a","n/a","n/a","n/a","n/a"
"24860","Greenville-Mauldin-Easley, SC (MSA)",11,"   Construction",1000,Per capita real GDP by Metropolitan Area (chained 2001 dollars),"n/a","n/a","n/a","n/a","n/a","n/a"
"24860","Greenville-Mauldin-Easley, SC (MSA)",12,"   Manufacturing",1000,Per capita real GDP by Metropolitan Area (chained 2001 dollars),"n/a","n/a","n/a","n/a","n/a","n/a"
"24860","Greenville-Mauldin-Easley, SC (MSA)",13,"     Durable goods",1000,Per capita real GDP by Metropolitan Area (chained 2001 dollars),"n/a","n/a","n/a","n/a","n/a","n/a"
"24860","Greenville-Mauldin-Easley, SC (MSA)",14,"       Wood product manufacturing",1000,Per capita real GDP by Metropolitan Area (chained 2001 dollars),"n/a","n/a","n/a","n/a","n/a","n/a"
"24860","Greenville-Mauldin-Easley, SC (MSA)",15,"       Nonmetallic mineral product manufacturing",1000,Per capita real GDP by Metropolitan Area (chained 2001 dollars),"n/a","n/a","n/a","n/a","n/a","n/a"
"24860","Greenville-Mauldin-Easley, SC (MSA)",16,"       Primary metal manufacturing",1000,Per capita real GDP by Metropolitan Area (chained 2001 dollars),"n/a","n/a","n/a","n/a","n/a","n/a"
"24860","Greenville-Mauldin-Easley, SC (MSA)",17,"       Fabricated metal product manufacturing",1000,Per capita real GDP by Metropolitan Area (chained 2001 dollars),"n/a","n/a","n/a","n/a","n/a","n/a"
"24860","Greenville-Mauldin-Easley, SC (MSA)",18,"       Machinery manufacturing",1000,Per capita real GDP by Metropolitan Area (chained 2001 dollars),"n/a","n/a","n/a","n/a","n/a","n/a"
"24860","Greenville-Mauldin-Easley, SC (MSA)",19,"       Computer and electronic product manufacturing",1000,Per capita real GDP by Metropolitan Area (chained 2001 dollars),"n/a","n/a","n/a","n/a","n/a","n/a"
"24860","Greenville-Mauldin-Easley, SC (MSA)",20,"       Electrical equipment and appliance manufacturing",1000,Per capita real GDP by Metropolitan Area (chained 2001 dollars),"n/a","n/a","n/a","n/a","n/a","n/a"
"24860","Greenville-Mauldin-Easley, SC (MSA)",21,"       Motor vehicle, body, trailer, and parts manufacturing",1000,Per capita real GDP by Metropolitan Area (chained 2001 dollars),"n/a","n/a","n/a","n/a","n/a","n/a"
"24860","Greenville-Mauldin-Easley, SC (MSA)",22,"       Other transportation equipment manufacturing",1000,Per capita real GDP by Metropolitan Area (chained 2001 dollars),"n/a","n/a","n/a","n/a","n/a","n/a"
"24860","Greenville-Mauldin-Easley, SC (MSA)",23,"       Furniture and related product manufacturing",1000,Per capita real GDP by Metropolitan Area (chained 2001 dollars),"n/a","n/a","n/a","n/a","n/a","n/a"
"24860","Greenville-Mauldin-Easley, SC (MSA)",24,"       Miscellaneous manufacturing",1000,Per capita real GDP by Metropolitan Area (chained 2001 dollars),"n/a","n/a","n/a","n/a","n/a","n/a"
"24860","Greenville-Mauldin-Easley, SC (MSA)",25,"     Nondurable goods",1000,Per capita real GDP by Metropolitan Area (chained 2001 dollars),"n/a","n/a","n/a","n/a","n/a","n/a"
"24860","Greenville-Mauldin-Easley, SC (MSA)",26,"       Food product manufacturing",1000,Per capita real GDP by Metropolitan Area (chained 2001 dollars),"n/a","n/a","n/a","n/a","n/a","n/a"
"24860","Greenville-Mauldin-Easley, SC (MSA)",27,"       Textile and textile product mills",1000,Per capita real GDP by Metropolitan Area (chained 2001 dollars),"n/a","n/a","n/a","n/a","n/a","n/a"
"24860","Greenville-Mauldin-Easley, SC (MSA)",28,"       Apparel manufacturing",1000,Per capita real GDP by Metropolitan Area (chained 2001 dollars),"n/a","n/a","n/a","n/a","n/a","n/a"
"24860","Greenville-Mauldin-Easley, SC (MSA)",29,"       Paper manufacturing",1000,Per capita real GDP by Metropolitan Area (chained 2001 dollars),"n/a","n/a","n/a","n/a","n/a","n/a"
"24860","Greenville-Mauldin-Easley, SC (MSA)",30,"       Printing and related support activities",1000,Per capita real GDP by Metropolitan Area (chained 2001 dollars),"n/a","n/a","n/a","n/a","n/a","n/a"
"24860","Greenville-Mauldin-Easley, SC (MSA)",31,"       Petroleum and coal products manufacturing",1000,Per capita real GDP by Metropolitan Area (chained 2001 dollars),"n/a","n/a","n/a","n/a","n/a","n/a"
"24860","Greenville-Mauldin-Easley, SC (MSA)",32,"       Chemical manufacturing",1000,Per capita real GDP by Metropolitan Area (chained 2001 dollars),"n/a","n/a","n/a","n/a","n/a","n/a"
"24860","Greenville-Mauldin-Easley, SC (MSA)",33,"       Plastics and rubber products manufacturing",1000,Per capita real GDP by Metropolitan Area (chained 2001 dollars),"n/a","n/a","n/a","n/a","n/a","n/a"
"24860","Greenville-Mauldin-Easley, SC (MSA)",34,"   Wholesale trade",1000,Per capita real GDP by Metropolitan Area (chained 2001 dollars),"n/a","n/a","n/a","n/a","n/a","n/a"
"24860","Greenville-Mauldin-Easley, SC (MSA)",35,"   Retail trade",1000,Per capita real GDP by Metropolitan Area (chained 2001 dollars),"n/a","n/a","n/a","n/a","n/a","n/a"
"24860","Greenville-Mauldin-Easley, SC (MSA)",36,"   Transportation and warehousing, excluding Postal Service",1000,Per capita real GDP by Metropolitan Area (chained 2001 dollars),"n/a","n/a","n/a","n/a","n/a","n/a"
"24860","Greenville-Mauldin-Easley, SC (MSA)",37,"     Air transportation",1000,Per capita real GDP by Metropolitan Area (chained 2001 dollars),"n/a","n/a","n/a","n/a","n/a","n/a"
"24860","Greenville-Mauldin-Easley, SC (MSA)",38,"     Rail transportation",1000,Per capita real GDP by Metropolitan Area (chained 2001 dollars),"n/a","n/a","n/a","n/a","n/a","n/a"
"24860","Greenville-Mauldin-Easley, SC (MSA)",39,"     Water transportation",1000,Per capita real GDP by Metropolitan Area (chained 2001 dollars),"n/a","n/a","n/a","n/a","n/a","n/a"
"24860","Greenville-Mauldin-Easley, SC (MSA)",40,"     Truck transportation",1000,Per capita real GDP by Metropolitan Area (chained 2001 dollars),"n/a","n/a","n/a","n/a","n/a","n/a"
"24860","Greenville-Mauldin-Easley, SC (MSA)",41,"     Transit and ground passenger transportation",1000,Per capita real GDP by Metropolitan Area (chained 2001 dollars),"n/a","n/a","n/a","n/a","n/a","n/a"
"24860","Greenville-Mauldin-Easley, SC (MSA)",42,"     Pipeline transportation",1000,Per capita real GDP by Metropolitan Area (chained 2001 dollars),"n/a","n/a","n/a","n/a","n/a","n/a"
"24860","Greenville-Mauldin-Easley, SC (MSA)",43,"     Other transportation and support activities",1000,Per capita real GDP by Metropolitan Area (chained 2001 dollars),"n/a","n/a","n/a","n/a","n/a","n/a"
"24860","Greenville-Mauldin-Easley, SC (MSA)",44,"     Warehousing and storage",1000,Per capita real GDP by Metropolitan Area (chained 2001 dollars),"n/a","n/a","n/a","n/a","n/a","n/a"
"24860","Greenville-Mauldin-Easley, SC (MSA)",45,"   Information",1000,Per capita real GDP by Metropolitan Area (chained 2001 dollars),"n/a","n/a","n/a","n/a","n/a","n/a"
"24860","Greenville-Mauldin-Easley, SC (MSA)",46,"     Publishing including software",1000,Per capita real GDP by Metropolitan Area (chained 2001 dollars),"n/a","n/a","n/a","n/a","n/a","n/a"
"24860","Greenville-Mauldin-Easley, SC (MSA)",47,"     Motion picture and sound recording industries",1000,Per capita real GDP by Metropolitan Area (chained 2001 dollars),"n/a","n/a","n/a","n/a","n/a","n/a"
"24860","Greenville-Mauldin-Easley, SC (MSA)",48,"     Broadcasting and telecommunications",1000,Per capita real GDP by Metropolitan Area (chained 2001 dollars),"n/a","n/a","n/a","n/a","n/a","n/a"
"24860","Greenville-Mauldin-Easley, SC (MSA)",49,"     Information and data processing services",1000,Per capita real GDP by Metropolitan Area (chained 2001 dollars),"n/a","n/a","n/a","n/a","n/a","n/a"
"24860","Greenville-Mauldin-Easley, SC (MSA)",50,"   Finance and insurance",1000,Per capita real GDP by Metropolitan Area (chained 2001 dollars),"n/a","n/a","n/a","n/a","n/a","n/a"
"24860","Greenville-Mauldin-Easley, SC (MSA)",51,"     Federal Reserve banks, credit intermediation and related services",1000,Per capita real GDP by Metropolitan Area (chained 2001 dollars),"n/a","n/a","n/a","n/a","n/a","n/a"
"24860","Greenville-Mauldin-Easley, SC (MSA)",52,"     Securities, commodity contracts, investments",1000,Per capita real GDP by Metropolitan Area (chained 2001 dollars),"n/a","n/a","n/a","n/a","n/a","n/a"
"24860","Greenville-Mauldin-Easley, SC (MSA)",53,"     Insurance carriers and related activities",1000,Per capita real GDP by Metropolitan Area (chained 2001 dollars),"n/a","n/a","n/a","n/a","n/a","n/a"
"24860","Greenville-Mauldin-Easley, SC (MSA)",54,"     Funds, trusts, and other financial vehicles",1000,Per capita real GDP by Metropolitan Area (chained 2001 dollars),"n/a","n/a","n/a","n/a","n/a","n/a"
"24860","Greenville-Mauldin-Easley, SC (MSA)",55,"   Real estate and rental and leasing",1000,Per capita real GDP by Metropolitan Area (chained 2001 dollars),"n/a","n/a","n/a","n/a","n/a","n/a"
"24860","Greenville-Mauldin-Easley, SC (MSA)",56,"     Real estate",1000,Per capita real GDP by Metropolitan Area (chained 2001 dollars),"n/a","n/a","n/a","n/a","n/a","n/a"
"24860","Greenville-Mauldin-Easley, SC (MSA)",57,"     Rental and leasing services and lessors of intangible assets",1000,Per capita real GDP by Metropolitan Area (chained 2001 dollars),"n/a","n/a","n/a","n/a","n/a","n/a"
"24860","Greenville-Mauldin-Easley, SC (MSA)",58,"   Professional and technical services",1000,Per capita real GDP by Metropolitan Area (chained 2001 dollars),"n/a","n/a","n/a","n/a","n/a","n/a"
"24860","Greenville-Mauldin-Easley, SC (MSA)",62,"   Management of companies and enterprises",1000,Per capita real GDP by Metropolitan Area (chained 2001 dollars),"n/a","n/a","n/a","n/a","n/a","n/a"
"24860","Greenville-Mauldin-Easley, SC (MSA)",63,"   Administrative and waste services",1000,Per capita real GDP by Metropolitan Area (chained 2001 dollars),"n/a","n/a","n/a","n/a","n/a","n/a"
"24860","Greenville-Mauldin-Easley, SC (MSA)",64,"     Administrative and support services",1000,Per capita real GDP by Metropolitan Area (chained 2001 dollars),"n/a","n/a","n/a","n/a","n/a","n/a"
"24860","Greenville-Mauldin-Easley, SC (MSA)",65,"     Waste management and remediation services",1000,Per capita real GDP by Metropolitan Area (chained 2001 dollars),"n/a","n/a","n/a","n/a","n/a","n/a"
"24860","Greenville-Mauldin-Easley, SC (MSA)",66,"   Educational services",1000,Per capita real GDP by Metropolitan Area (chained 2001 dollars),"n/a","n/a","n/a","n/a","n/a","n/a"
"24860","Greenville-Mauldin-Easley, SC (MSA)",67,"   Health care and social assistance",1000,Per capita real GDP by Metropolitan Area (chained 2001 dollars),"n/a","n/a","n/a","n/a","n/a","n/a"
"24860","Greenville-Mauldin-Easley, SC (MSA)",68,"     Ambulatory health care services",1000,Per capita real GDP by Metropolitan Area (chained 2001 dollars),"n/a","n/a","n/a","n/a","n/a","n/a"
"24860","Greenville-Mauldin-Easley, SC (MSA)",69,"     Hospitals and nursing and residential care facilities",1000,Per capita real GDP by Metropolitan Area (chained 2001 dollars),"n/a","n/a","n/a","n/a","n/a","n/a"
"24860","Greenville-Mauldin-Easley, SC (MSA)",70,"     Social assistance",1000,Per capita real GDP by Metropolitan Area (chained 2001 dollars),"n/a","n/a","n/a","n/a","n/a","n/a"
"24860","Greenville-Mauldin-Easley, SC (MSA)",71,"   Arts, entertainment, and recreation",1000,Per capita real GDP by Metropolitan Area (chained 2001 dollars),"n/a","n/a","n/a","n/a","n/a","n/a"
"24860","Greenville-Mauldin-Easley, SC (MSA)",72,"     Performing arts, museums, and related activities",1000,Per capita real GDP by Metropolitan Area (chained 2001 dollars),"n/a","n/a","n/a","n/a","n/a","n/a"
"24860","Greenville-Mauldin-Easley, SC (MSA)",73,"     Amusement, gambling, and recreation",1000,Per capita real GDP by Metropolitan Area (chained 2001 dollars),"n/a","n/a","n/a","n/a","n/a","n/a"
"24860","Greenville-Mauldin-Easley, SC (MSA)",74,"   Accommodation and food services",1000,Per capita real GDP by Metropolitan Area (chained 2001 dollars),"n/a","n/a","n/a","n/a","n/a","n/a"
"24860","Greenville-Mauldin-Easley, SC (MSA)",75,"     Accommodation",1000,Per capita real GDP by Metropolitan Area (chained 2001 dollars),"n/a","n/a","n/a","n/a","n/a","n/a"
"24860","Greenville-Mauldin-Easley, SC (MSA)",76,"     Food services and drinking places",1000,Per capita real GDP by Metropolitan Area (chained 2001 dollars),"n/a","n/a","n/a","n/a","n/a","n/a"
"24860","Greenville-Mauldin-Easley, SC (MSA)",77,"   Other services, except government",1000,Per capita real GDP by Metropolitan Area (chained 2001 dollars),"n/a","n/a","n/a","n/a","n/a","n/a"
"24860","Greenville-Mauldin-Easley, SC (MSA)",78," Government",1000,Per capita real GDP by Metropolitan Area (chained 2001 dollars),"n/a","n/a","n/a","n/a","n/a","n/a"
"24860","Greenville-Mauldin-Easley, SC (MSA)",79,"   Federal civilian",1000,Per capita real GDP by Metropolitan Area (chained 2001 dollars),"n/a","n/a","n/a","n/a","n/a","n/a"
"24860","Greenville-Mauldin-Easley, SC (MSA)",80,"   Federal military",1000,Per capita real GDP by Metropolitan Area (chained 2001 dollars),"n/a","n/a","n/a","n/a","n/a","n/a"
"24860","Greenville-Mauldin-Easley, SC (MSA)",81,"   State and local",1000,Per capita real GDP by Metropolitan Area (chained 2001 dollars),"n/a","n/a","n/a","n/a","n/a","n/a"
"24860","Greenville-Mauldin-Easley, SC (MSA)",99,"Natural resources and mining",1000,Per capita real GDP by Metropolitan Area (chained 2001 dollars),"n/a","n/a","n/a","n/a","n/a","n/a"
"24860","Greenville-Mauldin-Easley, SC (MSA)",100,"Trade",1000,Per capita real GDP by Metropolitan Area (chained 2001 dollars),"n/a","n/a","n/a","n/a","n/a","n/a"
"24860","Greenville-Mauldin-Easley, SC (MSA)",101,"Transportation and utilities",1000,Per capita real GDP by Metropolitan Area (chained 2001 dollars),"n/a","n/a","n/a","n/a","n/a","n/a"
"24860","Greenville-Mauldin-Easley, SC (MSA)",102,"Financial activities",1000,Per capita real GDP by Metropolitan Area (chained 2001 dollars),"n/a","n/a","n/a","n/a","n/a","n/a"
"24860","Greenville-Mauldin-Easley, SC (MSA)",103,"Professional and business services",1000,Per capita real GDP by Metropolitan Area (chained 2001 dollars),"n/a","n/a","n/a","n/a","n/a","n/a"
"24860","Greenville-Mauldin-Easley, SC (MSA)",104,"Education and health services",1000,Per capita real GDP by Metropolitan Area (chained 2001 dollars),"n/a","n/a","n/a","n/a","n/a","n/a"
"24860","Greenville-Mauldin-Easley, SC (MSA)",105,"Leisure and hospitality",1000,Per capita real GDP by Metropolitan Area (chained 2001 dollars),"n/a","n/a","n/a","n/a","n/a","n/a"
"24860","Greenville-Mauldin-Easley, SC (MSA)",106,"Information, Communication, and Technology (ICT)",1000,Per capita real GDP by Metropolitan Area (chained 2001 dollars),"n/a","n/a","n/a","n/a","n/a","n/a"
"24860","Greenville-Mauldin-Easley, SC (MSA)",108,"Private goods-producing industries",1000,Per capita real GDP by Metropolitan Area (chained 2001 dollars),"n/a","n/a","n/a","n/a","n/a","n/a"
"24860","Greenville-Mauldin-Easley, SC (MSA)",109,"Private services-providing industries",1000,Per capita real GDP by Metropolitan Area (chained 2001 dollars),"n/a","n/a","n/a","n/a","n/a","n/a"
Source: Bureau of Economic Analysis, U.S. Department of Commerce
