"FIPS","Metropolitan Area","Industry Code","Industry","Component Code","Component","2001","2002","2003","2004","2005","2006"
"29820","Las Vegas-Paradise, NV (MSA)",1,"Total Gross Domestic Product by Metropolitan Area",200,GDP by Metropolitan Area (millions of current dollars),54720,58041,63303,73188,83366,91500
"29820","Las Vegas-Paradise, NV (MSA)",2," Private industries",200,GDP by Metropolitan Area (millions of current dollars),49753,52716,57362,66643,76197,83699
"29820","Las Vegas-Paradise, NV (MSA)",3,"   Agriculture, forestry, fishing, and hunting",200,GDP by Metropolitan Area (millions of current dollars),16,12,11,16,13,12
"29820","Las Vegas-Paradise, NV (MSA)",4,"     Crop and animal production (Farms)",200,GDP by Metropolitan Area (millions of current dollars),12,9,9,12,9,8
"29820","Las Vegas-Paradise, NV (MSA)",5,"     Forestry, fishing, and related activities",200,GDP by Metropolitan Area (millions of current dollars),4,3,3,3,4,4
"29820","Las Vegas-Paradise, NV (MSA)",6,"   Mining",200,GDP by Metropolitan Area (millions of current dollars),74,88,85,105,122,155
"29820","Las Vegas-Paradise, NV (MSA)",7,"     Oil and gas extraction",200,GDP by Metropolitan Area (millions of current dollars),1,2,2,2,"(D)",4
"29820","Las Vegas-Paradise, NV (MSA)",8,"     Mining, except oil and gas",200,GDP by Metropolitan Area (millions of current dollars),63,74,72,88,96,126
"29820","Las Vegas-Paradise, NV (MSA)",9,"     Support activities for mining",200,GDP by Metropolitan Area (millions of current dollars),10,13,11,14,"(D)",26
"29820","Las Vegas-Paradise, NV (MSA)",10,"   Utilities",200,GDP by Metropolitan Area (millions of current dollars),852,1006,1119,1202,1214,1341
"29820","Las Vegas-Paradise, NV (MSA)",11,"   Construction",200,GDP by Metropolitan Area (millions of current dollars),4859,4991,5583,6641,8176,8856
"29820","Las Vegas-Paradise, NV (MSA)",12,"   Manufacturing",200,GDP by Metropolitan Area (millions of current dollars),1375,1602,1805,2489,2803,2910
"29820","Las Vegas-Paradise, NV (MSA)",13,"     Durable goods",200,GDP by Metropolitan Area (millions of current dollars),745,951,1133,1770,2068,2085
"29820","Las Vegas-Paradise, NV (MSA)",14,"       Wood product manufacturing",200,GDP by Metropolitan Area (millions of current dollars),66,67,63,69,87,81
"29820","Las Vegas-Paradise, NV (MSA)",15,"       Nonmetallic mineral product manufacturing",200,GDP by Metropolitan Area (millions of current dollars),240,273,310,386,519,540
"29820","Las Vegas-Paradise, NV (MSA)",16,"       Primary metal manufacturing",200,GDP by Metropolitan Area (millions of current dollars),"(D)","(D)","(D)","(D)","(D)","(D)"
"29820","Las Vegas-Paradise, NV (MSA)",17,"       Fabricated metal product manufacturing",200,GDP by Metropolitan Area (millions of current dollars),85,79,86,93,114,164
"29820","Las Vegas-Paradise, NV (MSA)",18,"       Machinery manufacturing",200,GDP by Metropolitan Area (millions of current dollars),28,32,23,31,39,37
"29820","Las Vegas-Paradise, NV (MSA)",19,"       Computer and electronic product manufacturing",200,GDP by Metropolitan Area (millions of current dollars),34,28,31,17,19,21
"29820","Las Vegas-Paradise, NV (MSA)",20,"       Electrical equipment and appliance manufacturing",200,GDP by Metropolitan Area (millions of current dollars),18,25,40,35,39,37
"29820","Las Vegas-Paradise, NV (MSA)",21,"       Motor vehicle, body, trailer, and parts manufacturing",200,GDP by Metropolitan Area (millions of current dollars),"(D)","(D)","(D)","(D)","(D)","(D)"
"29820","Las Vegas-Paradise, NV (MSA)",22,"       Other transportation equipment manufacturing",200,GDP by Metropolitan Area (millions of current dollars),"(D)","(D)","(D)","(D)","(D)","(D)"
"29820","Las Vegas-Paradise, NV (MSA)",23,"       Furniture and related product manufacturing",200,GDP by Metropolitan Area (millions of current dollars),99,127,170,142,151,135
"29820","Las Vegas-Paradise, NV (MSA)",24,"       Miscellaneous manufacturing",200,GDP by Metropolitan Area (millions of current dollars),107,256,340,908,998,940
"29820","Las Vegas-Paradise, NV (MSA)",25,"     Nondurable goods",200,GDP by Metropolitan Area (millions of current dollars),630,651,672,719,735,825
"29820","Las Vegas-Paradise, NV (MSA)",26,"       Food product manufacturing",200,GDP by Metropolitan Area (millions of current dollars),271,233,237,229,234,250
"29820","Las Vegas-Paradise, NV (MSA)",27,"       Textile and textile product mills",200,GDP by Metropolitan Area (millions of current dollars),"(D)","(D)","(D)","(D)","(D)","(D)"
"29820","Las Vegas-Paradise, NV (MSA)",28,"       Apparel manufacturing",200,GDP by Metropolitan Area (millions of current dollars),"(D)","(D)","(D)","(D)",4,"(D)"
"29820","Las Vegas-Paradise, NV (MSA)",29,"       Paper manufacturing",200,GDP by Metropolitan Area (millions of current dollars),35,44,47,45,50,53
"29820","Las Vegas-Paradise, NV (MSA)",30,"       Printing and related support activities",200,GDP by Metropolitan Area (millions of current dollars),120,140,145,143,144,149
"29820","Las Vegas-Paradise, NV (MSA)",31,"       Petroleum and coal products manufacturing",200,GDP by Metropolitan Area (millions of current dollars),"(D)",3,4,"(D)","(D)",19
"29820","Las Vegas-Paradise, NV (MSA)",32,"       Chemical manufacturing",200,GDP by Metropolitan Area (millions of current dollars),68,85,70,86,88,108
"29820","Las Vegas-Paradise, NV (MSA)",33,"       Plastics and rubber products manufacturing",200,GDP by Metropolitan Area (millions of current dollars),113,128,151,172,177,221
"29820","Las Vegas-Paradise, NV (MSA)",34,"   Wholesale trade",200,GDP by Metropolitan Area (millions of current dollars),2085,2189,2320,2689,3052,3318
"29820","Las Vegas-Paradise, NV (MSA)",35,"   Retail trade",200,GDP by Metropolitan Area (millions of current dollars),4382,4647,5022,5609,6324,6856
"29820","Las Vegas-Paradise, NV (MSA)",36,"   Transportation and warehousing, excluding Postal Service",200,GDP by Metropolitan Area (millions of current dollars),1481,1592,1876,2007,2079,2375
"29820","Las Vegas-Paradise, NV (MSA)",37,"     Air transportation",200,GDP by Metropolitan Area (millions of current dollars),287,363,536,461,389,509
"29820","Las Vegas-Paradise, NV (MSA)",38,"     Rail transportation",200,GDP by Metropolitan Area (millions of current dollars),79,64,73,66,72,81
"29820","Las Vegas-Paradise, NV (MSA)",39,"     Water transportation",200,GDP by Metropolitan Area (millions of current dollars),"(D)","(D)","(D)","(D)","(D)","(D)"
"29820","Las Vegas-Paradise, NV (MSA)",40,"     Truck transportation",200,GDP by Metropolitan Area (millions of current dollars),194,215,238,305,348,397
"29820","Las Vegas-Paradise, NV (MSA)",41,"     Transit and ground passenger transportation",200,GDP by Metropolitan Area (millions of current dollars),487,514,568,651,679,711
"29820","Las Vegas-Paradise, NV (MSA)",42,"     Pipeline transportation",200,GDP by Metropolitan Area (millions of current dollars),"(D)","(D)","(D)","(D)","(D)","(D)"
"29820","Las Vegas-Paradise, NV (MSA)",43,"     Other transportation and support activities",200,GDP by Metropolitan Area (millions of current dollars),"(D)","(D)","(D)","(D)","(D)","(D)"
"29820","Las Vegas-Paradise, NV (MSA)",44,"     Warehousing and storage",200,GDP by Metropolitan Area (millions of current dollars),83,83,95,103,138,168
"29820","Las Vegas-Paradise, NV (MSA)",45,"   Information",200,GDP by Metropolitan Area (millions of current dollars),1580,1560,1521,1564,1994,1879
"29820","Las Vegas-Paradise, NV (MSA)",46,"     Publishing including software",200,GDP by Metropolitan Area (millions of current dollars),297,293,282,279,332,374
"29820","Las Vegas-Paradise, NV (MSA)",47,"     Motion picture and sound recording industries",200,GDP by Metropolitan Area (millions of current dollars),78,70,70,87,84,115
"29820","Las Vegas-Paradise, NV (MSA)",48,"     Broadcasting and telecommunications",200,GDP by Metropolitan Area (millions of current dollars),1130,1142,1111,1115,1483,1272
"29820","Las Vegas-Paradise, NV (MSA)",49,"     Information and data processing services",200,GDP by Metropolitan Area (millions of current dollars),76,56,58,83,95,119
"29820","Las Vegas-Paradise, NV (MSA)",50,"   Finance and insurance",200,GDP by Metropolitan Area (millions of current dollars),4340,4997,5219,5859,6659,7965
"29820","Las Vegas-Paradise, NV (MSA)",51,"     Federal Reserve banks, credit intermediation and related services",200,GDP by Metropolitan Area (millions of current dollars),3043,3730,3980,4651,5354,6598
"29820","Las Vegas-Paradise, NV (MSA)",52,"     Securities, commodity contracts, investments",200,GDP by Metropolitan Area (millions of current dollars),505,358,318,283,310,316
"29820","Las Vegas-Paradise, NV (MSA)",53,"     Insurance carriers and related activities",200,GDP by Metropolitan Area (millions of current dollars),719,814,886,883,952,987
"29820","Las Vegas-Paradise, NV (MSA)",54,"     Funds, trusts, and other financial vehicles",200,GDP by Metropolitan Area (millions of current dollars),74,96,35,42,43,64
"29820","Las Vegas-Paradise, NV (MSA)",55,"   Real estate and rental and leasing",200,GDP by Metropolitan Area (millions of current dollars),7960,8204,9293,11772,13882,15473
"29820","Las Vegas-Paradise, NV (MSA)",56,"     Real estate",200,GDP by Metropolitan Area (millions of current dollars),6851,7185,8439,10975,12978,14524
"29820","Las Vegas-Paradise, NV (MSA)",57,"     Rental and leasing services and lessors of intangible assets",200,GDP by Metropolitan Area (millions of current dollars),1109,1019,854,797,904,949
"29820","Las Vegas-Paradise, NV (MSA)",58,"   Professional and technical services",200,GDP by Metropolitan Area (millions of current dollars),2543,2722,3017,3551,3995,4414
"29820","Las Vegas-Paradise, NV (MSA)",62,"   Management of companies and enterprises",200,GDP by Metropolitan Area (millions of current dollars),919,997,1287,1833,2194,2246
"29820","Las Vegas-Paradise, NV (MSA)",63,"   Administrative and waste services",200,GDP by Metropolitan Area (millions of current dollars),1882,1895,2078,2238,2558,2849
"29820","Las Vegas-Paradise, NV (MSA)",64,"     Administrative and support services",200,GDP by Metropolitan Area (millions of current dollars),1756,1755,1928,2076,2369,2629
"29820","Las Vegas-Paradise, NV (MSA)",65,"     Waste management and remediation services",200,GDP by Metropolitan Area (millions of current dollars),126,140,150,163,189,221
"29820","Las Vegas-Paradise, NV (MSA)",66,"   Educational services",200,GDP by Metropolitan Area (millions of current dollars),97,120,136,177,212,234
"29820","Las Vegas-Paradise, NV (MSA)",67,"   Health care and social assistance",200,GDP by Metropolitan Area (millions of current dollars),2513,2727,2975,3315,3670,3996
"29820","Las Vegas-Paradise, NV (MSA)",68,"     Ambulatory health care services",200,GDP by Metropolitan Area (millions of current dollars),1668,1790,1909,2082,2343,2540
"29820","Las Vegas-Paradise, NV (MSA)",69,"     Hospitals and nursing and residential care facilities",200,GDP by Metropolitan Area (millions of current dollars),680,749,855,1000,1066,1171
"29820","Las Vegas-Paradise, NV (MSA)",70,"     Social assistance",200,GDP by Metropolitan Area (millions of current dollars),165,188,212,232,261,285
"29820","Las Vegas-Paradise, NV (MSA)",71,"   Arts, entertainment, and recreation",200,GDP by Metropolitan Area (millions of current dollars),1608,1723,1918,2059,2113,2307
"29820","Las Vegas-Paradise, NV (MSA)",72,"     Performing arts, museums, and related activities",200,GDP by Metropolitan Area (millions of current dollars),552,613,687,793,847,925
"29820","Las Vegas-Paradise, NV (MSA)",73,"     Amusement, gambling, and recreation",200,GDP by Metropolitan Area (millions of current dollars),1056,1110,1231,1266,1266,1382
"29820","Las Vegas-Paradise, NV (MSA)",74,"   Accommodation and food services",200,GDP by Metropolitan Area (millions of current dollars),10173,10577,10978,12247,13714,14952
"29820","Las Vegas-Paradise, NV (MSA)",75,"     Accommodation",200,GDP by Metropolitan Area (millions of current dollars),8783,9051,9287,10279,11555,12538
"29820","Las Vegas-Paradise, NV (MSA)",76,"     Food services and drinking places",200,GDP by Metropolitan Area (millions of current dollars),1390,1527,1691,1968,2159,2414
"29820","Las Vegas-Paradise, NV (MSA)",77,"   Other services, except government",200,GDP by Metropolitan Area (millions of current dollars),1016,1066,1118,1270,1424,1559
"29820","Las Vegas-Paradise, NV (MSA)",78," Government",200,GDP by Metropolitan Area (millions of current dollars),4967,5325,5940,6546,7170,7801
"29820","Las Vegas-Paradise, NV (MSA)",79,"   Federal civilian",200,GDP by Metropolitan Area (millions of current dollars),773,838,926,1029,1084,1126
"29820","Las Vegas-Paradise, NV (MSA)",80,"   Federal military",200,GDP by Metropolitan Area (millions of current dollars),521,654,747,814,870,916
"29820","Las Vegas-Paradise, NV (MSA)",81,"   State and local",200,GDP by Metropolitan Area (millions of current dollars),3672,3834,4266,4703,5216,5759
"29820","Las Vegas-Paradise, NV (MSA)",99,"Natural resources and mining",200,GDP by Metropolitan Area (millions of current dollars),90,100,96,120,135,167
"29820","Las Vegas-Paradise, NV (MSA)",100,"Trade",200,GDP by Metropolitan Area (millions of current dollars),6467,6836,7342,8298,9376,10174
"29820","Las Vegas-Paradise, NV (MSA)",101,"Transportation and utilities",200,GDP by Metropolitan Area (millions of current dollars),2333,2598,2994,3208,3293,3716
"29820","Las Vegas-Paradise, NV (MSA)",102,"Financial activities",200,GDP by Metropolitan Area (millions of current dollars),12300,13201,14513,17631,20541,23438
"29820","Las Vegas-Paradise, NV (MSA)",103,"Professional and business services",200,GDP by Metropolitan Area (millions of current dollars),5344,5614,6382,7623,8746,9509
"29820","Las Vegas-Paradise, NV (MSA)",104,"Education and health services",200,GDP by Metropolitan Area (millions of current dollars),2610,2847,3111,3492,3882,4231
"29820","Las Vegas-Paradise, NV (MSA)",105,"Leisure and hospitality",200,GDP by Metropolitan Area (millions of current dollars),11781,12300,12896,14306,15827,17259
"29820","Las Vegas-Paradise, NV (MSA)",106,"Information, Communication, and Technology (ICT)",200,GDP by Metropolitan Area (millions of current dollars),"(D)","(D)","(D)","(D)","(D)","(D)"
"29820","Las Vegas-Paradise, NV (MSA)",108,"Private goods-producing industries",200,GDP by Metropolitan Area (millions of current dollars),6319,6690,7482,9247,11110,11929
"29820","Las Vegas-Paradise, NV (MSA)",109,"Private services-providing industries",200,GDP by Metropolitan Area (millions of current dollars),43434,46026,49880,57396,65087,71770
"FIPS","Metropolitan Area","Industry Code","Industry","Component Code","Component","2001","2002","2003","2004","2005","2006"
"29820","Las Vegas-Paradise, NV (MSA)",1,"Total Gross Domestic Product by Metropolitan Area",800,Quantity Indexes for Real GDP by Metropolitan Area (2001=100.000),100.000,103.520,110.549,123.426,135.699,143.644
"29820","Las Vegas-Paradise, NV (MSA)",2," Private industries",800,Quantity Indexes for Real GDP by Metropolitan Area (2001=100.000),100.000,103.649,110.762,124.427,137.471,145.761
"29820","Las Vegas-Paradise, NV (MSA)",3,"   Agriculture, forestry, fishing, and hunting",800,Quantity Indexes for Real GDP by Metropolitan Area (2001=100.000),100.000,80.899,69.757,83.108,78.631,73.970
"29820","Las Vegas-Paradise, NV (MSA)",4,"     Crop and animal production (Farms)",800,Quantity Indexes for Real GDP by Metropolitan Area (2001=100.000),100.000,84.794,70.866,83.369,72.981,68.261
"29820","Las Vegas-Paradise, NV (MSA)",5,"     Forestry, fishing, and related activities",800,Quantity Indexes for Real GDP by Metropolitan Area (2001=100.000),100.000,69.540,66.685,83.084,98.416,93.730
"29820","Las Vegas-Paradise, NV (MSA)",6,"   Mining",800,Quantity Indexes for Real GDP by Metropolitan Area (2001=100.000),100.000,108.000,99.157,111.324,111.392,122.096
"29820","Las Vegas-Paradise, NV (MSA)",7,"     Oil and gas extraction",800,Quantity Indexes for Real GDP by Metropolitan Area (2001=100.000),100.000,168.774,124.086,127.001,"(D)",138.603
"29820","Las Vegas-Paradise, NV (MSA)",8,"     Mining, except oil and gas",800,Quantity Indexes for Real GDP by Metropolitan Area (2001=100.000),100.000,111.551,105.473,116.910,111.824,128.593
"29820","Las Vegas-Paradise, NV (MSA)",9,"     Support activities for mining",800,Quantity Indexes for Real GDP by Metropolitan Area (2001=100.000),100.000,84.365,66.993,82.750,"(D)",92.206
"29820","Las Vegas-Paradise, NV (MSA)",10,"   Utilities",800,Quantity Indexes for Real GDP by Metropolitan Area (2001=100.000),100.000,120.122,134.601,139.985,133.141,131.211
"29820","Las Vegas-Paradise, NV (MSA)",11,"   Construction",800,Quantity Indexes for Real GDP by Metropolitan Area (2001=100.000),100.000,98.049,104.425,114.586,128.502,126.220
"29820","Las Vegas-Paradise, NV (MSA)",12,"   Manufacturing",800,Quantity Indexes for Real GDP by Metropolitan Area (2001=100.000),100.000,115.044,130.660,180.450,198.544,199.402
"29820","Las Vegas-Paradise, NV (MSA)",13,"     Durable goods",800,Quantity Indexes for Real GDP by Metropolitan Area (2001=100.000),100.000,126.603,152.052,236.046,270.203,263.561
"29820","Las Vegas-Paradise, NV (MSA)",14,"       Wood product manufacturing",800,Quantity Indexes for Real GDP by Metropolitan Area (2001=100.000),100.000,102.845,92.408,87.440,111.837,108.850
"29820","Las Vegas-Paradise, NV (MSA)",15,"       Nonmetallic mineral product manufacturing",800,Quantity Indexes for Real GDP by Metropolitan Area (2001=100.000),100.000,112.225,128.807,156.584,195.555,180.322
"29820","Las Vegas-Paradise, NV (MSA)",16,"       Primary metal manufacturing",800,Quantity Indexes for Real GDP by Metropolitan Area (2001=100.000),"(D)","(D)","(D)","(D)","(D)","(D)"
"29820","Las Vegas-Paradise, NV (MSA)",17,"       Fabricated metal product manufacturing",800,Quantity Indexes for Real GDP by Metropolitan Area (2001=100.000),100.000,93.417,102.476,107.740,126.086,180.162
"29820","Las Vegas-Paradise, NV (MSA)",18,"       Machinery manufacturing",800,Quantity Indexes for Real GDP by Metropolitan Area (2001=100.000),100.000,115.006,82.637,115.853,143.175,132.484
"29820","Las Vegas-Paradise, NV (MSA)",19,"       Computer and electronic product manufacturing",800,Quantity Indexes for Real GDP by Metropolitan Area (2001=100.000),100.000,93.387,117.310,74.800,97.188,121.886
"29820","Las Vegas-Paradise, NV (MSA)",20,"       Electrical equipment and appliance manufacturing",800,Quantity Indexes for Real GDP by Metropolitan Area (2001=100.000),100.000,141.356,235.456,202.979,223.254,200.416
"29820","Las Vegas-Paradise, NV (MSA)",21,"       Motor vehicle, body, trailer, and parts manufacturing",800,Quantity Indexes for Real GDP by Metropolitan Area (2001=100.000),"(D)","(D)","(D)","(D)","(D)","(D)"
"29820","Las Vegas-Paradise, NV (MSA)",22,"       Other transportation equipment manufacturing",800,Quantity Indexes for Real GDP by Metropolitan Area (2001=100.000),"(D)","(D)","(D)","(D)","(D)","(D)"
"29820","Las Vegas-Paradise, NV (MSA)",23,"       Furniture and related product manufacturing",800,Quantity Indexes for Real GDP by Metropolitan Area (2001=100.000),100.000,125.337,167.496,144.827,149.619,130.583
"29820","Las Vegas-Paradise, NV (MSA)",24,"       Miscellaneous manufacturing",800,Quantity Indexes for Real GDP by Metropolitan Area (2001=100.000),100.000,232.825,309.906,843.157,935.157,888.184
"29820","Las Vegas-Paradise, NV (MSA)",25,"     Nondurable goods",800,Quantity Indexes for Real GDP by Metropolitan Area (2001=100.000),100.000,101.480,105.583,114.867,113.904,123.658
"29820","Las Vegas-Paradise, NV (MSA)",26,"       Food product manufacturing",800,Quantity Indexes for Real GDP by Metropolitan Area (2001=100.000),100.000,81.842,84.525,84.268,84.668,94.356
"29820","Las Vegas-Paradise, NV (MSA)",27,"       Textile and textile product mills",800,Quantity Indexes for Real GDP by Metropolitan Area (2001=100.000),"(D)","(D)","(D)","(D)","(D)","(D)"
"29820","Las Vegas-Paradise, NV (MSA)",28,"       Apparel manufacturing",800,Quantity Indexes for Real GDP by Metropolitan Area (2001=100.000),"(D)","(D)","(D)","(D)","(D)","(D)"
"29820","Las Vegas-Paradise, NV (MSA)",29,"       Paper manufacturing",800,Quantity Indexes for Real GDP by Metropolitan Area (2001=100.000),100.000,126.595,137.637,136.366,151.185,150.425
"29820","Las Vegas-Paradise, NV (MSA)",30,"       Printing and related support activities",800,Quantity Indexes for Real GDP by Metropolitan Area (2001=100.000),100.000,115.815,120.404,120.984,122.131,124.779
"29820","Las Vegas-Paradise, NV (MSA)",31,"       Petroleum and coal products manufacturing",800,Quantity Indexes for Real GDP by Metropolitan Area (2001=100.000),"(D)","(D)","(D)","(D)","(D)","(D)"
"29820","Las Vegas-Paradise, NV (MSA)",32,"       Chemical manufacturing",800,Quantity Indexes for Real GDP by Metropolitan Area (2001=100.000),100.000,125.420,99.714,119.624,113.453,131.339
"29820","Las Vegas-Paradise, NV (MSA)",33,"       Plastics and rubber products manufacturing",800,Quantity Indexes for Real GDP by Metropolitan Area (2001=100.000),100.000,112.004,135.539,159.236,161.126,179.774
"29820","Las Vegas-Paradise, NV (MSA)",34,"   Wholesale trade",800,Quantity Indexes for Real GDP by Metropolitan Area (2001=100.000),100.000,104.602,109.390,120.007,131.555,138.109
"29820","Las Vegas-Paradise, NV (MSA)",35,"   Retail trade",800,Quantity Indexes for Real GDP by Metropolitan Area (2001=100.000),100.000,104.143,111.979,124.132,141.972,154.882
"29820","Las Vegas-Paradise, NV (MSA)",36,"   Transportation and warehousing, excluding Postal Service",800,Quantity Indexes for Real GDP by Metropolitan Area (2001=100.000),100.000,108.341,124.859,136.784,143.123,158.864
"29820","Las Vegas-Paradise, NV (MSA)",37,"     Air transportation",800,Quantity Indexes for Real GDP by Metropolitan Area (2001=100.000),100.000,143.645,212.188,215.828,209.160,256.017
"29820","Las Vegas-Paradise, NV (MSA)",38,"     Rail transportation",800,Quantity Indexes for Real GDP by Metropolitan Area (2001=100.000),100.000,78.551,86.993,75.586,73.473,92.616
"29820","Las Vegas-Paradise, NV (MSA)",39,"     Water transportation",800,Quantity Indexes for Real GDP by Metropolitan Area (2001=100.000),"(D)","(D)","(D)","(D)","(D)","(D)"
"29820","Las Vegas-Paradise, NV (MSA)",40,"     Truck transportation",800,Quantity Indexes for Real GDP by Metropolitan Area (2001=100.000),100.000,107.308,117.733,145.918,162.737,179.886
"29820","Las Vegas-Paradise, NV (MSA)",41,"     Transit and ground passenger transportation",800,Quantity Indexes for Real GDP by Metropolitan Area (2001=100.000),100.000,102.362,108.204,121.791,124.420,126.806
"29820","Las Vegas-Paradise, NV (MSA)",42,"     Pipeline transportation",800,Quantity Indexes for Real GDP by Metropolitan Area (2001=100.000),"(D)","(D)","(D)","(D)","(D)","(D)"
"29820","Las Vegas-Paradise, NV (MSA)",43,"     Other transportation and support activities",800,Quantity Indexes for Real GDP by Metropolitan Area (2001=100.000),"(D)","(D)","(D)","(D)","(D)","(D)"
"29820","Las Vegas-Paradise, NV (MSA)",44,"     Warehousing and storage",800,Quantity Indexes for Real GDP by Metropolitan Area (2001=100.000),100.000,97.821,111.653,115.449,154.656,185.352
"29820","Las Vegas-Paradise, NV (MSA)",45,"   Information",800,Quantity Indexes for Real GDP by Metropolitan Area (2001=100.000),100.000,100.168,99.200,105.124,140.134,135.286
"29820","Las Vegas-Paradise, NV (MSA)",46,"     Publishing including software",800,Quantity Indexes for Real GDP by Metropolitan Area (2001=100.000),100.000,98.206,97.535,100.438,119.759,133.512
"29820","Las Vegas-Paradise, NV (MSA)",47,"     Motion picture and sound recording industries",800,Quantity Indexes for Real GDP by Metropolitan Area (2001=100.000),100.000,86.373,89.407,107.091,100.154,134.582
"29820","Las Vegas-Paradise, NV (MSA)",48,"     Broadcasting and telecommunications",800,Quantity Indexes for Real GDP by Metropolitan Area (2001=100.000),100.000,103.580,101.989,105.640,149.391,132.516
"29820","Las Vegas-Paradise, NV (MSA)",49,"     Information and data processing services",800,Quantity Indexes for Real GDP by Metropolitan Area (2001=100.000),100.000,72.322,74.950,111.632,130.576,171.808
"29820","Las Vegas-Paradise, NV (MSA)",50,"   Finance and insurance",800,Quantity Indexes for Real GDP by Metropolitan Area (2001=100.000),100.000,110.614,113.285,122.996,136.654,158.266
"29820","Las Vegas-Paradise, NV (MSA)",51,"     Federal Reserve banks, credit intermediation and related services",800,Quantity Indexes for Real GDP by Metropolitan Area (2001=100.000),100.000,116.502,122.008,138.826,156.233,184.822
"29820","Las Vegas-Paradise, NV (MSA)",52,"     Securities, commodity contracts, investments",800,Quantity Indexes for Real GDP by Metropolitan Area (2001=100.000),100.000,74.049,70.354,61.611,68.540,72.806
"29820","Las Vegas-Paradise, NV (MSA)",53,"     Insurance carriers and related activities",800,Quantity Indexes for Real GDP by Metropolitan Area (2001=100.000),100.000,109.739,111.025,102.910,107.091,109.850
"29820","Las Vegas-Paradise, NV (MSA)",54,"     Funds, trusts, and other financial vehicles",800,Quantity Indexes for Real GDP by Metropolitan Area (2001=100.000),100.000,114.785,50.773,59.360,59.546,98.392
"29820","Las Vegas-Paradise, NV (MSA)",55,"   Real estate and rental and leasing",800,Quantity Indexes for Real GDP by Metropolitan Area (2001=100.000),100.000,100.077,110.088,136.212,156.877,170.240
"29820","Las Vegas-Paradise, NV (MSA)",56,"     Real estate",800,Quantity Indexes for Real GDP by Metropolitan Area (2001=100.000),100.000,101.209,115.713,147.075,170.151,185.285
"29820","Las Vegas-Paradise, NV (MSA)",57,"     Rental and leasing services and lessors of intangible assets",800,Quantity Indexes for Real GDP by Metropolitan Area (2001=100.000),100.000,92.921,74.169,67.145,72.595,74.838
"29820","Las Vegas-Paradise, NV (MSA)",58,"   Professional and technical services",800,Quantity Indexes for Real GDP by Metropolitan Area (2001=100.000),100.000,104.040,115.129,134.910,146.902,158.183
"29820","Las Vegas-Paradise, NV (MSA)",62,"   Management of companies and enterprises",800,Quantity Indexes for Real GDP by Metropolitan Area (2001=100.000),100.000,107.981,134.764,169.894,182.591,176.877
"29820","Las Vegas-Paradise, NV (MSA)",63,"   Administrative and waste services",800,Quantity Indexes for Real GDP by Metropolitan Area (2001=100.000),100.000,98.348,107.522,111.931,123.433,131.507
"29820","Las Vegas-Paradise, NV (MSA)",64,"     Administrative and support services",800,Quantity Indexes for Real GDP by Metropolitan Area (2001=100.000),100.000,97.783,107.231,111.915,122.620,130.428
"29820","Las Vegas-Paradise, NV (MSA)",65,"     Waste management and remediation services",800,Quantity Indexes for Real GDP by Metropolitan Area (2001=100.000),100.000,106.143,111.625,112.431,134.542,146.223
"29820","Las Vegas-Paradise, NV (MSA)",66,"   Educational services",800,Quantity Indexes for Real GDP by Metropolitan Area (2001=100.000),100.000,116.129,126.663,155.729,176.391,185.808
"29820","Las Vegas-Paradise, NV (MSA)",67,"   Health care and social assistance",800,Quantity Indexes for Real GDP by Metropolitan Area (2001=100.000),100.000,105.553,112.526,121.846,131.603,140.419
"29820","Las Vegas-Paradise, NV (MSA)",68,"     Ambulatory health care services",800,Quantity Indexes for Real GDP by Metropolitan Area (2001=100.000),100.000,105.738,110.697,118.064,130.329,139.745
"29820","Las Vegas-Paradise, NV (MSA)",69,"     Hospitals and nursing and residential care facilities",800,Quantity Indexes for Real GDP by Metropolitan Area (2001=100.000),100.000,103.569,113.649,126.749,129.544,136.592
"29820","Las Vegas-Paradise, NV (MSA)",70,"     Social assistance",800,Quantity Indexes for Real GDP by Metropolitan Area (2001=100.000),100.000,112.043,125.833,138.044,154.560,165.691
"29820","Las Vegas-Paradise, NV (MSA)",71,"   Arts, entertainment, and recreation",800,Quantity Indexes for Real GDP by Metropolitan Area (2001=100.000),100.000,103.682,112.566,117.514,116.940,123.520
"29820","Las Vegas-Paradise, NV (MSA)",72,"     Performing arts, museums, and related activities",800,Quantity Indexes for Real GDP by Metropolitan Area (2001=100.000),100.000,107.402,115.936,128.711,131.180,137.899
"29820","Las Vegas-Paradise, NV (MSA)",73,"     Amusement, gambling, and recreation",800,Quantity Indexes for Real GDP by Metropolitan Area (2001=100.000),100.000,101.736,110.807,111.547,109.297,115.817
"29820","Las Vegas-Paradise, NV (MSA)",74,"   Accommodation and food services",800,Quantity Indexes for Real GDP by Metropolitan Area (2001=100.000),100.000,102.921,105.545,112.183,120.054,127.023
"29820","Las Vegas-Paradise, NV (MSA)",75,"     Accommodation",800,Quantity Indexes for Real GDP by Metropolitan Area (2001=100.000),100.000,102.742,104.095,109.255,117.028,123.548
"29820","Las Vegas-Paradise, NV (MSA)",76,"     Food services and drinking places",800,Quantity Indexes for Real GDP by Metropolitan Area (2001=100.000),100.000,104.022,114.295,129.972,138.421,148.165
"29820","Las Vegas-Paradise, NV (MSA)",77,"   Other services, except government",800,Quantity Indexes for Real GDP by Metropolitan Area (2001=100.000),100.000,100.678,102.517,112.957,119.736,125.004
"29820","Las Vegas-Paradise, NV (MSA)",78," Government",800,Quantity Indexes for Real GDP by Metropolitan Area (2001=100.000),100.000,102.244,108.462,113.935,119.040,123.798
"29820","Las Vegas-Paradise, NV (MSA)",79,"   Federal civilian",800,Quantity Indexes for Real GDP by Metropolitan Area (2001=100.000),100.000,101.710,106.669,110.481,111.656,111.521
"29820","Las Vegas-Paradise, NV (MSA)",80,"   Federal military",800,Quantity Indexes for Real GDP by Metropolitan Area (2001=100.000),100.000,115.768,121.941,124.659,122.843,122.404
"29820","Las Vegas-Paradise, NV (MSA)",81,"   State and local",800,Quantity Indexes for Real GDP by Metropolitan Area (2001=100.000),100.000,100.400,106.902,113.176,120.278,126.990
"29820","Las Vegas-Paradise, NV (MSA)",99,"Natural resources and mining",800,Quantity Indexes for Real GDP by Metropolitan Area (2001=100.000),100.000,103.553,94.369,106.738,106.121,114.843
"29820","Las Vegas-Paradise, NV (MSA)",100,"Trade",800,Quantity Indexes for Real GDP by Metropolitan Area (2001=100.000),100.000,104.290,111.150,122.804,138.531,149.249
"29820","Las Vegas-Paradise, NV (MSA)",101,"Transportation and utilities",800,Quantity Indexes for Real GDP by Metropolitan Area (2001=100.000),100.000,112.625,128.416,137.968,139.328,148.082
"29820","Las Vegas-Paradise, NV (MSA)",102,"Financial activities",800,Quantity Indexes for Real GDP by Metropolitan Area (2001=100.000),100.000,103.806,111.218,131.528,149.705,166.004
"29820","Las Vegas-Paradise, NV (MSA)",103,"Professional and business services",800,Quantity Indexes for Real GDP by Metropolitan Area (2001=100.000),100.000,102.706,115.807,132.947,144.836,151.516
"29820","Las Vegas-Paradise, NV (MSA)",104,"Education and health services",800,Quantity Indexes for Real GDP by Metropolitan Area (2001=100.000),100.000,105.953,113.064,123.164,133.360,142.193
"29820","Las Vegas-Paradise, NV (MSA)",105,"Leisure and hospitality",800,Quantity Indexes for Real GDP by Metropolitan Area (2001=100.000),100.000,103.025,106.526,112.928,119.640,126.556
"29820","Las Vegas-Paradise, NV (MSA)",106,"Information, Communication, and Technology (ICT)",800,Quantity Indexes for Real GDP by Metropolitan Area (2001=100.000),"(D)","(D)","(D)","(D)","(D)","(D)"
"29820","Las Vegas-Paradise, NV (MSA)",108,"Private goods-producing industries",800,Quantity Indexes for Real GDP by Metropolitan Area (2001=100.000),100.000,101.793,109.868,127.897,142.500,140.925
"29820","Las Vegas-Paradise, NV (MSA)",109,"Private services-providing industries",800,Quantity Indexes for Real GDP by Metropolitan Area (2001=100.000),100.000,103.921,110.890,123.883,136.679,146.633
"FIPS","Metropolitan Area","Industry Code","Industry","Component Code","Component","2001","2002","2003","2004","2005","2006"
"29820","Las Vegas-Paradise, NV (MSA)",1,"Total Gross Domestic Product by Metropolitan Area",900,Real GDP by Metropolitan Area (millions of chained 2001 dollars),54720,56646,60492,67539,74255,78602
"29820","Las Vegas-Paradise, NV (MSA)",2," Private industries",900,Real GDP by Metropolitan Area (millions of chained 2001 dollars),49753,51569,55108,61907,68397,72521
"29820","Las Vegas-Paradise, NV (MSA)",3,"   Agriculture, forestry, fishing, and hunting",900,Real GDP by Metropolitan Area (millions of chained 2001 dollars),16,13,11,13,12,12
"29820","Las Vegas-Paradise, NV (MSA)",4,"     Crop and animal production (Farms)",900,Real GDP by Metropolitan Area (millions of chained 2001 dollars),12,10,8,10,9,8
"29820","Las Vegas-Paradise, NV (MSA)",5,"     Forestry, fishing, and related activities",900,Real GDP by Metropolitan Area (millions of chained 2001 dollars),4,3,3,3,4,4
"29820","Las Vegas-Paradise, NV (MSA)",6,"   Mining",900,Real GDP by Metropolitan Area (millions of chained 2001 dollars),74,80,73,83,83,91
"29820","Las Vegas-Paradise, NV (MSA)",7,"     Oil and gas extraction",900,Real GDP by Metropolitan Area (millions of chained 2001 dollars),1,2,1,1,"(D)",2
"29820","Las Vegas-Paradise, NV (MSA)",8,"     Mining, except oil and gas",900,Real GDP by Metropolitan Area (millions of chained 2001 dollars),63,70,66,73,70,81
"29820","Las Vegas-Paradise, NV (MSA)",9,"     Support activities for mining",900,Real GDP by Metropolitan Area (millions of chained 2001 dollars),10,9,7,8,"(D)",9
"29820","Las Vegas-Paradise, NV (MSA)",10,"   Utilities",900,Real GDP by Metropolitan Area (millions of chained 2001 dollars),852,1023,1147,1193,1134,1118
"29820","Las Vegas-Paradise, NV (MSA)",11,"   Construction",900,Real GDP by Metropolitan Area (millions of chained 2001 dollars),4859,4764,5074,5567,6243,6133
"29820","Las Vegas-Paradise, NV (MSA)",12,"   Manufacturing",900,Real GDP by Metropolitan Area (millions of chained 2001 dollars),1375,1581,1796,2481,2729,2741
"29820","Las Vegas-Paradise, NV (MSA)",13,"     Durable goods",900,Real GDP by Metropolitan Area (millions of chained 2001 dollars),745,943,1132,1758,2012,1963
"29820","Las Vegas-Paradise, NV (MSA)",14,"       Wood product manufacturing",900,Real GDP by Metropolitan Area (millions of chained 2001 dollars),66,67,61,57,73,71
"29820","Las Vegas-Paradise, NV (MSA)",15,"       Nonmetallic mineral product manufacturing",900,Real GDP by Metropolitan Area (millions of chained 2001 dollars),240,269,309,375,469,432
"29820","Las Vegas-Paradise, NV (MSA)",16,"       Primary metal manufacturing",900,Real GDP by Metropolitan Area (millions of chained 2001 dollars),"(D)","(D)","(D)","(D)","(D)","(D)"
"29820","Las Vegas-Paradise, NV (MSA)",17,"       Fabricated metal product manufacturing",900,Real GDP by Metropolitan Area (millions of chained 2001 dollars),85,79,87,91,107,152
"29820","Las Vegas-Paradise, NV (MSA)",18,"       Machinery manufacturing",900,Real GDP by Metropolitan Area (millions of chained 2001 dollars),28,32,23,32,40,37
"29820","Las Vegas-Paradise, NV (MSA)",19,"       Computer and electronic product manufacturing",900,Real GDP by Metropolitan Area (millions of chained 2001 dollars),34,32,40,25,33,41
"29820","Las Vegas-Paradise, NV (MSA)",20,"       Electrical equipment and appliance manufacturing",900,Real GDP by Metropolitan Area (millions of chained 2001 dollars),18,25,41,36,39,35
"29820","Las Vegas-Paradise, NV (MSA)",21,"       Motor vehicle, body, trailer, and parts manufacturing",900,Real GDP by Metropolitan Area (millions of chained 2001 dollars),"(D)","(D)","(D)","(D)","(D)","(D)"
"29820","Las Vegas-Paradise, NV (MSA)",22,"       Other transportation equipment manufacturing",900,Real GDP by Metropolitan Area (millions of chained 2001 dollars),"(D)","(D)","(D)","(D)","(D)","(D)"
"29820","Las Vegas-Paradise, NV (MSA)",23,"       Furniture and related product manufacturing",900,Real GDP by Metropolitan Area (millions of chained 2001 dollars),99,124,166,144,148,129
"29820","Las Vegas-Paradise, NV (MSA)",24,"       Miscellaneous manufacturing",900,Real GDP by Metropolitan Area (millions of chained 2001 dollars),107,249,331,901,999,949
"29820","Las Vegas-Paradise, NV (MSA)",25,"     Nondurable goods",900,Real GDP by Metropolitan Area (millions of chained 2001 dollars),630,639,665,724,718,779
"29820","Las Vegas-Paradise, NV (MSA)",26,"       Food product manufacturing",900,Real GDP by Metropolitan Area (millions of chained 2001 dollars),271,222,229,228,229,255
"29820","Las Vegas-Paradise, NV (MSA)",27,"       Textile and textile product mills",900,Real GDP by Metropolitan Area (millions of chained 2001 dollars),"(D)","(D)","(D)","(D)","(D)","(D)"
"29820","Las Vegas-Paradise, NV (MSA)",28,"       Apparel manufacturing",900,Real GDP by Metropolitan Area (millions of chained 2001 dollars),"(D)","(D)","(D)","(D)",4,"(D)"
"29820","Las Vegas-Paradise, NV (MSA)",29,"       Paper manufacturing",900,Real GDP by Metropolitan Area (millions of chained 2001 dollars),35,45,48,48,53,53
"29820","Las Vegas-Paradise, NV (MSA)",30,"       Printing and related support activities",900,Real GDP by Metropolitan Area (millions of chained 2001 dollars),120,139,144,145,146,149
"29820","Las Vegas-Paradise, NV (MSA)",31,"       Petroleum and coal products manufacturing",900,Real GDP by Metropolitan Area (millions of chained 2001 dollars),"(D)",6,4,"(D)","(D)",10
"29820","Las Vegas-Paradise, NV (MSA)",32,"       Chemical manufacturing",900,Real GDP by Metropolitan Area (millions of chained 2001 dollars),68,85,68,82,77,90
"29820","Las Vegas-Paradise, NV (MSA)",33,"       Plastics and rubber products manufacturing",900,Real GDP by Metropolitan Area (millions of chained 2001 dollars),113,127,153,180,182,203
"29820","Las Vegas-Paradise, NV (MSA)",34,"   Wholesale trade",900,Real GDP by Metropolitan Area (millions of chained 2001 dollars),2085,2181,2281,2502,2743,2879
"29820","Las Vegas-Paradise, NV (MSA)",35,"   Retail trade",900,Real GDP by Metropolitan Area (millions of chained 2001 dollars),4382,4563,4906,5439,6221,6786
"29820","Las Vegas-Paradise, NV (MSA)",36,"   Transportation and warehousing, excluding Postal Service",900,Real GDP by Metropolitan Area (millions of chained 2001 dollars),1481,1605,1849,2026,2120,2353
"29820","Las Vegas-Paradise, NV (MSA)",37,"     Air transportation",900,Real GDP by Metropolitan Area (millions of chained 2001 dollars),287,413,610,620,601,736
"29820","Las Vegas-Paradise, NV (MSA)",38,"     Rail transportation",900,Real GDP by Metropolitan Area (millions of chained 2001 dollars),79,62,69,60,58,73
"29820","Las Vegas-Paradise, NV (MSA)",39,"     Water transportation",900,Real GDP by Metropolitan Area (millions of chained 2001 dollars),"(D)","(D)","(D)","(D)","(D)","(D)"
"29820","Las Vegas-Paradise, NV (MSA)",40,"     Truck transportation",900,Real GDP by Metropolitan Area (millions of chained 2001 dollars),194,208,229,283,316,349
"29820","Las Vegas-Paradise, NV (MSA)",41,"     Transit and ground passenger transportation",900,Real GDP by Metropolitan Area (millions of chained 2001 dollars),487,499,527,594,606,618
"29820","Las Vegas-Paradise, NV (MSA)",42,"     Pipeline transportation",900,Real GDP by Metropolitan Area (millions of chained 2001 dollars),"(D)","(D)","(D)","(D)","(D)","(D)"
"29820","Las Vegas-Paradise, NV (MSA)",43,"     Other transportation and support activities",900,Real GDP by Metropolitan Area (millions of chained 2001 dollars),"(D)","(D)","(D)","(D)","(D)","(D)"
"29820","Las Vegas-Paradise, NV (MSA)",44,"     Warehousing and storage",900,Real GDP by Metropolitan Area (millions of chained 2001 dollars),83,81,93,96,129,154
"29820","Las Vegas-Paradise, NV (MSA)",45,"   Information",900,Real GDP by Metropolitan Area (millions of chained 2001 dollars),1580,1583,1568,1661,2214,2138
"29820","Las Vegas-Paradise, NV (MSA)",46,"     Publishing including software",900,Real GDP by Metropolitan Area (millions of chained 2001 dollars),297,291,289,298,355,396
"29820","Las Vegas-Paradise, NV (MSA)",47,"     Motion picture and sound recording industries",900,Real GDP by Metropolitan Area (millions of chained 2001 dollars),78,68,70,84,78,105
"29820","Las Vegas-Paradise, NV (MSA)",48,"     Broadcasting and telecommunications",900,Real GDP by Metropolitan Area (millions of chained 2001 dollars),1130,1170,1152,1193,1688,1497
"29820","Las Vegas-Paradise, NV (MSA)",49,"     Information and data processing services",900,Real GDP by Metropolitan Area (millions of chained 2001 dollars),76,55,57,84,99,130
"29820","Las Vegas-Paradise, NV (MSA)",50,"   Finance and insurance",900,Real GDP by Metropolitan Area (millions of chained 2001 dollars),4340,4801,4916,5338,5931,6869
"29820","Las Vegas-Paradise, NV (MSA)",51,"     Federal Reserve banks, credit intermediation and related services",900,Real GDP by Metropolitan Area (millions of chained 2001 dollars),3043,3545,3712,4224,4753,5623
"29820","Las Vegas-Paradise, NV (MSA)",52,"     Securities, commodity contracts, investments",900,Real GDP by Metropolitan Area (millions of chained 2001 dollars),505,374,355,311,346,367
"29820","Las Vegas-Paradise, NV (MSA)",53,"     Insurance carriers and related activities",900,Real GDP by Metropolitan Area (millions of chained 2001 dollars),719,789,799,740,770,790
"29820","Las Vegas-Paradise, NV (MSA)",54,"     Funds, trusts, and other financial vehicles",900,Real GDP by Metropolitan Area (millions of chained 2001 dollars),74,84,37,44,44,72
"29820","Las Vegas-Paradise, NV (MSA)",55,"   Real estate and rental and leasing",900,Real GDP by Metropolitan Area (millions of chained 2001 dollars),7960,7966,8763,10843,12488,13551
"29820","Las Vegas-Paradise, NV (MSA)",56,"     Real estate",900,Real GDP by Metropolitan Area (millions of chained 2001 dollars),6851,6934,7928,10077,11658,12695
"29820","Las Vegas-Paradise, NV (MSA)",57,"     Rental and leasing services and lessors of intangible assets",900,Real GDP by Metropolitan Area (millions of chained 2001 dollars),1109,1030,822,744,805,830
"29820","Las Vegas-Paradise, NV (MSA)",58,"   Professional and technical services",900,Real GDP by Metropolitan Area (millions of chained 2001 dollars),2543,2646,2927,3430,3735,4022
"29820","Las Vegas-Paradise, NV (MSA)",62,"   Management of companies and enterprises",900,Real GDP by Metropolitan Area (millions of chained 2001 dollars),919,992,1239,1561,1678,1626
"29820","Las Vegas-Paradise, NV (MSA)",63,"   Administrative and waste services",900,Real GDP by Metropolitan Area (millions of chained 2001 dollars),1882,1851,2024,2107,2323,2475
"29820","Las Vegas-Paradise, NV (MSA)",64,"     Administrative and support services",900,Real GDP by Metropolitan Area (millions of chained 2001 dollars),1756,1717,1883,1965,2153,2290
"29820","Las Vegas-Paradise, NV (MSA)",65,"     Waste management and remediation services",900,Real GDP by Metropolitan Area (millions of chained 2001 dollars),126,134,141,142,170,185
"29820","Las Vegas-Paradise, NV (MSA)",66,"   Educational services",900,Real GDP by Metropolitan Area (millions of chained 2001 dollars),97,113,123,151,171,180
"29820","Las Vegas-Paradise, NV (MSA)",67,"   Health care and social assistance",900,Real GDP by Metropolitan Area (millions of chained 2001 dollars),2513,2653,2828,3062,3307,3529
"29820","Las Vegas-Paradise, NV (MSA)",68,"     Ambulatory health care services",900,Real GDP by Metropolitan Area (millions of chained 2001 dollars),1668,1763,1846,1969,2174,2331
"29820","Las Vegas-Paradise, NV (MSA)",69,"     Hospitals and nursing and residential care facilities",900,Real GDP by Metropolitan Area (millions of chained 2001 dollars),680,704,773,862,881,929
"29820","Las Vegas-Paradise, NV (MSA)",70,"     Social assistance",900,Real GDP by Metropolitan Area (millions of chained 2001 dollars),165,185,208,228,255,274
"29820","Las Vegas-Paradise, NV (MSA)",71,"   Arts, entertainment, and recreation",900,Real GDP by Metropolitan Area (millions of chained 2001 dollars),1608,1667,1810,1889,1880,1986
"29820","Las Vegas-Paradise, NV (MSA)",72,"     Performing arts, museums, and related activities",900,Real GDP by Metropolitan Area (millions of chained 2001 dollars),552,592,639,710,723,761
"29820","Las Vegas-Paradise, NV (MSA)",73,"     Amusement, gambling, and recreation",900,Real GDP by Metropolitan Area (millions of chained 2001 dollars),1056,1075,1170,1178,1155,1223
"29820","Las Vegas-Paradise, NV (MSA)",74,"   Accommodation and food services",900,Real GDP by Metropolitan Area (millions of chained 2001 dollars),10173,10470,10737,11412,12213,12922
"29820","Las Vegas-Paradise, NV (MSA)",75,"     Accommodation",900,Real GDP by Metropolitan Area (millions of chained 2001 dollars),8783,9024,9143,9596,10279,10852
"29820","Las Vegas-Paradise, NV (MSA)",76,"     Food services and drinking places",900,Real GDP by Metropolitan Area (millions of chained 2001 dollars),1390,1446,1588,1806,1924,2059
"29820","Las Vegas-Paradise, NV (MSA)",77,"   Other services, except government",900,Real GDP by Metropolitan Area (millions of chained 2001 dollars),1016,1023,1041,1148,1216,1270
"29820","Las Vegas-Paradise, NV (MSA)",78," Government",900,Real GDP by Metropolitan Area (millions of chained 2001 dollars),4967,5078,5387,5659,5912,6149
"29820","Las Vegas-Paradise, NV (MSA)",79,"   Federal civilian",900,Real GDP by Metropolitan Area (millions of chained 2001 dollars),773,787,825,855,864,863
"29820","Las Vegas-Paradise, NV (MSA)",80,"   Federal military",900,Real GDP by Metropolitan Area (millions of chained 2001 dollars),521,603,635,649,640,637
"29820","Las Vegas-Paradise, NV (MSA)",81,"   State and local",900,Real GDP by Metropolitan Area (millions of chained 2001 dollars),3672,3687,3926,4156,4417,4664
"29820","Las Vegas-Paradise, NV (MSA)",99,"Natural resources and mining",900,Real GDP by Metropolitan Area (millions of chained 2001 dollars),90,93,85,96,96,103
"29820","Las Vegas-Paradise, NV (MSA)",100,"Trade",900,Real GDP by Metropolitan Area (millions of chained 2001 dollars),6467,6744,7188,7941,8958,9651
"29820","Las Vegas-Paradise, NV (MSA)",101,"Transportation and utilities",900,Real GDP by Metropolitan Area (millions of chained 2001 dollars),2333,2627,2996,3219,3250,3455
"29820","Las Vegas-Paradise, NV (MSA)",102,"Financial activities",900,Real GDP by Metropolitan Area (millions of chained 2001 dollars),12300,12768,13680,16178,18414,20418
"29820","Las Vegas-Paradise, NV (MSA)",103,"Professional and business services",900,Real GDP by Metropolitan Area (millions of chained 2001 dollars),5344,5489,6189,7105,7740,8097
"29820","Las Vegas-Paradise, NV (MSA)",104,"Education and health services",900,Real GDP by Metropolitan Area (millions of chained 2001 dollars),2610,2765,2951,3215,3481,3711
"29820","Las Vegas-Paradise, NV (MSA)",105,"Leisure and hospitality",900,Real GDP by Metropolitan Area (millions of chained 2001 dollars),11781,12137,12550,13304,14094,14909
"29820","Las Vegas-Paradise, NV (MSA)",106,"Information, Communication, and Technology (ICT)",900,Real GDP by Metropolitan Area (millions of chained 2001 dollars),"(D)","(D)","(D)","(D)","(D)","(D)"
"29820","Las Vegas-Paradise, NV (MSA)",108,"Private goods-producing industries",900,Real GDP by Metropolitan Area (millions of chained 2001 dollars),6319,6433,6943,8082,9005,8906
"29820","Las Vegas-Paradise, NV (MSA)",109,"Private services-providing industries",900,Real GDP by Metropolitan Area (millions of chained 2001 dollars),43434,45137,48164,53807,59365,63689
"FIPS","Metropolitan Area","Industry Code","Industry","Component Code","Component","2001","2002","2003","2004","2005","2006"
"29820","Las Vegas-Paradise, NV (MSA)",1,"Total Gross Domestic Product by Metropolitan Area",1000,Per capita real GDP by Metropolitan Area (chained 2001 dollars),37555,37351,38434,40989,43455,44229
"29820","Las Vegas-Paradise, NV (MSA)",2," Private industries",1000,Per capita real GDP by Metropolitan Area (chained 2001 dollars),"n/a","n/a","n/a","n/a","n/a","n/a"
"29820","Las Vegas-Paradise, NV (MSA)",3,"   Agriculture, forestry, fishing, and hunting",1000,Per capita real GDP by Metropolitan Area (chained 2001 dollars),"n/a","n/a","n/a","n/a","n/a","n/a"
"29820","Las Vegas-Paradise, NV (MSA)",4,"     Crop and animal production (Farms)",1000,Per capita real GDP by Metropolitan Area (chained 2001 dollars),"n/a","n/a","n/a","n/a","n/a","n/a"
"29820","Las Vegas-Paradise, NV (MSA)",5,"     Forestry, fishing, and related activities",1000,Per capita real GDP by Metropolitan Area (chained 2001 dollars),"n/a","n/a","n/a","n/a","n/a","n/a"
"29820","Las Vegas-Paradise, NV (MSA)",6,"   Mining",1000,Per capita real GDP by Metropolitan Area (chained 2001 dollars),"n/a","n/a","n/a","n/a","n/a","n/a"
"29820","Las Vegas-Paradise, NV (MSA)",7,"     Oil and gas extraction",1000,Per capita real GDP by Metropolitan Area (chained 2001 dollars),"n/a","n/a","n/a","n/a","n/a","n/a"
"29820","Las Vegas-Paradise, NV (MSA)",8,"     Mining, except oil and gas",1000,Per capita real GDP by Metropolitan Area (chained 2001 dollars),"n/a","n/a","n/a","n/a","n/a","n/a"
"29820","Las Vegas-Paradise, NV (MSA)",9,"     Support activities for mining",1000,Per capita real GDP by Metropolitan Area (chained 2001 dollars),"n/a","n/a","n/a","n/a","n/a","n/a"
"29820","Las Vegas-Paradise, NV (MSA)",10,"   Utilities",1000,Per capita real GDP by Metropolitan Area (chained 2001 dollars),"n/a","n/a","n/a","n/a","n/a","n/a"
"29820","Las Vegas-Paradise, NV (MSA)",11,"   Construction",1000,Per capita real GDP by Metropolitan Area (chained 2001 dollars),"n/a","n/a","n/a","n/a","n/a","n/a"
"29820","Las Vegas-Paradise, NV (MSA)",12,"   Manufacturing",1000,Per capita real GDP by Metropolitan Area (chained 2001 dollars),"n/a","n/a","n/a","n/a","n/a","n/a"
"29820","Las Vegas-Paradise, NV (MSA)",13,"     Durable goods",1000,Per capita real GDP by Metropolitan Area (chained 2001 dollars),"n/a","n/a","n/a","n/a","n/a","n/a"
"29820","Las Vegas-Paradise, NV (MSA)",14,"       Wood product manufacturing",1000,Per capita real GDP by Metropolitan Area (chained 2001 dollars),"n/a","n/a","n/a","n/a","n/a","n/a"
"29820","Las Vegas-Paradise, NV (MSA)",15,"       Nonmetallic mineral product manufacturing",1000,Per capita real GDP by Metropolitan Area (chained 2001 dollars),"n/a","n/a","n/a","n/a","n/a","n/a"
"29820","Las Vegas-Paradise, NV (MSA)",16,"       Primary metal manufacturing",1000,Per capita real GDP by Metropolitan Area (chained 2001 dollars),"n/a","n/a","n/a","n/a","n/a","n/a"
"29820","Las Vegas-Paradise, NV (MSA)",17,"       Fabricated metal product manufacturing",1000,Per capita real GDP by Metropolitan Area (chained 2001 dollars),"n/a","n/a","n/a","n/a","n/a","n/a"
"29820","Las Vegas-Paradise, NV (MSA)",18,"       Machinery manufacturing",1000,Per capita real GDP by Metropolitan Area (chained 2001 dollars),"n/a","n/a","n/a","n/a","n/a","n/a"
"29820","Las Vegas-Paradise, NV (MSA)",19,"       Computer and electronic product manufacturing",1000,Per capita real GDP by Metropolitan Area (chained 2001 dollars),"n/a","n/a","n/a","n/a","n/a","n/a"
"29820","Las Vegas-Paradise, NV (MSA)",20,"       Electrical equipment and appliance manufacturing",1000,Per capita real GDP by Metropolitan Area (chained 2001 dollars),"n/a","n/a","n/a","n/a","n/a","n/a"
"29820","Las Vegas-Paradise, NV (MSA)",21,"       Motor vehicle, body, trailer, and parts manufacturing",1000,Per capita real GDP by Metropolitan Area (chained 2001 dollars),"n/a","n/a","n/a","n/a","n/a","n/a"
"29820","Las Vegas-Paradise, NV (MSA)",22,"       Other transportation equipment manufacturing",1000,Per capita real GDP by Metropolitan Area (chained 2001 dollars),"n/a","n/a","n/a","n/a","n/a","n/a"
"29820","Las Vegas-Paradise, NV (MSA)",23,"       Furniture and related product manufacturing",1000,Per capita real GDP by Metropolitan Area (chained 2001 dollars),"n/a","n/a","n/a","n/a","n/a","n/a"
"29820","Las Vegas-Paradise, NV (MSA)",24,"       Miscellaneous manufacturing",1000,Per capita real GDP by Metropolitan Area (chained 2001 dollars),"n/a","n/a","n/a","n/a","n/a","n/a"
"29820","Las Vegas-Paradise, NV (MSA)",25,"     Nondurable goods",1000,Per capita real GDP by Metropolitan Area (chained 2001 dollars),"n/a","n/a","n/a","n/a","n/a","n/a"
"29820","Las Vegas-Paradise, NV (MSA)",26,"       Food product manufacturing",1000,Per capita real GDP by Metropolitan Area (chained 2001 dollars),"n/a","n/a","n/a","n/a","n/a","n/a"
"29820","Las Vegas-Paradise, NV (MSA)",27,"       Textile and textile product mills",1000,Per capita real GDP by Metropolitan Area (chained 2001 dollars),"n/a","n/a","n/a","n/a","n/a","n/a"
"29820","Las Vegas-Paradise, NV (MSA)",28,"       Apparel manufacturing",1000,Per capita real GDP by Metropolitan Area (chained 2001 dollars),"n/a","n/a","n/a","n/a","n/a","n/a"
"29820","Las Vegas-Paradise, NV (MSA)",29,"       Paper manufacturing",1000,Per capita real GDP by Metropolitan Area (chained 2001 dollars),"n/a","n/a","n/a","n/a","n/a","n/a"
"29820","Las Vegas-Paradise, NV (MSA)",30,"       Printing and related support activities",1000,Per capita real GDP by Metropolitan Area (chained 2001 dollars),"n/a","n/a","n/a","n/a","n/a","n/a"
"29820","Las Vegas-Paradise, NV (MSA)",31,"       Petroleum and coal products manufacturing",1000,Per capita real GDP by Metropolitan Area (chained 2001 dollars),"n/a","n/a","n/a","n/a","n/a","n/a"
"29820","Las Vegas-Paradise, NV (MSA)",32,"       Chemical manufacturing",1000,Per capita real GDP by Metropolitan Area (chained 2001 dollars),"n/a","n/a","n/a","n/a","n/a","n/a"
"29820","Las Vegas-Paradise, NV (MSA)",33,"       Plastics and rubber products manufacturing",1000,Per capita real GDP by Metropolitan Area (chained 2001 dollars),"n/a","n/a","n/a","n/a","n/a","n/a"
"29820","Las Vegas-Paradise, NV (MSA)",34,"   Wholesale trade",1000,Per capita real GDP by Metropolitan Area (chained 2001 dollars),"n/a","n/a","n/a","n/a","n/a","n/a"
"29820","Las Vegas-Paradise, NV (MSA)",35,"   Retail trade",1000,Per capita real GDP by Metropolitan Area (chained 2001 dollars),"n/a","n/a","n/a","n/a","n/a","n/a"
"29820","Las Vegas-Paradise, NV (MSA)",36,"   Transportation and warehousing, excluding Postal Service",1000,Per capita real GDP by Metropolitan Area (chained 2001 dollars),"n/a","n/a","n/a","n/a","n/a","n/a"
"29820","Las Vegas-Paradise, NV (MSA)",37,"     Air transportation",1000,Per capita real GDP by Metropolitan Area (chained 2001 dollars),"n/a","n/a","n/a","n/a","n/a","n/a"
"29820","Las Vegas-Paradise, NV (MSA)",38,"     Rail transportation",1000,Per capita real GDP by Metropolitan Area (chained 2001 dollars),"n/a","n/a","n/a","n/a","n/a","n/a"
"29820","Las Vegas-Paradise, NV (MSA)",39,"     Water transportation",1000,Per capita real GDP by Metropolitan Area (chained 2001 dollars),"n/a","n/a","n/a","n/a","n/a","n/a"
"29820","Las Vegas-Paradise, NV (MSA)",40,"     Truck transportation",1000,Per capita real GDP by Metropolitan Area (chained 2001 dollars),"n/a","n/a","n/a","n/a","n/a","n/a"
"29820","Las Vegas-Paradise, NV (MSA)",41,"     Transit and ground passenger transportation",1000,Per capita real GDP by Metropolitan Area (chained 2001 dollars),"n/a","n/a","n/a","n/a","n/a","n/a"
"29820","Las Vegas-Paradise, NV (MSA)",42,"     Pipeline transportation",1000,Per capita real GDP by Metropolitan Area (chained 2001 dollars),"n/a","n/a","n/a","n/a","n/a","n/a"
"29820","Las Vegas-Paradise, NV (MSA)",43,"     Other transportation and support activities",1000,Per capita real GDP by Metropolitan Area (chained 2001 dollars),"n/a","n/a","n/a","n/a","n/a","n/a"
"29820","Las Vegas-Paradise, NV (MSA)",44,"     Warehousing and storage",1000,Per capita real GDP by Metropolitan Area (chained 2001 dollars),"n/a","n/a","n/a","n/a","n/a","n/a"
"29820","Las Vegas-Paradise, NV (MSA)",45,"   Information",1000,Per capita real GDP by Metropolitan Area (chained 2001 dollars),"n/a","n/a","n/a","n/a","n/a","n/a"
"29820","Las Vegas-Paradise, NV (MSA)",46,"     Publishing including software",1000,Per capita real GDP by Metropolitan Area (chained 2001 dollars),"n/a","n/a","n/a","n/a","n/a","n/a"
"29820","Las Vegas-Paradise, NV (MSA)",47,"     Motion picture and sound recording industries",1000,Per capita real GDP by Metropolitan Area (chained 2001 dollars),"n/a","n/a","n/a","n/a","n/a","n/a"
"29820","Las Vegas-Paradise, NV (MSA)",48,"     Broadcasting and telecommunications",1000,Per capita real GDP by Metropolitan Area (chained 2001 dollars),"n/a","n/a","n/a","n/a","n/a","n/a"
"29820","Las Vegas-Paradise, NV (MSA)",49,"     Information and data processing services",1000,Per capita real GDP by Metropolitan Area (chained 2001 dollars),"n/a","n/a","n/a","n/a","n/a","n/a"
"29820","Las Vegas-Paradise, NV (MSA)",50,"   Finance and insurance",1000,Per capita real GDP by Metropolitan Area (chained 2001 dollars),"n/a","n/a","n/a","n/a","n/a","n/a"
"29820","Las Vegas-Paradise, NV (MSA)",51,"     Federal Reserve banks, credit intermediation and related services",1000,Per capita real GDP by Metropolitan Area (chained 2001 dollars),"n/a","n/a","n/a","n/a","n/a","n/a"
"29820","Las Vegas-Paradise, NV (MSA)",52,"     Securities, commodity contracts, investments",1000,Per capita real GDP by Metropolitan Area (chained 2001 dollars),"n/a","n/a","n/a","n/a","n/a","n/a"
"29820","Las Vegas-Paradise, NV (MSA)",53,"     Insurance carriers and related activities",1000,Per capita real GDP by Metropolitan Area (chained 2001 dollars),"n/a","n/a","n/a","n/a","n/a","n/a"
"29820","Las Vegas-Paradise, NV (MSA)",54,"     Funds, trusts, and other financial vehicles",1000,Per capita real GDP by Metropolitan Area (chained 2001 dollars),"n/a","n/a","n/a","n/a","n/a","n/a"
"29820","Las Vegas-Paradise, NV (MSA)",55,"   Real estate and rental and leasing",1000,Per capita real GDP by Metropolitan Area (chained 2001 dollars),"n/a","n/a","n/a","n/a","n/a","n/a"
"29820","Las Vegas-Paradise, NV (MSA)",56,"     Real estate",1000,Per capita real GDP by Metropolitan Area (chained 2001 dollars),"n/a","n/a","n/a","n/a","n/a","n/a"
"29820","Las Vegas-Paradise, NV (MSA)",57,"     Rental and leasing services and lessors of intangible assets",1000,Per capita real GDP by Metropolitan Area (chained 2001 dollars),"n/a","n/a","n/a","n/a","n/a","n/a"
"29820","Las Vegas-Paradise, NV (MSA)",58,"   Professional and technical services",1000,Per capita real GDP by Metropolitan Area (chained 2001 dollars),"n/a","n/a","n/a","n/a","n/a","n/a"
"29820","Las Vegas-Paradise, NV (MSA)",62,"   Management of companies and enterprises",1000,Per capita real GDP by Metropolitan Area (chained 2001 dollars),"n/a","n/a","n/a","n/a","n/a","n/a"
"29820","Las Vegas-Paradise, NV (MSA)",63,"   Administrative and waste services",1000,Per capita real GDP by Metropolitan Area (chained 2001 dollars),"n/a","n/a","n/a","n/a","n/a","n/a"
"29820","Las Vegas-Paradise, NV (MSA)",64,"     Administrative and support services",1000,Per capita real GDP by Metropolitan Area (chained 2001 dollars),"n/a","n/a","n/a","n/a","n/a","n/a"
"29820","Las Vegas-Paradise, NV (MSA)",65,"     Waste management and remediation services",1000,Per capita real GDP by Metropolitan Area (chained 2001 dollars),"n/a","n/a","n/a","n/a","n/a","n/a"
"29820","Las Vegas-Paradise, NV (MSA)",66,"   Educational services",1000,Per capita real GDP by Metropolitan Area (chained 2001 dollars),"n/a","n/a","n/a","n/a","n/a","n/a"
"29820","Las Vegas-Paradise, NV (MSA)",67,"   Health care and social assistance",1000,Per capita real GDP by Metropolitan Area (chained 2001 dollars),"n/a","n/a","n/a","n/a","n/a","n/a"
"29820","Las Vegas-Paradise, NV (MSA)",68,"     Ambulatory health care services",1000,Per capita real GDP by Metropolitan Area (chained 2001 dollars),"n/a","n/a","n/a","n/a","n/a","n/a"
"29820","Las Vegas-Paradise, NV (MSA)",69,"     Hospitals and nursing and residential care facilities",1000,Per capita real GDP by Metropolitan Area (chained 2001 dollars),"n/a","n/a","n/a","n/a","n/a","n/a"
"29820","Las Vegas-Paradise, NV (MSA)",70,"     Social assistance",1000,Per capita real GDP by Metropolitan Area (chained 2001 dollars),"n/a","n/a","n/a","n/a","n/a","n/a"
"29820","Las Vegas-Paradise, NV (MSA)",71,"   Arts, entertainment, and recreation",1000,Per capita real GDP by Metropolitan Area (chained 2001 dollars),"n/a","n/a","n/a","n/a","n/a","n/a"
"29820","Las Vegas-Paradise, NV (MSA)",72,"     Performing arts, museums, and related activities",1000,Per capita real GDP by Metropolitan Area (chained 2001 dollars),"n/a","n/a","n/a","n/a","n/a","n/a"
"29820","Las Vegas-Paradise, NV (MSA)",73,"     Amusement, gambling, and recreation",1000,Per capita real GDP by Metropolitan Area (chained 2001 dollars),"n/a","n/a","n/a","n/a","n/a","n/a"
"29820","Las Vegas-Paradise, NV (MSA)",74,"   Accommodation and food services",1000,Per capita real GDP by Metropolitan Area (chained 2001 dollars),"n/a","n/a","n/a","n/a","n/a","n/a"
"29820","Las Vegas-Paradise, NV (MSA)",75,"     Accommodation",1000,Per capita real GDP by Metropolitan Area (chained 2001 dollars),"n/a","n/a","n/a","n/a","n/a","n/a"
"29820","Las Vegas-Paradise, NV (MSA)",76,"     Food services and drinking places",1000,Per capita real GDP by Metropolitan Area (chained 2001 dollars),"n/a","n/a","n/a","n/a","n/a","n/a"
"29820","Las Vegas-Paradise, NV (MSA)",77,"   Other services, except government",1000,Per capita real GDP by Metropolitan Area (chained 2001 dollars),"n/a","n/a","n/a","n/a","n/a","n/a"
"29820","Las Vegas-Paradise, NV (MSA)",78," Government",1000,Per capita real GDP by Metropolitan Area (chained 2001 dollars),"n/a","n/a","n/a","n/a","n/a","n/a"
"29820","Las Vegas-Paradise, NV (MSA)",79,"   Federal civilian",1000,Per capita real GDP by Metropolitan Area (chained 2001 dollars),"n/a","n/a","n/a","n/a","n/a","n/a"
"29820","Las Vegas-Paradise, NV (MSA)",80,"   Federal military",1000,Per capita real GDP by Metropolitan Area (chained 2001 dollars),"n/a","n/a","n/a","n/a","n/a","n/a"
"29820","Las Vegas-Paradise, NV (MSA)",81,"   State and local",1000,Per capita real GDP by Metropolitan Area (chained 2001 dollars),"n/a","n/a","n/a","n/a","n/a","n/a"
"29820","Las Vegas-Paradise, NV (MSA)",99,"Natural resources and mining",1000,Per capita real GDP by Metropolitan Area (chained 2001 dollars),"n/a","n/a","n/a","n/a","n/a","n/a"
"29820","Las Vegas-Paradise, NV (MSA)",100,"Trade",1000,Per capita real GDP by Metropolitan Area (chained 2001 dollars),"n/a","n/a","n/a","n/a","n/a","n/a"
"29820","Las Vegas-Paradise, NV (MSA)",101,"Transportation and utilities",1000,Per capita real GDP by Metropolitan Area (chained 2001 dollars),"n/a","n/a","n/a","n/a","n/a","n/a"
"29820","Las Vegas-Paradise, NV (MSA)",102,"Financial activities",1000,Per capita real GDP by Metropolitan Area (chained 2001 dollars),"n/a","n/a","n/a","n/a","n/a","n/a"
"29820","Las Vegas-Paradise, NV (MSA)",103,"Professional and business services",1000,Per capita real GDP by Metropolitan Area (chained 2001 dollars),"n/a","n/a","n/a","n/a","n/a","n/a"
"29820","Las Vegas-Paradise, NV (MSA)",104,"Education and health services",1000,Per capita real GDP by Metropolitan Area (chained 2001 dollars),"n/a","n/a","n/a","n/a","n/a","n/a"
"29820","Las Vegas-Paradise, NV (MSA)",105,"Leisure and hospitality",1000,Per capita real GDP by Metropolitan Area (chained 2001 dollars),"n/a","n/a","n/a","n/a","n/a","n/a"
"29820","Las Vegas-Paradise, NV (MSA)",106,"Information, Communication, and Technology (ICT)",1000,Per capita real GDP by Metropolitan Area (chained 2001 dollars),"n/a","n/a","n/a","n/a","n/a","n/a"
"29820","Las Vegas-Paradise, NV (MSA)",108,"Private goods-producing industries",1000,Per capita real GDP by Metropolitan Area (chained 2001 dollars),"n/a","n/a","n/a","n/a","n/a","n/a"
"29820","Las Vegas-Paradise, NV (MSA)",109,"Private services-providing industries",1000,Per capita real GDP by Metropolitan Area (chained 2001 dollars),"n/a","n/a","n/a","n/a","n/a","n/a"
Source: Bureau of Economic Analysis, U.S. Department of Commerce
