"FIPS","Metropolitan Area","Industry Code","Industry","Component Code","Component","2001","2002","2003","2004","2005","2006"
"33100","Miami-Fort Lauderdale-Pompano Beach, FL (MSA)",1,"Total Gross Domestic Product by Metropolitan Area",200,GDP by Metropolitan Area (millions of current dollars),178806,185319,196069,211361,233257,248029
"33100","Miami-Fort Lauderdale-Pompano Beach, FL (MSA)",2," Private industries",200,GDP by Metropolitan Area (millions of current dollars),160769,166250,175726,189505,209727,223432
"33100","Miami-Fort Lauderdale-Pompano Beach, FL (MSA)",3,"   Agriculture, forestry, fishing, and hunting",200,GDP by Metropolitan Area (millions of current dollars),988,981,923,1043,1097,1170
"33100","Miami-Fort Lauderdale-Pompano Beach, FL (MSA)",4,"     Crop and animal production (Farms)",200,GDP by Metropolitan Area (millions of current dollars),708,711,666,780,817,856
"33100","Miami-Fort Lauderdale-Pompano Beach, FL (MSA)",5,"     Forestry, fishing, and related activities",200,GDP by Metropolitan Area (millions of current dollars),280,270,257,263,280,314
"33100","Miami-Fort Lauderdale-Pompano Beach, FL (MSA)",6,"   Mining",200,GDP by Metropolitan Area (millions of current dollars),76,79,89,101,150,153
"33100","Miami-Fort Lauderdale-Pompano Beach, FL (MSA)",7,"     Oil and gas extraction",200,GDP by Metropolitan Area (millions of current dollars),"(D)","(D)","(D)","(D)","(D)","(D)"
"33100","Miami-Fort Lauderdale-Pompano Beach, FL (MSA)",8,"     Mining, except oil and gas",200,GDP by Metropolitan Area (millions of current dollars),59,"(D)","(D)","(D)","(D)","(D)"
"33100","Miami-Fort Lauderdale-Pompano Beach, FL (MSA)",9,"     Support activities for mining",200,GDP by Metropolitan Area (millions of current dollars),"(D)","(D)","(D)","(D)","(D)","(D)"
"33100","Miami-Fort Lauderdale-Pompano Beach, FL (MSA)",10,"   Utilities",200,GDP by Metropolitan Area (millions of current dollars),"(D)","(D)","(D)","(D)",3121,3341
"33100","Miami-Fort Lauderdale-Pompano Beach, FL (MSA)",11,"   Construction",200,GDP by Metropolitan Area (millions of current dollars),9564,10479,11407,12991,15245,16174
"33100","Miami-Fort Lauderdale-Pompano Beach, FL (MSA)",12,"   Manufacturing",200,GDP by Metropolitan Area (millions of current dollars),7955,8019,7793,8357,8645,9348
"33100","Miami-Fort Lauderdale-Pompano Beach, FL (MSA)",13,"     Durable goods",200,GDP by Metropolitan Area (millions of current dollars),4993,4959,4796,5357,5827,6474
"33100","Miami-Fort Lauderdale-Pompano Beach, FL (MSA)",14,"       Wood product manufacturing",200,GDP by Metropolitan Area (millions of current dollars),159,159,160,180,218,236
"33100","Miami-Fort Lauderdale-Pompano Beach, FL (MSA)",15,"       Nonmetallic mineral product manufacturing",200,GDP by Metropolitan Area (millions of current dollars),528,566,550,627,772,1184
"33100","Miami-Fort Lauderdale-Pompano Beach, FL (MSA)",16,"       Primary metal manufacturing",200,GDP by Metropolitan Area (millions of current dollars),61,60,56,"(D)",70,81
"33100","Miami-Fort Lauderdale-Pompano Beach, FL (MSA)",17,"       Fabricated metal product manufacturing",200,GDP by Metropolitan Area (millions of current dollars),573,573,555,591,794,795
"33100","Miami-Fort Lauderdale-Pompano Beach, FL (MSA)",18,"       Machinery manufacturing",200,GDP by Metropolitan Area (millions of current dollars),338,382,329,325,371,377
"33100","Miami-Fort Lauderdale-Pompano Beach, FL (MSA)",19,"       Computer and electronic product manufacturing",200,GDP by Metropolitan Area (millions of current dollars),1401,1125,1011,1044,1101,1140
"33100","Miami-Fort Lauderdale-Pompano Beach, FL (MSA)",20,"       Electrical equipment and appliance manufacturing",200,GDP by Metropolitan Area (millions of current dollars),172,180,166,144,148,159
"33100","Miami-Fort Lauderdale-Pompano Beach, FL (MSA)",21,"       Motor vehicle, body, trailer, and parts manufacturing",200,GDP by Metropolitan Area (millions of current dollars),"(D)","(D)","(D)","(D)","(D)","(D)"
"33100","Miami-Fort Lauderdale-Pompano Beach, FL (MSA)",22,"       Other transportation equipment manufacturing",200,GDP by Metropolitan Area (millions of current dollars),"(D)","(D)","(D)","(D)","(D)","(D)"
"33100","Miami-Fort Lauderdale-Pompano Beach, FL (MSA)",23,"       Furniture and related product manufacturing",200,GDP by Metropolitan Area (millions of current dollars),358,336,365,334,312,312
"33100","Miami-Fort Lauderdale-Pompano Beach, FL (MSA)",24,"       Miscellaneous manufacturing",200,GDP by Metropolitan Area (millions of current dollars),742,865,1038,1285,1212,1260
"33100","Miami-Fort Lauderdale-Pompano Beach, FL (MSA)",25,"     Nondurable goods",200,GDP by Metropolitan Area (millions of current dollars),2963,3061,2997,3000,2818,2874
"33100","Miami-Fort Lauderdale-Pompano Beach, FL (MSA)",26,"       Food product manufacturing",200,GDP by Metropolitan Area (millions of current dollars),1064,1076,1007,"(D)","(D)",1009
"33100","Miami-Fort Lauderdale-Pompano Beach, FL (MSA)",27,"       Textile and textile product mills",200,GDP by Metropolitan Area (millions of current dollars),142,131,"(D)",161,"(D)",115
"33100","Miami-Fort Lauderdale-Pompano Beach, FL (MSA)",28,"       Apparel manufacturing",200,GDP by Metropolitan Area (millions of current dollars),"(D)","(D)","(D)",216,168,128
"33100","Miami-Fort Lauderdale-Pompano Beach, FL (MSA)",29,"       Paper manufacturing",200,GDP by Metropolitan Area (millions of current dollars),104,122,"(D)","(D)","(D)",154
"33100","Miami-Fort Lauderdale-Pompano Beach, FL (MSA)",30,"       Printing and related support activities",200,GDP by Metropolitan Area (millions of current dollars),496,539,533,551,525,524
"33100","Miami-Fort Lauderdale-Pompano Beach, FL (MSA)",31,"       Petroleum and coal products manufacturing",200,GDP by Metropolitan Area (millions of current dollars),"(D)","(D)","(D)",111,135,141
"33100","Miami-Fort Lauderdale-Pompano Beach, FL (MSA)",32,"       Chemical manufacturing",200,GDP by Metropolitan Area (millions of current dollars),562,612,629,556,468,463
"33100","Miami-Fort Lauderdale-Pompano Beach, FL (MSA)",33,"       Plastics and rubber products manufacturing",200,GDP by Metropolitan Area (millions of current dollars),258,268,271,284,304,339
"33100","Miami-Fort Lauderdale-Pompano Beach, FL (MSA)",34,"   Wholesale trade",200,GDP by Metropolitan Area (millions of current dollars),14578,15134,16028,17706,19054,20109
"33100","Miami-Fort Lauderdale-Pompano Beach, FL (MSA)",35,"   Retail trade",200,GDP by Metropolitan Area (millions of current dollars),14280,14331,14875,15431,16703,17790
"33100","Miami-Fort Lauderdale-Pompano Beach, FL (MSA)",36,"   Transportation and warehousing, excluding Postal Service",200,GDP by Metropolitan Area (millions of current dollars),"(D)","(D)","(D)","(D)",7852,8640
"33100","Miami-Fort Lauderdale-Pompano Beach, FL (MSA)",37,"     Air transportation",200,GDP by Metropolitan Area (millions of current dollars),2212,1957,2317,1990,2007,2265
"33100","Miami-Fort Lauderdale-Pompano Beach, FL (MSA)",38,"     Rail transportation",200,GDP by Metropolitan Area (millions of current dollars),"(D)","(D)","(D)","(D)","(D)","(D)"
"33100","Miami-Fort Lauderdale-Pompano Beach, FL (MSA)",39,"     Water transportation",200,GDP by Metropolitan Area (millions of current dollars),1141,1076,1508,1695,1489,1656
"33100","Miami-Fort Lauderdale-Pompano Beach, FL (MSA)",40,"     Truck transportation",200,GDP by Metropolitan Area (millions of current dollars),781,733,761,861,930,953
"33100","Miami-Fort Lauderdale-Pompano Beach, FL (MSA)",41,"     Transit and ground passenger transportation",200,GDP by Metropolitan Area (millions of current dollars),202,202,218,255,282,314
"33100","Miami-Fort Lauderdale-Pompano Beach, FL (MSA)",42,"     Pipeline transportation",200,GDP by Metropolitan Area (millions of current dollars),"(D)","(D)","(D)","(D)","(D)","(D)"
"33100","Miami-Fort Lauderdale-Pompano Beach, FL (MSA)",43,"     Other transportation and support activities",200,GDP by Metropolitan Area (millions of current dollars),"(D)","(D)",2186,2489,2670,"(D)"
"33100","Miami-Fort Lauderdale-Pompano Beach, FL (MSA)",44,"     Warehousing and storage",200,GDP by Metropolitan Area (millions of current dollars),228,272,275,305,367,375
"33100","Miami-Fort Lauderdale-Pompano Beach, FL (MSA)",45,"   Information",200,GDP by Metropolitan Area (millions of current dollars),9593,10196,9739,11282,12083,12184
"33100","Miami-Fort Lauderdale-Pompano Beach, FL (MSA)",46,"     Publishing including software",200,GDP by Metropolitan Area (millions of current dollars),1443,1436,1547,1694,1864,2038
"33100","Miami-Fort Lauderdale-Pompano Beach, FL (MSA)",47,"     Motion picture and sound recording industries",200,GDP by Metropolitan Area (millions of current dollars),387,396,389,448,530,541
"33100","Miami-Fort Lauderdale-Pompano Beach, FL (MSA)",48,"     Broadcasting and telecommunications",200,GDP by Metropolitan Area (millions of current dollars),7069,7546,6988,8225,8690,8644
"33100","Miami-Fort Lauderdale-Pompano Beach, FL (MSA)",49,"     Information and data processing services",200,GDP by Metropolitan Area (millions of current dollars),695,817,815,915,999,961
"33100","Miami-Fort Lauderdale-Pompano Beach, FL (MSA)",50,"   Finance and insurance",200,GDP by Metropolitan Area (millions of current dollars),12693,13769,14517,15363,16840,18508
"33100","Miami-Fort Lauderdale-Pompano Beach, FL (MSA)",51,"     Federal Reserve banks, credit intermediation and related services",200,GDP by Metropolitan Area (millions of current dollars),"(D)","(D)","(D)","(D)","(D)","(D)"
"33100","Miami-Fort Lauderdale-Pompano Beach, FL (MSA)",52,"     Securities, commodity contracts, investments",200,GDP by Metropolitan Area (millions of current dollars),2323,2170,2309,2379,2761,3078
"33100","Miami-Fort Lauderdale-Pompano Beach, FL (MSA)",53,"     Insurance carriers and related activities",200,GDP by Metropolitan Area (millions of current dollars),2952,3498,3429,3596,3716,4085
"33100","Miami-Fort Lauderdale-Pompano Beach, FL (MSA)",54,"     Funds, trusts, and other financial vehicles",200,GDP by Metropolitan Area (millions of current dollars),"(D)","(D)","(D)","(D)","(D)","(D)"
"33100","Miami-Fort Lauderdale-Pompano Beach, FL (MSA)",55,"   Real estate and rental and leasing",200,GDP by Metropolitan Area (millions of current dollars),31559,33238,35607,38938,45624,48583
"33100","Miami-Fort Lauderdale-Pompano Beach, FL (MSA)",56,"     Real estate",200,GDP by Metropolitan Area (millions of current dollars),29408,30933,33143,36774,43536,46626
"33100","Miami-Fort Lauderdale-Pompano Beach, FL (MSA)",57,"     Rental and leasing services and lessors of intangible assets",200,GDP by Metropolitan Area (millions of current dollars),2151,2305,2464,2164,2088,1957
"33100","Miami-Fort Lauderdale-Pompano Beach, FL (MSA)",58,"   Professional and technical services",200,GDP by Metropolitan Area (millions of current dollars),12118,12174,12857,14204,15386,16691
"33100","Miami-Fort Lauderdale-Pompano Beach, FL (MSA)",62,"   Management of companies and enterprises",200,GDP by Metropolitan Area (millions of current dollars),2042,2558,2825,2845,3751,3665
"33100","Miami-Fort Lauderdale-Pompano Beach, FL (MSA)",63,"   Administrative and waste services",200,GDP by Metropolitan Area (millions of current dollars),7806,8561,9514,8733,10115,10925
"33100","Miami-Fort Lauderdale-Pompano Beach, FL (MSA)",64,"     Administrative and support services",200,GDP by Metropolitan Area (millions of current dollars),7529,8237,9116,8354,9693,10453
"33100","Miami-Fort Lauderdale-Pompano Beach, FL (MSA)",65,"     Waste management and remediation services",200,GDP by Metropolitan Area (millions of current dollars),277,324,398,380,422,473
"33100","Miami-Fort Lauderdale-Pompano Beach, FL (MSA)",66,"   Educational services",200,GDP by Metropolitan Area (millions of current dollars),1608,1774,1949,2127,2271,2439
"33100","Miami-Fort Lauderdale-Pompano Beach, FL (MSA)",67,"   Health care and social assistance",200,GDP by Metropolitan Area (millions of current dollars),11444,12281,13284,14051,14751,15797
"33100","Miami-Fort Lauderdale-Pompano Beach, FL (MSA)",68,"     Ambulatory health care services",200,GDP by Metropolitan Area (millions of current dollars),6948,7355,7947,8276,8851,9521
"33100","Miami-Fort Lauderdale-Pompano Beach, FL (MSA)",69,"     Hospitals and nursing and residential care facilities",200,GDP by Metropolitan Area (millions of current dollars),3660,3998,4320,4665,4742,4986
"33100","Miami-Fort Lauderdale-Pompano Beach, FL (MSA)",70,"     Social assistance",200,GDP by Metropolitan Area (millions of current dollars),836,928,1017,1110,1157,1290
"33100","Miami-Fort Lauderdale-Pompano Beach, FL (MSA)",71,"   Arts, entertainment, and recreation",200,GDP by Metropolitan Area (millions of current dollars),2353,2357,2453,2665,2804,3058
"33100","Miami-Fort Lauderdale-Pompano Beach, FL (MSA)",72,"     Performing arts, museums, and related activities",200,GDP by Metropolitan Area (millions of current dollars),1042,1162,1119,1154,1277,1438
"33100","Miami-Fort Lauderdale-Pompano Beach, FL (MSA)",73,"     Amusement, gambling, and recreation",200,GDP by Metropolitan Area (millions of current dollars),1311,1196,1335,1510,1527,1620
"33100","Miami-Fort Lauderdale-Pompano Beach, FL (MSA)",74,"   Accommodation and food services",200,GDP by Metropolitan Area (millions of current dollars),5951,6044,6475,7235,8041,8399
"33100","Miami-Fort Lauderdale-Pompano Beach, FL (MSA)",75,"     Accommodation",200,GDP by Metropolitan Area (millions of current dollars),2348,2276,2427,2873,3278,3310
"33100","Miami-Fort Lauderdale-Pompano Beach, FL (MSA)",76,"     Food services and drinking places",200,GDP by Metropolitan Area (millions of current dollars),3602,3769,4048,4362,4763,5089
"33100","Miami-Fort Lauderdale-Pompano Beach, FL (MSA)",77,"   Other services, except government",200,GDP by Metropolitan Area (millions of current dollars),4952,5142,5423,5826,6195,6456
"33100","Miami-Fort Lauderdale-Pompano Beach, FL (MSA)",78," Government",200,GDP by Metropolitan Area (millions of current dollars),18037,19068,20342,21857,23530,24597
"33100","Miami-Fort Lauderdale-Pompano Beach, FL (MSA)",79,"   Federal civilian",200,GDP by Metropolitan Area (millions of current dollars),2517,2772,3058,3286,3369,3564
"33100","Miami-Fort Lauderdale-Pompano Beach, FL (MSA)",80,"   Federal military",200,GDP by Metropolitan Area (millions of current dollars),436,520,651,673,756,755
"33100","Miami-Fort Lauderdale-Pompano Beach, FL (MSA)",81,"   State and local",200,GDP by Metropolitan Area (millions of current dollars),15084,15776,16633,17898,19405,20279
"33100","Miami-Fort Lauderdale-Pompano Beach, FL (MSA)",99,"Natural resources and mining",200,GDP by Metropolitan Area (millions of current dollars),1064,1060,1012,1144,1247,1323
"33100","Miami-Fort Lauderdale-Pompano Beach, FL (MSA)",100,"Trade",200,GDP by Metropolitan Area (millions of current dollars),28858,29466,30904,33136,35758,37899
"33100","Miami-Fort Lauderdale-Pompano Beach, FL (MSA)",101,"Transportation and utilities",200,GDP by Metropolitan Area (millions of current dollars),11209,9133,9966,10608,10973,11982
"33100","Miami-Fort Lauderdale-Pompano Beach, FL (MSA)",102,"Financial activities",200,GDP by Metropolitan Area (millions of current dollars),44252,47007,50124,54301,62464,67091
"33100","Miami-Fort Lauderdale-Pompano Beach, FL (MSA)",103,"Professional and business services",200,GDP by Metropolitan Area (millions of current dollars),21965,23293,25197,25782,29252,31282
"33100","Miami-Fort Lauderdale-Pompano Beach, FL (MSA)",104,"Education and health services",200,GDP by Metropolitan Area (millions of current dollars),13052,14054,15233,16178,17021,18236
"33100","Miami-Fort Lauderdale-Pompano Beach, FL (MSA)",105,"Leisure and hospitality",200,GDP by Metropolitan Area (millions of current dollars),8304,8401,8928,9900,10845,11457
"33100","Miami-Fort Lauderdale-Pompano Beach, FL (MSA)",106,"Information, Communication, and Technology (ICT)",200,GDP by Metropolitan Area (millions of current dollars),"(D)","(D)","(D)","(D)","(D)","(D)"
"33100","Miami-Fort Lauderdale-Pompano Beach, FL (MSA)",108,"Private goods-producing industries",200,GDP by Metropolitan Area (millions of current dollars),18304,19289,19956,22228,24856,26531
"33100","Miami-Fort Lauderdale-Pompano Beach, FL (MSA)",109,"Private services-providing industries",200,GDP by Metropolitan Area (millions of current dollars),142466,146962,155771,167276,184872,196901
"FIPS","Metropolitan Area","Industry Code","Industry","Component Code","Component","2001","2002","2003","2004","2005","2006"
"33100","Miami-Fort Lauderdale-Pompano Beach, FL (MSA)",1,"Total Gross Domestic Product by Metropolitan Area",800,Quantity Indexes for Real GDP by Metropolitan Area (2001=100.000),100.000,101.311,104.935,110.017,118.303,121.986
"33100","Miami-Fort Lauderdale-Pompano Beach, FL (MSA)",2," Private industries",800,Quantity Indexes for Real GDP by Metropolitan Area (2001=100.000),100.000,101.322,105.152,110.513,119.412,123.549
"33100","Miami-Fort Lauderdale-Pompano Beach, FL (MSA)",3,"   Agriculture, forestry, fishing, and hunting",800,Quantity Indexes for Real GDP by Metropolitan Area (2001=100.000),100.000,107.255,90.879,88.912,107.377,118.164
"33100","Miami-Fort Lauderdale-Pompano Beach, FL (MSA)",4,"     Crop and animal production (Farms)",800,Quantity Indexes for Real GDP by Metropolitan Area (2001=100.000),100.000,110.913,90.269,87.956,110.973,123.366
"33100","Miami-Fort Lauderdale-Pompano Beach, FL (MSA)",5,"     Forestry, fishing, and related activities",800,Quantity Indexes for Real GDP by Metropolitan Area (2001=100.000),100.000,98.359,92.586,91.607,97.328,104.088
"33100","Miami-Fort Lauderdale-Pompano Beach, FL (MSA)",6,"   Mining",800,Quantity Indexes for Real GDP by Metropolitan Area (2001=100.000),100.000,99.891,104.268,106.803,136.653,121.884
"33100","Miami-Fort Lauderdale-Pompano Beach, FL (MSA)",7,"     Oil and gas extraction",800,Quantity Indexes for Real GDP by Metropolitan Area (2001=100.000),"(D)","(D)","(D)","(D)","(D)","(D)"
"33100","Miami-Fort Lauderdale-Pompano Beach, FL (MSA)",8,"     Mining, except oil and gas",800,Quantity Indexes for Real GDP by Metropolitan Area (2001=100.000),100.000,"(D)","(D)","(D)","(D)","(D)"
"33100","Miami-Fort Lauderdale-Pompano Beach, FL (MSA)",9,"     Support activities for mining",800,Quantity Indexes for Real GDP by Metropolitan Area (2001=100.000),"(D)","(D)","(D)","(D)","(D)","(D)"
"33100","Miami-Fort Lauderdale-Pompano Beach, FL (MSA)",10,"   Utilities",800,Quantity Indexes for Real GDP by Metropolitan Area (2001=100.000),"(D)","(D)","(D)","(D)","(D)","(D)"
"33100","Miami-Fort Lauderdale-Pompano Beach, FL (MSA)",11,"   Construction",800,Quantity Indexes for Real GDP by Metropolitan Area (2001=100.000),100.000,104.577,108.383,113.871,121.723,117.109
"33100","Miami-Fort Lauderdale-Pompano Beach, FL (MSA)",12,"   Manufacturing",800,Quantity Indexes for Real GDP by Metropolitan Area (2001=100.000),100.000,101.840,100.700,109.849,112.756,121.395
"33100","Miami-Fort Lauderdale-Pompano Beach, FL (MSA)",13,"     Durable goods",800,Quantity Indexes for Real GDP by Metropolitan Area (2001=100.000),100.000,101.403,101.196,115.602,126.715,141.388
"33100","Miami-Fort Lauderdale-Pompano Beach, FL (MSA)",14,"       Wood product manufacturing",800,Quantity Indexes for Real GDP by Metropolitan Area (2001=100.000),100.000,100.941,96.654,93.710,115.850,131.587
"33100","Miami-Fort Lauderdale-Pompano Beach, FL (MSA)",15,"       Nonmetallic mineral product manufacturing",800,Quantity Indexes for Real GDP by Metropolitan Area (2001=100.000),100.000,105.517,103.647,115.326,132.119,179.610
"33100","Miami-Fort Lauderdale-Pompano Beach, FL (MSA)",16,"       Primary metal manufacturing",800,Quantity Indexes for Real GDP by Metropolitan Area (2001=100.000),100.000,97.855,95.286,"(D)",85.134,81.485
"33100","Miami-Fort Lauderdale-Pompano Beach, FL (MSA)",17,"       Fabricated metal product manufacturing",800,Quantity Indexes for Real GDP by Metropolitan Area (2001=100.000),100.000,99.483,97.472,101.114,129.465,128.857
"33100","Miami-Fort Lauderdale-Pompano Beach, FL (MSA)",18,"       Machinery manufacturing",800,Quantity Indexes for Real GDP by Metropolitan Area (2001=100.000),100.000,112.332,97.189,98.917,110.663,111.510
"33100","Miami-Fort Lauderdale-Pompano Beach, FL (MSA)",19,"       Computer and electronic product manufacturing",800,Quantity Indexes for Real GDP by Metropolitan Area (2001=100.000),100.000,90.420,93.995,111.303,134.319,160.354
"33100","Miami-Fort Lauderdale-Pompano Beach, FL (MSA)",20,"       Electrical equipment and appliance manufacturing",800,Quantity Indexes for Real GDP by Metropolitan Area (2001=100.000),100.000,106.310,100.820,86.787,86.917,87.641
"33100","Miami-Fort Lauderdale-Pompano Beach, FL (MSA)",21,"       Motor vehicle, body, trailer, and parts manufacturing",800,Quantity Indexes for Real GDP by Metropolitan Area (2001=100.000),"(D)","(D)","(D)","(D)","(D)","(D)"
"33100","Miami-Fort Lauderdale-Pompano Beach, FL (MSA)",22,"       Other transportation equipment manufacturing",800,Quantity Indexes for Real GDP by Metropolitan Area (2001=100.000),"(D)","(D)","(D)","(D)","(D)","(D)"
"33100","Miami-Fort Lauderdale-Pompano Beach, FL (MSA)",23,"       Furniture and related product manufacturing",800,Quantity Indexes for Real GDP by Metropolitan Area (2001=100.000),100.000,91.615,99.256,94.474,85.326,83.252
"33100","Miami-Fort Lauderdale-Pompano Beach, FL (MSA)",24,"       Miscellaneous manufacturing",800,Quantity Indexes for Real GDP by Metropolitan Area (2001=100.000),100.000,113.400,136.093,171.948,163.567,171.564
"33100","Miami-Fort Lauderdale-Pompano Beach, FL (MSA)",25,"     Nondurable goods",800,Quantity Indexes for Real GDP by Metropolitan Area (2001=100.000),100.000,102.568,99.924,100.824,91.237,90.946
"33100","Miami-Fort Lauderdale-Pompano Beach, FL (MSA)",26,"       Food product manufacturing",800,Quantity Indexes for Real GDP by Metropolitan Area (2001=100.000),100.000,96.304,91.444,"(D)","(D)",96.822
"33100","Miami-Fort Lauderdale-Pompano Beach, FL (MSA)",27,"       Textile and textile product mills",800,Quantity Indexes for Real GDP by Metropolitan Area (2001=100.000),100.000,94.734,"(D)",119.743,"(D)",83.353
"33100","Miami-Fort Lauderdale-Pompano Beach, FL (MSA)",28,"       Apparel manufacturing",800,Quantity Indexes for Real GDP by Metropolitan Area (2001=100.000),"(D)","(D)","(D)","(D)","(D)","(D)"
"33100","Miami-Fort Lauderdale-Pompano Beach, FL (MSA)",29,"       Paper manufacturing",800,Quantity Indexes for Real GDP by Metropolitan Area (2001=100.000),100.000,118.254,"(D)","(D)","(D)",147.869
"33100","Miami-Fort Lauderdale-Pompano Beach, FL (MSA)",30,"       Printing and related support activities",800,Quantity Indexes for Real GDP by Metropolitan Area (2001=100.000),100.000,107.171,106.804,112.369,107.568,106.029
"33100","Miami-Fort Lauderdale-Pompano Beach, FL (MSA)",31,"       Petroleum and coal products manufacturing",800,Quantity Indexes for Real GDP by Metropolitan Area (2001=100.000),"(D)","(D)","(D)","(D)","(D)","(D)"
"33100","Miami-Fort Lauderdale-Pompano Beach, FL (MSA)",32,"       Chemical manufacturing",800,Quantity Indexes for Real GDP by Metropolitan Area (2001=100.000),100.000,109.357,108.604,93.314,73.135,68.423
"33100","Miami-Fort Lauderdale-Pompano Beach, FL (MSA)",33,"       Plastics and rubber products manufacturing",800,Quantity Indexes for Real GDP by Metropolitan Area (2001=100.000),100.000,102.769,106.417,115.245,121.363,120.933
"33100","Miami-Fort Lauderdale-Pompano Beach, FL (MSA)",34,"   Wholesale trade",800,Quantity Indexes for Real GDP by Metropolitan Area (2001=100.000),100.000,103.430,108.091,113.008,117.459,119.712
"33100","Miami-Fort Lauderdale-Pompano Beach, FL (MSA)",35,"   Retail trade",800,Quantity Indexes for Real GDP by Metropolitan Area (2001=100.000),100.000,98.548,101.767,104.788,115.060,123.307
"33100","Miami-Fort Lauderdale-Pompano Beach, FL (MSA)",36,"   Transportation and warehousing, excluding Postal Service",800,Quantity Indexes for Real GDP by Metropolitan Area (2001=100.000),"(D)","(D)","(D)","(D)","(D)","(D)"
"33100","Miami-Fort Lauderdale-Pompano Beach, FL (MSA)",37,"     Air transportation",800,Quantity Indexes for Real GDP by Metropolitan Area (2001=100.000),100.000,100.673,119.201,121.204,140.136,148.154
"33100","Miami-Fort Lauderdale-Pompano Beach, FL (MSA)",38,"     Rail transportation",800,Quantity Indexes for Real GDP by Metropolitan Area (2001=100.000),"(D)","(D)","(D)","(D)","(D)","(D)"
"33100","Miami-Fort Lauderdale-Pompano Beach, FL (MSA)",39,"     Water transportation",800,Quantity Indexes for Real GDP by Metropolitan Area (2001=100.000),100.000,82.585,87.807,102.553,93.583,102.973
"33100","Miami-Fort Lauderdale-Pompano Beach, FL (MSA)",40,"     Truck transportation",800,Quantity Indexes for Real GDP by Metropolitan Area (2001=100.000),100.000,91.018,93.414,102.223,107.953,107.338
"33100","Miami-Fort Lauderdale-Pompano Beach, FL (MSA)",41,"     Transit and ground passenger transportation",800,Quantity Indexes for Real GDP by Metropolitan Area (2001=100.000),100.000,97.172,100.299,115.062,124.563,135.152
"33100","Miami-Fort Lauderdale-Pompano Beach, FL (MSA)",42,"     Pipeline transportation",800,Quantity Indexes for Real GDP by Metropolitan Area (2001=100.000),"(D)","(D)","(D)","(D)","(D)","(D)"
"33100","Miami-Fort Lauderdale-Pompano Beach, FL (MSA)",43,"     Other transportation and support activities",800,Quantity Indexes for Real GDP by Metropolitan Area (2001=100.000),"(D)","(D)","(D)","(D)","(D)","(D)"
"33100","Miami-Fort Lauderdale-Pompano Beach, FL (MSA)",44,"     Warehousing and storage",800,Quantity Indexes for Real GDP by Metropolitan Area (2001=100.000),100.000,117.031,117.756,124.768,150.353,151.132
"33100","Miami-Fort Lauderdale-Pompano Beach, FL (MSA)",45,"   Information",800,Quantity Indexes for Real GDP by Metropolitan Area (2001=100.000),100.000,107.807,104.488,124.790,139.870,144.749
"33100","Miami-Fort Lauderdale-Pompano Beach, FL (MSA)",46,"     Publishing including software",800,Quantity Indexes for Real GDP by Metropolitan Area (2001=100.000),100.000,99.029,110.230,125.528,138.428,149.741
"33100","Miami-Fort Lauderdale-Pompano Beach, FL (MSA)",47,"     Motion picture and sound recording industries",800,Quantity Indexes for Real GDP by Metropolitan Area (2001=100.000),100.000,99.259,100.003,111.595,128.385,128.403
"33100","Miami-Fort Lauderdale-Pompano Beach, FL (MSA)",48,"     Broadcasting and telecommunications",800,Quantity Indexes for Real GDP by Metropolitan Area (2001=100.000),100.000,109.392,102.559,124.533,139.875,143.956
"33100","Miami-Fort Lauderdale-Pompano Beach, FL (MSA)",49,"     Information and data processing services",800,Quantity Indexes for Real GDP by Metropolitan Area (2001=100.000),100.000,114.903,114.073,133.086,148.935,150.997
"33100","Miami-Fort Lauderdale-Pompano Beach, FL (MSA)",50,"   Finance and insurance",800,Quantity Indexes for Real GDP by Metropolitan Area (2001=100.000),100.000,105.167,109.095,111.416,119.787,129.159
"33100","Miami-Fort Lauderdale-Pompano Beach, FL (MSA)",51,"     Federal Reserve banks, credit intermediation and related services",800,Quantity Indexes for Real GDP by Metropolitan Area (2001=100.000),"(D)","(D)","(D)","(D)","(D)","(D)"
"33100","Miami-Fort Lauderdale-Pompano Beach, FL (MSA)",52,"     Securities, commodity contracts, investments",800,Quantity Indexes for Real GDP by Metropolitan Area (2001=100.000),100.000,97.600,110.841,112.670,132.730,153.826
"33100","Miami-Fort Lauderdale-Pompano Beach, FL (MSA)",53,"     Insurance carriers and related activities",800,Quantity Indexes for Real GDP by Metropolitan Area (2001=100.000),100.000,114.847,104.687,102.086,101.834,110.764
"33100","Miami-Fort Lauderdale-Pompano Beach, FL (MSA)",54,"     Funds, trusts, and other financial vehicles",800,Quantity Indexes for Real GDP by Metropolitan Area (2001=100.000),"(D)","(D)","(D)","(D)","(D)","(D)"
"33100","Miami-Fort Lauderdale-Pompano Beach, FL (MSA)",55,"   Real estate and rental and leasing",800,Quantity Indexes for Real GDP by Metropolitan Area (2001=100.000),100.000,101.971,106.169,113.421,129.844,134.590
"33100","Miami-Fort Lauderdale-Pompano Beach, FL (MSA)",56,"     Real estate",800,Quantity Indexes for Real GDP by Metropolitan Area (2001=100.000),100.000,101.515,105.870,114.814,132.974,138.577
"33100","Miami-Fort Lauderdale-Pompano Beach, FL (MSA)",57,"     Rental and leasing services and lessors of intangible assets",800,Quantity Indexes for Real GDP by Metropolitan Area (2001=100.000),100.000,108.348,110.322,93.939,86.476,79.516
"33100","Miami-Fort Lauderdale-Pompano Beach, FL (MSA)",58,"   Professional and technical services",800,Quantity Indexes for Real GDP by Metropolitan Area (2001=100.000),100.000,97.569,102.353,111.723,116.845,123.099
"33100","Miami-Fort Lauderdale-Pompano Beach, FL (MSA)",62,"   Management of companies and enterprises",800,Quantity Indexes for Real GDP by Metropolitan Area (2001=100.000),100.000,124.729,133.143,118.711,140.510,129.935
"33100","Miami-Fort Lauderdale-Pompano Beach, FL (MSA)",63,"   Administrative and waste services",800,Quantity Indexes for Real GDP by Metropolitan Area (2001=100.000),100.000,107.199,118.837,105.573,117.757,121.750
"33100","Miami-Fort Lauderdale-Pompano Beach, FL (MSA)",64,"     Administrative and support services",800,Quantity Indexes for Real GDP by Metropolitan Area (2001=100.000),100.000,107.008,118.223,105.051,117.028,120.954
"33100","Miami-Fort Lauderdale-Pompano Beach, FL (MSA)",65,"     Waste management and remediation services",800,Quantity Indexes for Real GDP by Metropolitan Area (2001=100.000),100.000,112.332,135.161,119.493,137.073,142.839
"33100","Miami-Fort Lauderdale-Pompano Beach, FL (MSA)",66,"   Educational services",800,Quantity Indexes for Real GDP by Metropolitan Area (2001=100.000),100.000,103.239,109.419,112.581,113.926,116.590
"33100","Miami-Fort Lauderdale-Pompano Beach, FL (MSA)",67,"   Health care and social assistance",800,Quantity Indexes for Real GDP by Metropolitan Area (2001=100.000),100.000,104.149,109.980,112.982,115.626,121.242
"33100","Miami-Fort Lauderdale-Pompano Beach, FL (MSA)",68,"     Ambulatory health care services",800,Quantity Indexes for Real GDP by Metropolitan Area (2001=100.000),100.000,104.304,110.626,112.650,118.172,125.725
"33100","Miami-Fort Lauderdale-Pompano Beach, FL (MSA)",69,"     Hospitals and nursing and residential care facilities",800,Quantity Indexes for Real GDP by Metropolitan Area (2001=100.000),100.000,102.690,106.744,109.827,107.049,108.025
"33100","Miami-Fort Lauderdale-Pompano Beach, FL (MSA)",70,"     Social assistance",800,Quantity Indexes for Real GDP by Metropolitan Area (2001=100.000),100.000,109.406,119.403,130.333,135.479,148.391
"33100","Miami-Fort Lauderdale-Pompano Beach, FL (MSA)",71,"   Arts, entertainment, and recreation",800,Quantity Indexes for Real GDP by Metropolitan Area (2001=100.000),100.000,96.886,98.136,103.516,105.507,111.199
"33100","Miami-Fort Lauderdale-Pompano Beach, FL (MSA)",72,"     Performing arts, museums, and related activities",800,Quantity Indexes for Real GDP by Metropolitan Area (2001=100.000),100.000,107.630,99.915,99.102,104.637,113.359
"33100","Miami-Fort Lauderdale-Pompano Beach, FL (MSA)",73,"     Amusement, gambling, and recreation",800,Quantity Indexes for Real GDP by Metropolitan Area (2001=100.000),100.000,88.331,96.795,107.257,106.277,109.388
"33100","Miami-Fort Lauderdale-Pompano Beach, FL (MSA)",74,"   Accommodation and food services",800,Quantity Indexes for Real GDP by Metropolitan Area (2001=100.000),100.000,98.098,104.075,112.318,120.269,121.053
"33100","Miami-Fort Lauderdale-Pompano Beach, FL (MSA)",75,"     Accommodation",800,Quantity Indexes for Real GDP by Metropolitan Area (2001=100.000),100.000,96.612,101.740,114.214,124.175,121.988
"33100","Miami-Fort Lauderdale-Pompano Beach, FL (MSA)",76,"     Food services and drinking places",800,Quantity Indexes for Real GDP by Metropolitan Area (2001=100.000),100.000,99.042,105.547,111.119,117.773,120.480
"33100","Miami-Fort Lauderdale-Pompano Beach, FL (MSA)",77,"   Other services, except government",800,Quantity Indexes for Real GDP by Metropolitan Area (2001=100.000),100.000,99.613,101.981,106.271,106.834,106.182
"33100","Miami-Fort Lauderdale-Pompano Beach, FL (MSA)",78," Government",800,Quantity Indexes for Real GDP by Metropolitan Area (2001=100.000),100.000,101.212,103.069,105.804,109.041,109.048
"33100","Miami-Fort Lauderdale-Pompano Beach, FL (MSA)",79,"   Federal civilian",800,Quantity Indexes for Real GDP by Metropolitan Area (2001=100.000),100.000,103.425,108.209,108.424,106.663,108.430
"33100","Miami-Fort Lauderdale-Pompano Beach, FL (MSA)",80,"   Federal military",800,Quantity Indexes for Real GDP by Metropolitan Area (2001=100.000),100.000,110.107,127.027,123.201,127.583,120.491
"33100","Miami-Fort Lauderdale-Pompano Beach, FL (MSA)",81,"   State and local",800,Quantity Indexes for Real GDP by Metropolitan Area (2001=100.000),100.000,100.576,101.468,104.854,108.942,108.876
"33100","Miami-Fort Lauderdale-Pompano Beach, FL (MSA)",99,"Natural resources and mining",800,Quantity Indexes for Real GDP by Metropolitan Area (2001=100.000),100.000,106.696,91.964,90.339,109.755,117.821
"33100","Miami-Fort Lauderdale-Pompano Beach, FL (MSA)",100,"Trade",800,Quantity Indexes for Real GDP by Metropolitan Area (2001=100.000),100.000,101.005,104.950,108.935,116.161,121.207
"33100","Miami-Fort Lauderdale-Pompano Beach, FL (MSA)",101,"Transportation and utilities",800,Quantity Indexes for Real GDP by Metropolitan Area (2001=100.000),100.000,82.494,86.116,93.677,97.476,100.762
"33100","Miami-Fort Lauderdale-Pompano Beach, FL (MSA)",102,"Financial activities",800,Quantity Indexes for Real GDP by Metropolitan Area (2001=100.000),100.000,102.887,107.009,112.853,126.973,133.037
"33100","Miami-Fort Lauderdale-Pompano Beach, FL (MSA)",103,"Professional and business services",800,Quantity Indexes for Real GDP by Metropolitan Area (2001=100.000),100.000,103.487,111.031,110.075,119.435,123.026
"33100","Miami-Fort Lauderdale-Pompano Beach, FL (MSA)",104,"Education and health services",800,Quantity Indexes for Real GDP by Metropolitan Area (2001=100.000),100.000,104.035,109.911,112.934,115.404,120.618
"33100","Miami-Fort Lauderdale-Pompano Beach, FL (MSA)",105,"Leisure and hospitality",800,Quantity Indexes for Real GDP by Metropolitan Area (2001=100.000),100.000,97.755,102.385,109.809,116.062,118.240
"33100","Miami-Fort Lauderdale-Pompano Beach, FL (MSA)",106,"Information, Communication, and Technology (ICT)",800,Quantity Indexes for Real GDP by Metropolitan Area (2001=100.000),"(D)","(D)","(D)","(D)","(D)","(D)"
"33100","Miami-Fort Lauderdale-Pompano Beach, FL (MSA)",108,"Private goods-producing industries",800,Quantity Indexes for Real GDP by Metropolitan Area (2001=100.000),100.000,103.615,104.481,111.066,117.773,118.364
"33100","Miami-Fort Lauderdale-Pompano Beach, FL (MSA)",109,"Private services-providing industries",800,Quantity Indexes for Real GDP by Metropolitan Area (2001=100.000),100.000,101.028,105.239,110.440,119.634,124.264
"FIPS","Metropolitan Area","Industry Code","Industry","Component Code","Component","2001","2002","2003","2004","2005","2006"
"33100","Miami-Fort Lauderdale-Pompano Beach, FL (MSA)",1,"Total Gross Domestic Product by Metropolitan Area",900,Real GDP by Metropolitan Area (millions of chained 2001 dollars),178806,181150,187630,196716,211532,218118
"33100","Miami-Fort Lauderdale-Pompano Beach, FL (MSA)",2," Private industries",900,Real GDP by Metropolitan Area (millions of chained 2001 dollars),160769,162895,169052,177671,191978,198628
"33100","Miami-Fort Lauderdale-Pompano Beach, FL (MSA)",3,"   Agriculture, forestry, fishing, and hunting",900,Real GDP by Metropolitan Area (millions of chained 2001 dollars),988,1059,897,878,1060,1167
"33100","Miami-Fort Lauderdale-Pompano Beach, FL (MSA)",4,"     Crop and animal production (Farms)",900,Real GDP by Metropolitan Area (millions of chained 2001 dollars),708,785,639,622,785,873
"33100","Miami-Fort Lauderdale-Pompano Beach, FL (MSA)",5,"     Forestry, fishing, and related activities",900,Real GDP by Metropolitan Area (millions of chained 2001 dollars),280,275,259,256,272,291
"33100","Miami-Fort Lauderdale-Pompano Beach, FL (MSA)",6,"   Mining",900,Real GDP by Metropolitan Area (millions of chained 2001 dollars),76,76,80,82,104,93
"33100","Miami-Fort Lauderdale-Pompano Beach, FL (MSA)",7,"     Oil and gas extraction",900,Real GDP by Metropolitan Area (millions of chained 2001 dollars),"(D)","(D)","(D)","(D)","(D)","(D)"
"33100","Miami-Fort Lauderdale-Pompano Beach, FL (MSA)",8,"     Mining, except oil and gas",900,Real GDP by Metropolitan Area (millions of chained 2001 dollars),59,"(D)","(D)","(D)","(D)","(D)"
"33100","Miami-Fort Lauderdale-Pompano Beach, FL (MSA)",9,"     Support activities for mining",900,Real GDP by Metropolitan Area (millions of chained 2001 dollars),"(D)","(D)","(D)","(D)","(D)","(D)"
"33100","Miami-Fort Lauderdale-Pompano Beach, FL (MSA)",10,"   Utilities",900,Real GDP by Metropolitan Area (millions of chained 2001 dollars),"(D)","(D)","(D)","(D)",2916,2784
"33100","Miami-Fort Lauderdale-Pompano Beach, FL (MSA)",11,"   Construction",900,Real GDP by Metropolitan Area (millions of chained 2001 dollars),9564,10002,10366,10891,11642,11201
"33100","Miami-Fort Lauderdale-Pompano Beach, FL (MSA)",12,"   Manufacturing",900,Real GDP by Metropolitan Area (millions of chained 2001 dollars),7955,8102,8011,8739,8970,9658
"33100","Miami-Fort Lauderdale-Pompano Beach, FL (MSA)",13,"     Durable goods",900,Real GDP by Metropolitan Area (millions of chained 2001 dollars),4993,5063,5053,5772,6327,7059
"33100","Miami-Fort Lauderdale-Pompano Beach, FL (MSA)",14,"       Wood product manufacturing",900,Real GDP by Metropolitan Area (millions of chained 2001 dollars),159,161,154,149,184,209
"33100","Miami-Fort Lauderdale-Pompano Beach, FL (MSA)",15,"       Nonmetallic mineral product manufacturing",900,Real GDP by Metropolitan Area (millions of chained 2001 dollars),528,557,547,609,697,948
"33100","Miami-Fort Lauderdale-Pompano Beach, FL (MSA)",16,"       Primary metal manufacturing",900,Real GDP by Metropolitan Area (millions of chained 2001 dollars),61,60,58,"(D)",52,50
"33100","Miami-Fort Lauderdale-Pompano Beach, FL (MSA)",17,"       Fabricated metal product manufacturing",900,Real GDP by Metropolitan Area (millions of chained 2001 dollars),573,570,559,580,742,739
"33100","Miami-Fort Lauderdale-Pompano Beach, FL (MSA)",18,"       Machinery manufacturing",900,Real GDP by Metropolitan Area (millions of chained 2001 dollars),338,380,328,334,374,377
"33100","Miami-Fort Lauderdale-Pompano Beach, FL (MSA)",19,"       Computer and electronic product manufacturing",900,Real GDP by Metropolitan Area (millions of chained 2001 dollars),1401,1267,1317,1560,1882,2247
"33100","Miami-Fort Lauderdale-Pompano Beach, FL (MSA)",20,"       Electrical equipment and appliance manufacturing",900,Real GDP by Metropolitan Area (millions of chained 2001 dollars),172,183,173,149,150,151
"33100","Miami-Fort Lauderdale-Pompano Beach, FL (MSA)",21,"       Motor vehicle, body, trailer, and parts manufacturing",900,Real GDP by Metropolitan Area (millions of chained 2001 dollars),"(D)","(D)","(D)","(D)","(D)","(D)"
"33100","Miami-Fort Lauderdale-Pompano Beach, FL (MSA)",22,"       Other transportation equipment manufacturing",900,Real GDP by Metropolitan Area (millions of chained 2001 dollars),"(D)","(D)","(D)","(D)","(D)","(D)"
"33100","Miami-Fort Lauderdale-Pompano Beach, FL (MSA)",23,"       Furniture and related product manufacturing",900,Real GDP by Metropolitan Area (millions of chained 2001 dollars),358,328,356,338,306,298
"33100","Miami-Fort Lauderdale-Pompano Beach, FL (MSA)",24,"       Miscellaneous manufacturing",900,Real GDP by Metropolitan Area (millions of chained 2001 dollars),742,842,1010,1276,1214,1273
"33100","Miami-Fort Lauderdale-Pompano Beach, FL (MSA)",25,"     Nondurable goods",900,Real GDP by Metropolitan Area (millions of chained 2001 dollars),2963,3039,2960,2987,2703,2694
"33100","Miami-Fort Lauderdale-Pompano Beach, FL (MSA)",26,"       Food product manufacturing",900,Real GDP by Metropolitan Area (millions of chained 2001 dollars),1064,1025,973,"(D)","(D)",1030
"33100","Miami-Fort Lauderdale-Pompano Beach, FL (MSA)",27,"       Textile and textile product mills",900,Real GDP by Metropolitan Area (millions of chained 2001 dollars),142,135,"(D)",170,"(D)",118
"33100","Miami-Fort Lauderdale-Pompano Beach, FL (MSA)",28,"       Apparel manufacturing",900,Real GDP by Metropolitan Area (millions of chained 2001 dollars),"(D)","(D)","(D)",224,176,135
"33100","Miami-Fort Lauderdale-Pompano Beach, FL (MSA)",29,"       Paper manufacturing",900,Real GDP by Metropolitan Area (millions of chained 2001 dollars),104,123,"(D)","(D)","(D)",154
"33100","Miami-Fort Lauderdale-Pompano Beach, FL (MSA)",30,"       Printing and related support activities",900,Real GDP by Metropolitan Area (millions of chained 2001 dollars),496,531,530,557,533,526
"33100","Miami-Fort Lauderdale-Pompano Beach, FL (MSA)",31,"       Petroleum and coal products manufacturing",900,Real GDP by Metropolitan Area (millions of chained 2001 dollars),"(D)","(D)","(D)",109,82,73
"33100","Miami-Fort Lauderdale-Pompano Beach, FL (MSA)",32,"       Chemical manufacturing",900,Real GDP by Metropolitan Area (millions of chained 2001 dollars),562,615,611,525,411,385
"33100","Miami-Fort Lauderdale-Pompano Beach, FL (MSA)",33,"       Plastics and rubber products manufacturing",900,Real GDP by Metropolitan Area (millions of chained 2001 dollars),258,265,275,297,313,312
"33100","Miami-Fort Lauderdale-Pompano Beach, FL (MSA)",34,"   Wholesale trade",900,Real GDP by Metropolitan Area (millions of chained 2001 dollars),14578,15078,15758,16474,17123,17452
"33100","Miami-Fort Lauderdale-Pompano Beach, FL (MSA)",35,"   Retail trade",900,Real GDP by Metropolitan Area (millions of chained 2001 dollars),14280,14073,14532,14964,16431,17608
"33100","Miami-Fort Lauderdale-Pompano Beach, FL (MSA)",36,"   Transportation and warehousing, excluding Postal Service",900,Real GDP by Metropolitan Area (millions of chained 2001 dollars),"(D)","(D)","(D)","(D)",7998,8530
"33100","Miami-Fort Lauderdale-Pompano Beach, FL (MSA)",37,"     Air transportation",900,Real GDP by Metropolitan Area (millions of chained 2001 dollars),2212,2227,2636,2681,3099,3277
"33100","Miami-Fort Lauderdale-Pompano Beach, FL (MSA)",38,"     Rail transportation",900,Real GDP by Metropolitan Area (millions of chained 2001 dollars),"(D)","(D)","(D)","(D)","(D)","(D)"
"33100","Miami-Fort Lauderdale-Pompano Beach, FL (MSA)",39,"     Water transportation",900,Real GDP by Metropolitan Area (millions of chained 2001 dollars),1141,942,1002,1170,1068,1175
"33100","Miami-Fort Lauderdale-Pompano Beach, FL (MSA)",40,"     Truck transportation",900,Real GDP by Metropolitan Area (millions of chained 2001 dollars),781,711,730,799,844,839
"33100","Miami-Fort Lauderdale-Pompano Beach, FL (MSA)",41,"     Transit and ground passenger transportation",900,Real GDP by Metropolitan Area (millions of chained 2001 dollars),202,196,203,233,252,273
"33100","Miami-Fort Lauderdale-Pompano Beach, FL (MSA)",42,"     Pipeline transportation",900,Real GDP by Metropolitan Area (millions of chained 2001 dollars),"(D)","(D)","(D)","(D)","(D)","(D)"
"33100","Miami-Fort Lauderdale-Pompano Beach, FL (MSA)",43,"     Other transportation and support activities",900,Real GDP by Metropolitan Area (millions of chained 2001 dollars),"(D)","(D)",2095,2323,2438,"(D)"
"33100","Miami-Fort Lauderdale-Pompano Beach, FL (MSA)",44,"     Warehousing and storage",900,Real GDP by Metropolitan Area (millions of chained 2001 dollars),228,267,269,285,343,345
"33100","Miami-Fort Lauderdale-Pompano Beach, FL (MSA)",45,"   Information",900,Real GDP by Metropolitan Area (millions of chained 2001 dollars),9593,10342,10024,11972,13418,13886
"33100","Miami-Fort Lauderdale-Pompano Beach, FL (MSA)",46,"     Publishing including software",900,Real GDP by Metropolitan Area (millions of chained 2001 dollars),1443,1429,1590,1811,1997,2160
"33100","Miami-Fort Lauderdale-Pompano Beach, FL (MSA)",47,"     Motion picture and sound recording industries",900,Real GDP by Metropolitan Area (millions of chained 2001 dollars),387,384,387,432,497,497
"33100","Miami-Fort Lauderdale-Pompano Beach, FL (MSA)",48,"     Broadcasting and telecommunications",900,Real GDP by Metropolitan Area (millions of chained 2001 dollars),7069,7733,7250,8803,9887,10176
"33100","Miami-Fort Lauderdale-Pompano Beach, FL (MSA)",49,"     Information and data processing services",900,Real GDP by Metropolitan Area (millions of chained 2001 dollars),695,798,793,925,1035,1049
"33100","Miami-Fort Lauderdale-Pompano Beach, FL (MSA)",50,"   Finance and insurance",900,Real GDP by Metropolitan Area (millions of chained 2001 dollars),12693,13348,13847,14142,15204,16394
"33100","Miami-Fort Lauderdale-Pompano Beach, FL (MSA)",51,"     Federal Reserve banks, credit intermediation and related services",900,Real GDP by Metropolitan Area (millions of chained 2001 dollars),"(D)","(D)","(D)","(D)","(D)","(D)"
"33100","Miami-Fort Lauderdale-Pompano Beach, FL (MSA)",52,"     Securities, commodity contracts, investments",900,Real GDP by Metropolitan Area (millions of chained 2001 dollars),2323,2268,2575,2618,3084,3574
"33100","Miami-Fort Lauderdale-Pompano Beach, FL (MSA)",53,"     Insurance carriers and related activities",900,Real GDP by Metropolitan Area (millions of chained 2001 dollars),2952,3391,3091,3014,3006,3270
"33100","Miami-Fort Lauderdale-Pompano Beach, FL (MSA)",54,"     Funds, trusts, and other financial vehicles",900,Real GDP by Metropolitan Area (millions of chained 2001 dollars),"(D)","(D)","(D)","(D)","(D)","(D)"
"33100","Miami-Fort Lauderdale-Pompano Beach, FL (MSA)",55,"   Real estate and rental and leasing",900,Real GDP by Metropolitan Area (millions of chained 2001 dollars),31559,32181,33506,35794,40977,42475
"33100","Miami-Fort Lauderdale-Pompano Beach, FL (MSA)",56,"     Real estate",900,Real GDP by Metropolitan Area (millions of chained 2001 dollars),29408,29854,31135,33765,39105,40753
"33100","Miami-Fort Lauderdale-Pompano Beach, FL (MSA)",57,"     Rental and leasing services and lessors of intangible assets",900,Real GDP by Metropolitan Area (millions of chained 2001 dollars),2151,2330,2373,2020,1860,1710
"33100","Miami-Fort Lauderdale-Pompano Beach, FL (MSA)",58,"   Professional and technical services",900,Real GDP by Metropolitan Area (millions of chained 2001 dollars),12118,11823,12403,13538,14159,14917
"33100","Miami-Fort Lauderdale-Pompano Beach, FL (MSA)",62,"   Management of companies and enterprises",900,Real GDP by Metropolitan Area (millions of chained 2001 dollars),2042,2547,2718,2424,2869,2653
"33100","Miami-Fort Lauderdale-Pompano Beach, FL (MSA)",63,"   Administrative and waste services",900,Real GDP by Metropolitan Area (millions of chained 2001 dollars),7806,8367,9276,8241,9192,9503
"33100","Miami-Fort Lauderdale-Pompano Beach, FL (MSA)",64,"     Administrative and support services",900,Real GDP by Metropolitan Area (millions of chained 2001 dollars),7529,8056,8901,7909,8811,9106
"33100","Miami-Fort Lauderdale-Pompano Beach, FL (MSA)",65,"     Waste management and remediation services",900,Real GDP by Metropolitan Area (millions of chained 2001 dollars),277,311,374,331,380,395
"33100","Miami-Fort Lauderdale-Pompano Beach, FL (MSA)",66,"   Educational services",900,Real GDP by Metropolitan Area (millions of chained 2001 dollars),1608,1660,1760,1811,1832,1875
"33100","Miami-Fort Lauderdale-Pompano Beach, FL (MSA)",67,"   Health care and social assistance",900,Real GDP by Metropolitan Area (millions of chained 2001 dollars),11444,11919,12586,12930,13232,13875
"33100","Miami-Fort Lauderdale-Pompano Beach, FL (MSA)",68,"     Ambulatory health care services",900,Real GDP by Metropolitan Area (millions of chained 2001 dollars),6948,7247,7686,7827,8210,8735
"33100","Miami-Fort Lauderdale-Pompano Beach, FL (MSA)",69,"     Hospitals and nursing and residential care facilities",900,Real GDP by Metropolitan Area (millions of chained 2001 dollars),3660,3759,3907,4020,3918,3954
"33100","Miami-Fort Lauderdale-Pompano Beach, FL (MSA)",70,"     Social assistance",900,Real GDP by Metropolitan Area (millions of chained 2001 dollars),836,914,998,1089,1132,1240
"33100","Miami-Fort Lauderdale-Pompano Beach, FL (MSA)",71,"   Arts, entertainment, and recreation",900,Real GDP by Metropolitan Area (millions of chained 2001 dollars),2353,2280,2309,2436,2483,2617
"33100","Miami-Fort Lauderdale-Pompano Beach, FL (MSA)",72,"     Performing arts, museums, and related activities",900,Real GDP by Metropolitan Area (millions of chained 2001 dollars),1042,1122,1042,1033,1091,1182
"33100","Miami-Fort Lauderdale-Pompano Beach, FL (MSA)",73,"     Amusement, gambling, and recreation",900,Real GDP by Metropolitan Area (millions of chained 2001 dollars),1311,1158,1269,1406,1393,1434
"33100","Miami-Fort Lauderdale-Pompano Beach, FL (MSA)",74,"   Accommodation and food services",900,Real GDP by Metropolitan Area (millions of chained 2001 dollars),5951,5838,6193,6684,7157,7204
"33100","Miami-Fort Lauderdale-Pompano Beach, FL (MSA)",75,"     Accommodation",900,Real GDP by Metropolitan Area (millions of chained 2001 dollars),2348,2269,2389,2682,2916,2865
"33100","Miami-Fort Lauderdale-Pompano Beach, FL (MSA)",76,"     Food services and drinking places",900,Real GDP by Metropolitan Area (millions of chained 2001 dollars),3602,3568,3802,4003,4243,4340
"33100","Miami-Fort Lauderdale-Pompano Beach, FL (MSA)",77,"   Other services, except government",900,Real GDP by Metropolitan Area (millions of chained 2001 dollars),4952,4933,5050,5263,5291,5258
"33100","Miami-Fort Lauderdale-Pompano Beach, FL (MSA)",78," Government",900,Real GDP by Metropolitan Area (millions of chained 2001 dollars),18037,18255,18590,19084,19667,19669
"33100","Miami-Fort Lauderdale-Pompano Beach, FL (MSA)",79,"   Federal civilian",900,Real GDP by Metropolitan Area (millions of chained 2001 dollars),2517,2604,2724,2729,2685,2730
"33100","Miami-Fort Lauderdale-Pompano Beach, FL (MSA)",80,"   Federal military",900,Real GDP by Metropolitan Area (millions of chained 2001 dollars),436,480,553,537,556,525
"33100","Miami-Fort Lauderdale-Pompano Beach, FL (MSA)",81,"   State and local",900,Real GDP by Metropolitan Area (millions of chained 2001 dollars),15084,15171,15305,15816,16433,16422
"33100","Miami-Fort Lauderdale-Pompano Beach, FL (MSA)",99,"Natural resources and mining",900,Real GDP by Metropolitan Area (millions of chained 2001 dollars),1064,1135,978,961,1168,1254
"33100","Miami-Fort Lauderdale-Pompano Beach, FL (MSA)",100,"Trade",900,Real GDP by Metropolitan Area (millions of chained 2001 dollars),28858,29148,30286,31437,33522,34978
"33100","Miami-Fort Lauderdale-Pompano Beach, FL (MSA)",101,"Transportation and utilities",900,Real GDP by Metropolitan Area (millions of chained 2001 dollars),11209,9247,9652,10500,10926,11294
"33100","Miami-Fort Lauderdale-Pompano Beach, FL (MSA)",102,"Financial activities",900,Real GDP by Metropolitan Area (millions of chained 2001 dollars),44252,45529,47353,49939,56188,58871
"33100","Miami-Fort Lauderdale-Pompano Beach, FL (MSA)",103,"Professional and business services",900,Real GDP by Metropolitan Area (millions of chained 2001 dollars),21965,22731,24388,24178,26234,27023
"33100","Miami-Fort Lauderdale-Pompano Beach, FL (MSA)",104,"Education and health services",900,Real GDP by Metropolitan Area (millions of chained 2001 dollars),13052,13579,14346,14741,15063,15743
"33100","Miami-Fort Lauderdale-Pompano Beach, FL (MSA)",105,"Leisure and hospitality",900,Real GDP by Metropolitan Area (millions of chained 2001 dollars),8304,8118,8502,9119,9638,9819
"33100","Miami-Fort Lauderdale-Pompano Beach, FL (MSA)",106,"Information, Communication, and Technology (ICT)",900,Real GDP by Metropolitan Area (millions of chained 2001 dollars),"(D)","(D)","(D)","(D)","(D)","(D)"
"33100","Miami-Fort Lauderdale-Pompano Beach, FL (MSA)",108,"Private goods-producing industries",900,Real GDP by Metropolitan Area (millions of chained 2001 dollars),18304,18965,19124,20329,21557,21665
"33100","Miami-Fort Lauderdale-Pompano Beach, FL (MSA)",109,"Private services-providing industries",900,Real GDP by Metropolitan Area (millions of chained 2001 dollars),142466,143930,149929,157339,170438,177034
"FIPS","Metropolitan Area","Industry Code","Industry","Component Code","Component","2001","2002","2003","2004","2005","2006"
"33100","Miami-Fort Lauderdale-Pompano Beach, FL (MSA)",1,"Total Gross Domestic Product by Metropolitan Area",1000,Per capita real GDP by Metropolitan Area (chained 2001 dollars),34984,34869,35722,36964,39272,40277
"33100","Miami-Fort Lauderdale-Pompano Beach, FL (MSA)",2," Private industries",1000,Per capita real GDP by Metropolitan Area (chained 2001 dollars),"n/a","n/a","n/a","n/a","n/a","n/a"
"33100","Miami-Fort Lauderdale-Pompano Beach, FL (MSA)",3,"   Agriculture, forestry, fishing, and hunting",1000,Per capita real GDP by Metropolitan Area (chained 2001 dollars),"n/a","n/a","n/a","n/a","n/a","n/a"
"33100","Miami-Fort Lauderdale-Pompano Beach, FL (MSA)",4,"     Crop and animal production (Farms)",1000,Per capita real GDP by Metropolitan Area (chained 2001 dollars),"n/a","n/a","n/a","n/a","n/a","n/a"
"33100","Miami-Fort Lauderdale-Pompano Beach, FL (MSA)",5,"     Forestry, fishing, and related activities",1000,Per capita real GDP by Metropolitan Area (chained 2001 dollars),"n/a","n/a","n/a","n/a","n/a","n/a"
"33100","Miami-Fort Lauderdale-Pompano Beach, FL (MSA)",6,"   Mining",1000,Per capita real GDP by Metropolitan Area (chained 2001 dollars),"n/a","n/a","n/a","n/a","n/a","n/a"
"33100","Miami-Fort Lauderdale-Pompano Beach, FL (MSA)",7,"     Oil and gas extraction",1000,Per capita real GDP by Metropolitan Area (chained 2001 dollars),"n/a","n/a","n/a","n/a","n/a","n/a"
"33100","Miami-Fort Lauderdale-Pompano Beach, FL (MSA)",8,"     Mining, except oil and gas",1000,Per capita real GDP by Metropolitan Area (chained 2001 dollars),"n/a","n/a","n/a","n/a","n/a","n/a"
"33100","Miami-Fort Lauderdale-Pompano Beach, FL (MSA)",9,"     Support activities for mining",1000,Per capita real GDP by Metropolitan Area (chained 2001 dollars),"n/a","n/a","n/a","n/a","n/a","n/a"
"33100","Miami-Fort Lauderdale-Pompano Beach, FL (MSA)",10,"   Utilities",1000,Per capita real GDP by Metropolitan Area (chained 2001 dollars),"n/a","n/a","n/a","n/a","n/a","n/a"
"33100","Miami-Fort Lauderdale-Pompano Beach, FL (MSA)",11,"   Construction",1000,Per capita real GDP by Metropolitan Area (chained 2001 dollars),"n/a","n/a","n/a","n/a","n/a","n/a"
"33100","Miami-Fort Lauderdale-Pompano Beach, FL (MSA)",12,"   Manufacturing",1000,Per capita real GDP by Metropolitan Area (chained 2001 dollars),"n/a","n/a","n/a","n/a","n/a","n/a"
"33100","Miami-Fort Lauderdale-Pompano Beach, FL (MSA)",13,"     Durable goods",1000,Per capita real GDP by Metropolitan Area (chained 2001 dollars),"n/a","n/a","n/a","n/a","n/a","n/a"
"33100","Miami-Fort Lauderdale-Pompano Beach, FL (MSA)",14,"       Wood product manufacturing",1000,Per capita real GDP by Metropolitan Area (chained 2001 dollars),"n/a","n/a","n/a","n/a","n/a","n/a"
"33100","Miami-Fort Lauderdale-Pompano Beach, FL (MSA)",15,"       Nonmetallic mineral product manufacturing",1000,Per capita real GDP by Metropolitan Area (chained 2001 dollars),"n/a","n/a","n/a","n/a","n/a","n/a"
"33100","Miami-Fort Lauderdale-Pompano Beach, FL (MSA)",16,"       Primary metal manufacturing",1000,Per capita real GDP by Metropolitan Area (chained 2001 dollars),"n/a","n/a","n/a","n/a","n/a","n/a"
"33100","Miami-Fort Lauderdale-Pompano Beach, FL (MSA)",17,"       Fabricated metal product manufacturing",1000,Per capita real GDP by Metropolitan Area (chained 2001 dollars),"n/a","n/a","n/a","n/a","n/a","n/a"
"33100","Miami-Fort Lauderdale-Pompano Beach, FL (MSA)",18,"       Machinery manufacturing",1000,Per capita real GDP by Metropolitan Area (chained 2001 dollars),"n/a","n/a","n/a","n/a","n/a","n/a"
"33100","Miami-Fort Lauderdale-Pompano Beach, FL (MSA)",19,"       Computer and electronic product manufacturing",1000,Per capita real GDP by Metropolitan Area (chained 2001 dollars),"n/a","n/a","n/a","n/a","n/a","n/a"
"33100","Miami-Fort Lauderdale-Pompano Beach, FL (MSA)",20,"       Electrical equipment and appliance manufacturing",1000,Per capita real GDP by Metropolitan Area (chained 2001 dollars),"n/a","n/a","n/a","n/a","n/a","n/a"
"33100","Miami-Fort Lauderdale-Pompano Beach, FL (MSA)",21,"       Motor vehicle, body, trailer, and parts manufacturing",1000,Per capita real GDP by Metropolitan Area (chained 2001 dollars),"n/a","n/a","n/a","n/a","n/a","n/a"
"33100","Miami-Fort Lauderdale-Pompano Beach, FL (MSA)",22,"       Other transportation equipment manufacturing",1000,Per capita real GDP by Metropolitan Area (chained 2001 dollars),"n/a","n/a","n/a","n/a","n/a","n/a"
"33100","Miami-Fort Lauderdale-Pompano Beach, FL (MSA)",23,"       Furniture and related product manufacturing",1000,Per capita real GDP by Metropolitan Area (chained 2001 dollars),"n/a","n/a","n/a","n/a","n/a","n/a"
"33100","Miami-Fort Lauderdale-Pompano Beach, FL (MSA)",24,"       Miscellaneous manufacturing",1000,Per capita real GDP by Metropolitan Area (chained 2001 dollars),"n/a","n/a","n/a","n/a","n/a","n/a"
"33100","Miami-Fort Lauderdale-Pompano Beach, FL (MSA)",25,"     Nondurable goods",1000,Per capita real GDP by Metropolitan Area (chained 2001 dollars),"n/a","n/a","n/a","n/a","n/a","n/a"
"33100","Miami-Fort Lauderdale-Pompano Beach, FL (MSA)",26,"       Food product manufacturing",1000,Per capita real GDP by Metropolitan Area (chained 2001 dollars),"n/a","n/a","n/a","n/a","n/a","n/a"
"33100","Miami-Fort Lauderdale-Pompano Beach, FL (MSA)",27,"       Textile and textile product mills",1000,Per capita real GDP by Metropolitan Area (chained 2001 dollars),"n/a","n/a","n/a","n/a","n/a","n/a"
"33100","Miami-Fort Lauderdale-Pompano Beach, FL (MSA)",28,"       Apparel manufacturing",1000,Per capita real GDP by Metropolitan Area (chained 2001 dollars),"n/a","n/a","n/a","n/a","n/a","n/a"
"33100","Miami-Fort Lauderdale-Pompano Beach, FL (MSA)",29,"       Paper manufacturing",1000,Per capita real GDP by Metropolitan Area (chained 2001 dollars),"n/a","n/a","n/a","n/a","n/a","n/a"
"33100","Miami-Fort Lauderdale-Pompano Beach, FL (MSA)",30,"       Printing and related support activities",1000,Per capita real GDP by Metropolitan Area (chained 2001 dollars),"n/a","n/a","n/a","n/a","n/a","n/a"
"33100","Miami-Fort Lauderdale-Pompano Beach, FL (MSA)",31,"       Petroleum and coal products manufacturing",1000,Per capita real GDP by Metropolitan Area (chained 2001 dollars),"n/a","n/a","n/a","n/a","n/a","n/a"
"33100","Miami-Fort Lauderdale-Pompano Beach, FL (MSA)",32,"       Chemical manufacturing",1000,Per capita real GDP by Metropolitan Area (chained 2001 dollars),"n/a","n/a","n/a","n/a","n/a","n/a"
"33100","Miami-Fort Lauderdale-Pompano Beach, FL (MSA)",33,"       Plastics and rubber products manufacturing",1000,Per capita real GDP by Metropolitan Area (chained 2001 dollars),"n/a","n/a","n/a","n/a","n/a","n/a"
"33100","Miami-Fort Lauderdale-Pompano Beach, FL (MSA)",34,"   Wholesale trade",1000,Per capita real GDP by Metropolitan Area (chained 2001 dollars),"n/a","n/a","n/a","n/a","n/a","n/a"
"33100","Miami-Fort Lauderdale-Pompano Beach, FL (MSA)",35,"   Retail trade",1000,Per capita real GDP by Metropolitan Area (chained 2001 dollars),"n/a","n/a","n/a","n/a","n/a","n/a"
"33100","Miami-Fort Lauderdale-Pompano Beach, FL (MSA)",36,"   Transportation and warehousing, excluding Postal Service",1000,Per capita real GDP by Metropolitan Area (chained 2001 dollars),"n/a","n/a","n/a","n/a","n/a","n/a"
"33100","Miami-Fort Lauderdale-Pompano Beach, FL (MSA)",37,"     Air transportation",1000,Per capita real GDP by Metropolitan Area (chained 2001 dollars),"n/a","n/a","n/a","n/a","n/a","n/a"
"33100","Miami-Fort Lauderdale-Pompano Beach, FL (MSA)",38,"     Rail transportation",1000,Per capita real GDP by Metropolitan Area (chained 2001 dollars),"n/a","n/a","n/a","n/a","n/a","n/a"
"33100","Miami-Fort Lauderdale-Pompano Beach, FL (MSA)",39,"     Water transportation",1000,Per capita real GDP by Metropolitan Area (chained 2001 dollars),"n/a","n/a","n/a","n/a","n/a","n/a"
"33100","Miami-Fort Lauderdale-Pompano Beach, FL (MSA)",40,"     Truck transportation",1000,Per capita real GDP by Metropolitan Area (chained 2001 dollars),"n/a","n/a","n/a","n/a","n/a","n/a"
"33100","Miami-Fort Lauderdale-Pompano Beach, FL (MSA)",41,"     Transit and ground passenger transportation",1000,Per capita real GDP by Metropolitan Area (chained 2001 dollars),"n/a","n/a","n/a","n/a","n/a","n/a"
"33100","Miami-Fort Lauderdale-Pompano Beach, FL (MSA)",42,"     Pipeline transportation",1000,Per capita real GDP by Metropolitan Area (chained 2001 dollars),"n/a","n/a","n/a","n/a","n/a","n/a"
"33100","Miami-Fort Lauderdale-Pompano Beach, FL (MSA)",43,"     Other transportation and support activities",1000,Per capita real GDP by Metropolitan Area (chained 2001 dollars),"n/a","n/a","n/a","n/a","n/a","n/a"
"33100","Miami-Fort Lauderdale-Pompano Beach, FL (MSA)",44,"     Warehousing and storage",1000,Per capita real GDP by Metropolitan Area (chained 2001 dollars),"n/a","n/a","n/a","n/a","n/a","n/a"
"33100","Miami-Fort Lauderdale-Pompano Beach, FL (MSA)",45,"   Information",1000,Per capita real GDP by Metropolitan Area (chained 2001 dollars),"n/a","n/a","n/a","n/a","n/a","n/a"
"33100","Miami-Fort Lauderdale-Pompano Beach, FL (MSA)",46,"     Publishing including software",1000,Per capita real GDP by Metropolitan Area (chained 2001 dollars),"n/a","n/a","n/a","n/a","n/a","n/a"
"33100","Miami-Fort Lauderdale-Pompano Beach, FL (MSA)",47,"     Motion picture and sound recording industries",1000,Per capita real GDP by Metropolitan Area (chained 2001 dollars),"n/a","n/a","n/a","n/a","n/a","n/a"
"33100","Miami-Fort Lauderdale-Pompano Beach, FL (MSA)",48,"     Broadcasting and telecommunications",1000,Per capita real GDP by Metropolitan Area (chained 2001 dollars),"n/a","n/a","n/a","n/a","n/a","n/a"
"33100","Miami-Fort Lauderdale-Pompano Beach, FL (MSA)",49,"     Information and data processing services",1000,Per capita real GDP by Metropolitan Area (chained 2001 dollars),"n/a","n/a","n/a","n/a","n/a","n/a"
"33100","Miami-Fort Lauderdale-Pompano Beach, FL (MSA)",50,"   Finance and insurance",1000,Per capita real GDP by Metropolitan Area (chained 2001 dollars),"n/a","n/a","n/a","n/a","n/a","n/a"
"33100","Miami-Fort Lauderdale-Pompano Beach, FL (MSA)",51,"     Federal Reserve banks, credit intermediation and related services",1000,Per capita real GDP by Metropolitan Area (chained 2001 dollars),"n/a","n/a","n/a","n/a","n/a","n/a"
"33100","Miami-Fort Lauderdale-Pompano Beach, FL (MSA)",52,"     Securities, commodity contracts, investments",1000,Per capita real GDP by Metropolitan Area (chained 2001 dollars),"n/a","n/a","n/a","n/a","n/a","n/a"
"33100","Miami-Fort Lauderdale-Pompano Beach, FL (MSA)",53,"     Insurance carriers and related activities",1000,Per capita real GDP by Metropolitan Area (chained 2001 dollars),"n/a","n/a","n/a","n/a","n/a","n/a"
"33100","Miami-Fort Lauderdale-Pompano Beach, FL (MSA)",54,"     Funds, trusts, and other financial vehicles",1000,Per capita real GDP by Metropolitan Area (chained 2001 dollars),"n/a","n/a","n/a","n/a","n/a","n/a"
"33100","Miami-Fort Lauderdale-Pompano Beach, FL (MSA)",55,"   Real estate and rental and leasing",1000,Per capita real GDP by Metropolitan Area (chained 2001 dollars),"n/a","n/a","n/a","n/a","n/a","n/a"
"33100","Miami-Fort Lauderdale-Pompano Beach, FL (MSA)",56,"     Real estate",1000,Per capita real GDP by Metropolitan Area (chained 2001 dollars),"n/a","n/a","n/a","n/a","n/a","n/a"
"33100","Miami-Fort Lauderdale-Pompano Beach, FL (MSA)",57,"     Rental and leasing services and lessors of intangible assets",1000,Per capita real GDP by Metropolitan Area (chained 2001 dollars),"n/a","n/a","n/a","n/a","n/a","n/a"
"33100","Miami-Fort Lauderdale-Pompano Beach, FL (MSA)",58,"   Professional and technical services",1000,Per capita real GDP by Metropolitan Area (chained 2001 dollars),"n/a","n/a","n/a","n/a","n/a","n/a"
"33100","Miami-Fort Lauderdale-Pompano Beach, FL (MSA)",62,"   Management of companies and enterprises",1000,Per capita real GDP by Metropolitan Area (chained 2001 dollars),"n/a","n/a","n/a","n/a","n/a","n/a"
"33100","Miami-Fort Lauderdale-Pompano Beach, FL (MSA)",63,"   Administrative and waste services",1000,Per capita real GDP by Metropolitan Area (chained 2001 dollars),"n/a","n/a","n/a","n/a","n/a","n/a"
"33100","Miami-Fort Lauderdale-Pompano Beach, FL (MSA)",64,"     Administrative and support services",1000,Per capita real GDP by Metropolitan Area (chained 2001 dollars),"n/a","n/a","n/a","n/a","n/a","n/a"
"33100","Miami-Fort Lauderdale-Pompano Beach, FL (MSA)",65,"     Waste management and remediation services",1000,Per capita real GDP by Metropolitan Area (chained 2001 dollars),"n/a","n/a","n/a","n/a","n/a","n/a"
"33100","Miami-Fort Lauderdale-Pompano Beach, FL (MSA)",66,"   Educational services",1000,Per capita real GDP by Metropolitan Area (chained 2001 dollars),"n/a","n/a","n/a","n/a","n/a","n/a"
"33100","Miami-Fort Lauderdale-Pompano Beach, FL (MSA)",67,"   Health care and social assistance",1000,Per capita real GDP by Metropolitan Area (chained 2001 dollars),"n/a","n/a","n/a","n/a","n/a","n/a"
"33100","Miami-Fort Lauderdale-Pompano Beach, FL (MSA)",68,"     Ambulatory health care services",1000,Per capita real GDP by Metropolitan Area (chained 2001 dollars),"n/a","n/a","n/a","n/a","n/a","n/a"
"33100","Miami-Fort Lauderdale-Pompano Beach, FL (MSA)",69,"     Hospitals and nursing and residential care facilities",1000,Per capita real GDP by Metropolitan Area (chained 2001 dollars),"n/a","n/a","n/a","n/a","n/a","n/a"
"33100","Miami-Fort Lauderdale-Pompano Beach, FL (MSA)",70,"     Social assistance",1000,Per capita real GDP by Metropolitan Area (chained 2001 dollars),"n/a","n/a","n/a","n/a","n/a","n/a"
"33100","Miami-Fort Lauderdale-Pompano Beach, FL (MSA)",71,"   Arts, entertainment, and recreation",1000,Per capita real GDP by Metropolitan Area (chained 2001 dollars),"n/a","n/a","n/a","n/a","n/a","n/a"
"33100","Miami-Fort Lauderdale-Pompano Beach, FL (MSA)",72,"     Performing arts, museums, and related activities",1000,Per capita real GDP by Metropolitan Area (chained 2001 dollars),"n/a","n/a","n/a","n/a","n/a","n/a"
"33100","Miami-Fort Lauderdale-Pompano Beach, FL (MSA)",73,"     Amusement, gambling, and recreation",1000,Per capita real GDP by Metropolitan Area (chained 2001 dollars),"n/a","n/a","n/a","n/a","n/a","n/a"
"33100","Miami-Fort Lauderdale-Pompano Beach, FL (MSA)",74,"   Accommodation and food services",1000,Per capita real GDP by Metropolitan Area (chained 2001 dollars),"n/a","n/a","n/a","n/a","n/a","n/a"
"33100","Miami-Fort Lauderdale-Pompano Beach, FL (MSA)",75,"     Accommodation",1000,Per capita real GDP by Metropolitan Area (chained 2001 dollars),"n/a","n/a","n/a","n/a","n/a","n/a"
"33100","Miami-Fort Lauderdale-Pompano Beach, FL (MSA)",76,"     Food services and drinking places",1000,Per capita real GDP by Metropolitan Area (chained 2001 dollars),"n/a","n/a","n/a","n/a","n/a","n/a"
"33100","Miami-Fort Lauderdale-Pompano Beach, FL (MSA)",77,"   Other services, except government",1000,Per capita real GDP by Metropolitan Area (chained 2001 dollars),"n/a","n/a","n/a","n/a","n/a","n/a"
"33100","Miami-Fort Lauderdale-Pompano Beach, FL (MSA)",78," Government",1000,Per capita real GDP by Metropolitan Area (chained 2001 dollars),"n/a","n/a","n/a","n/a","n/a","n/a"
"33100","Miami-Fort Lauderdale-Pompano Beach, FL (MSA)",79,"   Federal civilian",1000,Per capita real GDP by Metropolitan Area (chained 2001 dollars),"n/a","n/a","n/a","n/a","n/a","n/a"
"33100","Miami-Fort Lauderdale-Pompano Beach, FL (MSA)",80,"   Federal military",1000,Per capita real GDP by Metropolitan Area (chained 2001 dollars),"n/a","n/a","n/a","n/a","n/a","n/a"
"33100","Miami-Fort Lauderdale-Pompano Beach, FL (MSA)",81,"   State and local",1000,Per capita real GDP by Metropolitan Area (chained 2001 dollars),"n/a","n/a","n/a","n/a","n/a","n/a"
"33100","Miami-Fort Lauderdale-Pompano Beach, FL (MSA)",99,"Natural resources and mining",1000,Per capita real GDP by Metropolitan Area (chained 2001 dollars),"n/a","n/a","n/a","n/a","n/a","n/a"
"33100","Miami-Fort Lauderdale-Pompano Beach, FL (MSA)",100,"Trade",1000,Per capita real GDP by Metropolitan Area (chained 2001 dollars),"n/a","n/a","n/a","n/a","n/a","n/a"
"33100","Miami-Fort Lauderdale-Pompano Beach, FL (MSA)",101,"Transportation and utilities",1000,Per capita real GDP by Metropolitan Area (chained 2001 dollars),"n/a","n/a","n/a","n/a","n/a","n/a"
"33100","Miami-Fort Lauderdale-Pompano Beach, FL (MSA)",102,"Financial activities",1000,Per capita real GDP by Metropolitan Area (chained 2001 dollars),"n/a","n/a","n/a","n/a","n/a","n/a"
"33100","Miami-Fort Lauderdale-Pompano Beach, FL (MSA)",103,"Professional and business services",1000,Per capita real GDP by Metropolitan Area (chained 2001 dollars),"n/a","n/a","n/a","n/a","n/a","n/a"
"33100","Miami-Fort Lauderdale-Pompano Beach, FL (MSA)",104,"Education and health services",1000,Per capita real GDP by Metropolitan Area (chained 2001 dollars),"n/a","n/a","n/a","n/a","n/a","n/a"
"33100","Miami-Fort Lauderdale-Pompano Beach, FL (MSA)",105,"Leisure and hospitality",1000,Per capita real GDP by Metropolitan Area (chained 2001 dollars),"n/a","n/a","n/a","n/a","n/a","n/a"
"33100","Miami-Fort Lauderdale-Pompano Beach, FL (MSA)",106,"Information, Communication, and Technology (ICT)",1000,Per capita real GDP by Metropolitan Area (chained 2001 dollars),"n/a","n/a","n/a","n/a","n/a","n/a"
"33100","Miami-Fort Lauderdale-Pompano Beach, FL (MSA)",108,"Private goods-producing industries",1000,Per capita real GDP by Metropolitan Area (chained 2001 dollars),"n/a","n/a","n/a","n/a","n/a","n/a"
"33100","Miami-Fort Lauderdale-Pompano Beach, FL (MSA)",109,"Private services-providing industries",1000,Per capita real GDP by Metropolitan Area (chained 2001 dollars),"n/a","n/a","n/a","n/a","n/a","n/a"
Source: Bureau of Economic Analysis, U.S. Department of Commerce
