"FIPS","Metropolitan Area","Industry Code","Industry","Component Code","Component","2001","2002","2003","2004","2005","2006"
"36140","Ocean City, NJ (MSA)",1,"Total Gross Domestic Product by Metropolitan Area",200,GDP by Metropolitan Area (millions of current dollars),2791,3124,3410,3738,3953,3957
"36140","Ocean City, NJ (MSA)",2," Private industries",200,GDP by Metropolitan Area (millions of current dollars),2328,2610,2867,3168,3356,3337
"36140","Ocean City, NJ (MSA)",3,"   Agriculture, forestry, fishing, and hunting",200,GDP by Metropolitan Area (millions of current dollars),"(D)","(D)",29,31,29,"(D)"
"36140","Ocean City, NJ (MSA)",4,"     Crop and animal production (Farms)",200,GDP by Metropolitan Area (millions of current dollars),8,9,9,9,8,9
"36140","Ocean City, NJ (MSA)",5,"     Forestry, fishing, and related activities",200,GDP by Metropolitan Area (millions of current dollars),"(D)","(D)",20,22,20,"(D)"
"36140","Ocean City, NJ (MSA)",6,"   Mining",200,GDP by Metropolitan Area (millions of current dollars),"(D)","(D)",3,4,4,"(D)"
"36140","Ocean City, NJ (MSA)",7,"     Oil and gas extraction",200,GDP by Metropolitan Area (millions of current dollars),0,0,0,0,0,0
"36140","Ocean City, NJ (MSA)",8,"     Mining, except oil and gas",200,GDP by Metropolitan Area (millions of current dollars),"(D)","(D)","(D)","(D)","(D)","(D)"
"36140","Ocean City, NJ (MSA)",9,"     Support activities for mining",200,GDP by Metropolitan Area (millions of current dollars),0,0,"(D)","(D)","(D)",0
"36140","Ocean City, NJ (MSA)",10,"   Utilities",200,GDP by Metropolitan Area (millions of current dollars),"(D)","(D)","(D)","(D)","(D)","(D)"
"36140","Ocean City, NJ (MSA)",11,"   Construction",200,GDP by Metropolitan Area (millions of current dollars),177,190,213,252,317,315
"36140","Ocean City, NJ (MSA)",12,"   Manufacturing",200,GDP by Metropolitan Area (millions of current dollars),54,55,57,57,50,48
"36140","Ocean City, NJ (MSA)",13,"     Durable goods",200,GDP by Metropolitan Area (millions of current dollars),14,15,17,19,19,19
"36140","Ocean City, NJ (MSA)",14,"       Wood product manufacturing",200,GDP by Metropolitan Area (millions of current dollars),"(D)","(D)","(D)","(D)","(D)","(D)"
"36140","Ocean City, NJ (MSA)",15,"       Nonmetallic mineral product manufacturing",200,GDP by Metropolitan Area (millions of current dollars),"(D)","(D)","(D)","(D)","(D)","(D)"
"36140","Ocean City, NJ (MSA)",16,"       Primary metal manufacturing",200,GDP by Metropolitan Area (millions of current dollars),"(D)","(D)","(D)","(D)","(D)","(D)"
"36140","Ocean City, NJ (MSA)",17,"       Fabricated metal product manufacturing",200,GDP by Metropolitan Area (millions of current dollars),2,2,2,3,4,4
"36140","Ocean City, NJ (MSA)",18,"       Machinery manufacturing",200,GDP by Metropolitan Area (millions of current dollars),"(D)","(D)","(D)","(D)","(D)","(D)"
"36140","Ocean City, NJ (MSA)",19,"       Computer and electronic product manufacturing",200,GDP by Metropolitan Area (millions of current dollars),"(D)","(D)",2,"(D)","(D)","(D)"
"36140","Ocean City, NJ (MSA)",20,"       Electrical equipment and appliance manufacturing",200,GDP by Metropolitan Area (millions of current dollars),"(D)","(D)","(L)","(L)","(L)","(L)"
"36140","Ocean City, NJ (MSA)",21,"       Motor vehicle, body, trailer, and parts manufacturing",200,GDP by Metropolitan Area (millions of current dollars),"(L)",0,0,0,0,0
"36140","Ocean City, NJ (MSA)",22,"       Other transportation equipment manufacturing",200,GDP by Metropolitan Area (millions of current dollars),"(D)","(D)","(D)","(D)","(D)","(D)"
"36140","Ocean City, NJ (MSA)",23,"       Furniture and related product manufacturing",200,GDP by Metropolitan Area (millions of current dollars),"(D)","(D)","(D)",1,1,2
"36140","Ocean City, NJ (MSA)",24,"       Miscellaneous manufacturing",200,GDP by Metropolitan Area (millions of current dollars),4,4,5,4,2,2
"36140","Ocean City, NJ (MSA)",25,"     Nondurable goods",200,GDP by Metropolitan Area (millions of current dollars),40,39,40,39,31,29
"36140","Ocean City, NJ (MSA)",26,"       Food product manufacturing",200,GDP by Metropolitan Area (millions of current dollars),"(D)","(D)","(D)","(D)","(D)",22
"36140","Ocean City, NJ (MSA)",27,"       Textile and textile product mills",200,GDP by Metropolitan Area (millions of current dollars),1,1,1,"(D)",1,1
"36140","Ocean City, NJ (MSA)",28,"       Apparel manufacturing",200,GDP by Metropolitan Area (millions of current dollars),"(D)","(D)","(D)","(D)","(D)","(D)"
"36140","Ocean City, NJ (MSA)",29,"       Paper manufacturing",200,GDP by Metropolitan Area (millions of current dollars),0,0,0,0,0,0
"36140","Ocean City, NJ (MSA)",30,"       Printing and related support activities",200,GDP by Metropolitan Area (millions of current dollars),4,3,4,3,2,"(D)"
"36140","Ocean City, NJ (MSA)",31,"       Petroleum and coal products manufacturing",200,GDP by Metropolitan Area (millions of current dollars),"(D)","(D)","(D)","(D)","(D)","(D)"
"36140","Ocean City, NJ (MSA)",32,"       Chemical manufacturing",200,GDP by Metropolitan Area (millions of current dollars),"(D)","(D)","(D)","(D)","(D)","(D)"
"36140","Ocean City, NJ (MSA)",33,"       Plastics and rubber products manufacturing",200,GDP by Metropolitan Area (millions of current dollars),"(D)",2,2,2,2,2
"36140","Ocean City, NJ (MSA)",34,"   Wholesale trade",200,GDP by Metropolitan Area (millions of current dollars),"(D)","(D)",46,51,52,55
"36140","Ocean City, NJ (MSA)",35,"   Retail trade",200,GDP by Metropolitan Area (millions of current dollars),266,284,296,318,339,348
"36140","Ocean City, NJ (MSA)",36,"   Transportation and warehousing, excluding Postal Service",200,GDP by Metropolitan Area (millions of current dollars),24,24,"(D)","(D)","(D)","(D)"
"36140","Ocean City, NJ (MSA)",37,"     Air transportation",200,GDP by Metropolitan Area (millions of current dollars),"(L)","(L)","(L)","(L)","(L)","(D)"
"36140","Ocean City, NJ (MSA)",38,"     Rail transportation",200,GDP by Metropolitan Area (millions of current dollars),0,0,0,0,0,0
"36140","Ocean City, NJ (MSA)",39,"     Water transportation",200,GDP by Metropolitan Area (millions of current dollars),2,"(L)",2,4,2,2
"36140","Ocean City, NJ (MSA)",40,"     Truck transportation",200,GDP by Metropolitan Area (millions of current dollars),7,8,5,9,9,8
"36140","Ocean City, NJ (MSA)",41,"     Transit and ground passenger transportation",200,GDP by Metropolitan Area (millions of current dollars),4,4,4,4,4,3
"36140","Ocean City, NJ (MSA)",42,"     Pipeline transportation",200,GDP by Metropolitan Area (millions of current dollars),"(D)","(D)","(D)",0,0,0
"36140","Ocean City, NJ (MSA)",43,"     Other transportation and support activities",200,GDP by Metropolitan Area (millions of current dollars),10,11,9,"(D)","(D)","(D)"
"36140","Ocean City, NJ (MSA)",44,"     Warehousing and storage",200,GDP by Metropolitan Area (millions of current dollars),"(D)","(D)","(D)","(D)","(D)","(D)"
"36140","Ocean City, NJ (MSA)",45,"   Information",200,GDP by Metropolitan Area (millions of current dollars),50,50,54,55,59,61
"36140","Ocean City, NJ (MSA)",46,"     Publishing including software",200,GDP by Metropolitan Area (millions of current dollars),"(D)","(D)","(D)","(D)","(D)","(D)"
"36140","Ocean City, NJ (MSA)",47,"     Motion picture and sound recording industries",200,GDP by Metropolitan Area (millions of current dollars),1,1,1,2,"(L)",1
"36140","Ocean City, NJ (MSA)",48,"     Broadcasting and telecommunications",200,GDP by Metropolitan Area (millions of current dollars),"(D)","(D)","(D)","(D)","(D)","(D)"
"36140","Ocean City, NJ (MSA)",49,"     Information and data processing services",200,GDP by Metropolitan Area (millions of current dollars),"(D)","(D)","(D)","(D)","(D)","(D)"
"36140","Ocean City, NJ (MSA)",50,"   Finance and insurance",200,GDP by Metropolitan Area (millions of current dollars),100,118,117,123,137,147
"36140","Ocean City, NJ (MSA)",51,"     Federal Reserve banks, credit intermediation and related services",200,GDP by Metropolitan Area (millions of current dollars),54,70,65,73,85,94
"36140","Ocean City, NJ (MSA)",52,"     Securities, commodity contracts, investments",200,GDP by Metropolitan Area (millions of current dollars),15,3,5,5,6,7
"36140","Ocean City, NJ (MSA)",53,"     Insurance carriers and related activities",200,GDP by Metropolitan Area (millions of current dollars),32,45,47,45,46,46
"36140","Ocean City, NJ (MSA)",54,"     Funds, trusts, and other financial vehicles",200,GDP by Metropolitan Area (millions of current dollars),0,0,0,0,0,0
"36140","Ocean City, NJ (MSA)",55,"   Real estate and rental and leasing",200,GDP by Metropolitan Area (millions of current dollars),764,943,1116,1273,1327,1259
"36140","Ocean City, NJ (MSA)",56,"     Real estate",200,GDP by Metropolitan Area (millions of current dollars),676,866,1022,1174,1235,1173
"36140","Ocean City, NJ (MSA)",57,"     Rental and leasing services and lessors of intangible assets",200,GDP by Metropolitan Area (millions of current dollars),88,77,95,98,92,87
"36140","Ocean City, NJ (MSA)",58,"   Professional and technical services",200,GDP by Metropolitan Area (millions of current dollars),82,84,97,107,121,127
"36140","Ocean City, NJ (MSA)",62,"   Management of companies and enterprises",200,GDP by Metropolitan Area (millions of current dollars),"(D)","(D)","(D)",15,16,16
"36140","Ocean City, NJ (MSA)",63,"   Administrative and waste services",200,GDP by Metropolitan Area (millions of current dollars),"(D)","(D)","(D)",56,59,59
"36140","Ocean City, NJ (MSA)",64,"     Administrative and support services",200,GDP by Metropolitan Area (millions of current dollars),41,41,43,43,45,46
"36140","Ocean City, NJ (MSA)",65,"     Waste management and remediation services",200,GDP by Metropolitan Area (millions of current dollars),"(D)","(D)","(D)",13,14,13
"36140","Ocean City, NJ (MSA)",66,"   Educational services",200,GDP by Metropolitan Area (millions of current dollars),6,8,8,5,4,5
"36140","Ocean City, NJ (MSA)",67,"   Health care and social assistance",200,GDP by Metropolitan Area (millions of current dollars),175,183,196,208,214,222
"36140","Ocean City, NJ (MSA)",68,"     Ambulatory health care services",200,GDP by Metropolitan Area (millions of current dollars),88,90,97,104,107,115
"36140","Ocean City, NJ (MSA)",69,"     Hospitals and nursing and residential care facilities",200,GDP by Metropolitan Area (millions of current dollars),"(D)","(D)","(D)","(D)","(D)","(D)"
"36140","Ocean City, NJ (MSA)",70,"     Social assistance",200,GDP by Metropolitan Area (millions of current dollars),"(D)","(D)","(D)","(D)","(D)","(D)"
"36140","Ocean City, NJ (MSA)",71,"   Arts, entertainment, and recreation",200,GDP by Metropolitan Area (millions of current dollars),85,96,103,99,105,109
"36140","Ocean City, NJ (MSA)",72,"     Performing arts, museums, and related activities",200,GDP by Metropolitan Area (millions of current dollars),7,6,6,7,8,10
"36140","Ocean City, NJ (MSA)",73,"     Amusement, gambling, and recreation",200,GDP by Metropolitan Area (millions of current dollars),78,90,97,91,97,99
"36140","Ocean City, NJ (MSA)",74,"   Accommodation and food services",200,GDP by Metropolitan Area (millions of current dollars),262,288,284,313,311,322
"36140","Ocean City, NJ (MSA)",75,"     Accommodation",200,GDP by Metropolitan Area (millions of current dollars),117,126,125,144,142,146
"36140","Ocean City, NJ (MSA)",76,"     Food services and drinking places",200,GDP by Metropolitan Area (millions of current dollars),146,162,159,169,169,176
"36140","Ocean City, NJ (MSA)",77,"   Other services, except government",200,GDP by Metropolitan Area (millions of current dollars),68,76,79,78,84,84
"36140","Ocean City, NJ (MSA)",78," Government",200,GDP by Metropolitan Area (millions of current dollars),463,514,543,570,597,620
"36140","Ocean City, NJ (MSA)",79,"   Federal civilian",200,GDP by Metropolitan Area (millions of current dollars),25,28,29,31,33,35
"36140","Ocean City, NJ (MSA)",80,"   Federal military",200,GDP by Metropolitan Area (millions of current dollars),50,63,67,69,73,70
"36140","Ocean City, NJ (MSA)",81,"   State and local",200,GDP by Metropolitan Area (millions of current dollars),388,423,446,470,491,515
"36140","Ocean City, NJ (MSA)",99,"Natural resources and mining",200,GDP by Metropolitan Area (millions of current dollars),32,31,32,35,33,30
"36140","Ocean City, NJ (MSA)",100,"Trade",200,GDP by Metropolitan Area (millions of current dollars),"(D)","(D)",342,369,391,403
"36140","Ocean City, NJ (MSA)",101,"Transportation and utilities",200,GDP by Metropolitan Area (millions of current dollars),"(D)","(D)",108,124,127,131
"36140","Ocean City, NJ (MSA)",102,"Financial activities",200,GDP by Metropolitan Area (millions of current dollars),864,1060,1234,1396,1464,1406
"36140","Ocean City, NJ (MSA)",103,"Professional and business services",200,GDP by Metropolitan Area (millions of current dollars),140,140,157,178,196,201
"36140","Ocean City, NJ (MSA)",104,"Education and health services",200,GDP by Metropolitan Area (millions of current dollars),182,190,204,213,218,226
"36140","Ocean City, NJ (MSA)",105,"Leisure and hospitality",200,GDP by Metropolitan Area (millions of current dollars),347,384,387,411,416,431
"36140","Ocean City, NJ (MSA)",106,"Information, Communication, and Technology (ICT)",200,GDP by Metropolitan Area (millions of current dollars),17,19,21,23,20,23
"36140","Ocean City, NJ (MSA)",108,"Private goods-producing industries",200,GDP by Metropolitan Area (millions of current dollars),242,257,282,322,380,375
"36140","Ocean City, NJ (MSA)",109,"Private services-providing industries",200,GDP by Metropolitan Area (millions of current dollars),2086,2354,2585,2846,2976,2962
"FIPS","Metropolitan Area","Industry Code","Industry","Component Code","Component","2001","2002","2003","2004","2005","2006"
"36140","Ocean City, NJ (MSA)",1,"Total Gross Domestic Product by Metropolitan Area",800,Quantity Indexes for Real GDP by Metropolitan Area (2001=100.000),100.000,108.601,115.459,122.662,125.673,121.440
"36140","Ocean City, NJ (MSA)",2," Private industries",800,Quantity Indexes for Real GDP by Metropolitan Area (2001=100.000),100.000,109.141,117.259,125.890,129.570,124.608
"36140","Ocean City, NJ (MSA)",3,"   Agriculture, forestry, fishing, and hunting",800,Quantity Indexes for Real GDP by Metropolitan Area (2001=100.000),"(D)","(D)","(D)","(D)","(D)","(D)"
"36140","Ocean City, NJ (MSA)",4,"     Crop and animal production (Farms)",800,Quantity Indexes for Real GDP by Metropolitan Area (2001=100.000),100.000,119.877,105.140,85.941,94.267,108.636
"36140","Ocean City, NJ (MSA)",5,"     Forestry, fishing, and related activities",800,Quantity Indexes for Real GDP by Metropolitan Area (2001=100.000),"(D)","(D)","(D)","(D)","(D)","(D)"
"36140","Ocean City, NJ (MSA)",6,"   Mining",800,Quantity Indexes for Real GDP by Metropolitan Area (2001=100.000),"(D)","(D)","(D)","(D)","(D)","(D)"
"36140","Ocean City, NJ (MSA)",7,"     Oil and gas extraction",800,Quantity Indexes for Real GDP by Metropolitan Area (2001=100.000),0.000,0.000,0.000,0.000,0.000,0.000
"36140","Ocean City, NJ (MSA)",8,"     Mining, except oil and gas",800,Quantity Indexes for Real GDP by Metropolitan Area (2001=100.000),"(D)","(D)","(D)","(D)","(D)","(D)"
"36140","Ocean City, NJ (MSA)",9,"     Support activities for mining",800,Quantity Indexes for Real GDP by Metropolitan Area (2001=100.000),0.000,0.000,"(D)","(D)","(D)",0.000
"36140","Ocean City, NJ (MSA)",10,"   Utilities",800,Quantity Indexes for Real GDP by Metropolitan Area (2001=100.000),"(D)","(D)","(D)","(D)","(D)","(D)"
"36140","Ocean City, NJ (MSA)",11,"   Construction",800,Quantity Indexes for Real GDP by Metropolitan Area (2001=100.000),100.000,102.858,109.631,119.487,137.168,123.403
"36140","Ocean City, NJ (MSA)",12,"   Manufacturing",800,Quantity Indexes for Real GDP by Metropolitan Area (2001=100.000),100.000,101.325,104.406,105.713,88.496,84.933
"36140","Ocean City, NJ (MSA)",13,"     Durable goods",800,Quantity Indexes for Real GDP by Metropolitan Area (2001=100.000),100.000,109.676,125.191,134.392,133.762,131.996
"36140","Ocean City, NJ (MSA)",14,"       Wood product manufacturing",800,Quantity Indexes for Real GDP by Metropolitan Area (2001=100.000),"(D)","(D)","(D)","(D)","(D)","(D)"
"36140","Ocean City, NJ (MSA)",15,"       Nonmetallic mineral product manufacturing",800,Quantity Indexes for Real GDP by Metropolitan Area (2001=100.000),"(D)","(D)","(D)","(D)","(D)","(D)"
"36140","Ocean City, NJ (MSA)",16,"       Primary metal manufacturing",800,Quantity Indexes for Real GDP by Metropolitan Area (2001=100.000),"(D)","(D)","(D)","(D)","(D)","(D)"
"36140","Ocean City, NJ (MSA)",17,"       Fabricated metal product manufacturing",800,Quantity Indexes for Real GDP by Metropolitan Area (2001=100.000),100.000,90.185,124.698,141.513,183.675,186.294
"36140","Ocean City, NJ (MSA)",18,"       Machinery manufacturing",800,Quantity Indexes for Real GDP by Metropolitan Area (2001=100.000),"(D)","(D)","(D)","(D)","(D)","(D)"
"36140","Ocean City, NJ (MSA)",19,"       Computer and electronic product manufacturing",800,Quantity Indexes for Real GDP by Metropolitan Area (2001=100.000),"(D)","(D)","(D)","(D)","(D)","(D)"
"36140","Ocean City, NJ (MSA)",20,"       Electrical equipment and appliance manufacturing",800,Quantity Indexes for Real GDP by Metropolitan Area (2001=100.000),"(D)","(D)","(D)","(D)","(D)","(D)"
"36140","Ocean City, NJ (MSA)",21,"       Motor vehicle, body, trailer, and parts manufacturing",800,Quantity Indexes for Real GDP by Metropolitan Area (2001=100.000),100.000,0.000,0.000,0.000,0.000,0.000
"36140","Ocean City, NJ (MSA)",22,"       Other transportation equipment manufacturing",800,Quantity Indexes for Real GDP by Metropolitan Area (2001=100.000),"(D)","(D)","(D)","(D)","(D)","(D)"
"36140","Ocean City, NJ (MSA)",23,"       Furniture and related product manufacturing",800,Quantity Indexes for Real GDP by Metropolitan Area (2001=100.000),"(D)","(D)","(D)","(D)","(D)","(D)"
"36140","Ocean City, NJ (MSA)",24,"       Miscellaneous manufacturing",800,Quantity Indexes for Real GDP by Metropolitan Area (2001=100.000),100.000,90.924,108.104,101.019,55.920,52.333
"36140","Ocean City, NJ (MSA)",25,"     Nondurable goods",800,Quantity Indexes for Real GDP by Metropolitan Area (2001=100.000),100.000,98.460,97.286,95.905,73.150,68.989
"36140","Ocean City, NJ (MSA)",26,"       Food product manufacturing",800,Quantity Indexes for Real GDP by Metropolitan Area (2001=100.000),"(D)","(D)","(D)","(D)","(D)","(D)"
"36140","Ocean City, NJ (MSA)",27,"       Textile and textile product mills",800,Quantity Indexes for Real GDP by Metropolitan Area (2001=100.000),100.000,104.441,125.600,"(D)",132.760,118.198
"36140","Ocean City, NJ (MSA)",28,"       Apparel manufacturing",800,Quantity Indexes for Real GDP by Metropolitan Area (2001=100.000),"(D)","(D)","(D)","(D)","(D)","(D)"
"36140","Ocean City, NJ (MSA)",29,"       Paper manufacturing",800,Quantity Indexes for Real GDP by Metropolitan Area (2001=100.000),0.000,0.000,0.000,0.000,0.000,0.000
"36140","Ocean City, NJ (MSA)",30,"       Printing and related support activities",800,Quantity Indexes for Real GDP by Metropolitan Area (2001=100.000),100.000,64.682,84.425,68.132,50.422,"(D)"
"36140","Ocean City, NJ (MSA)",31,"       Petroleum and coal products manufacturing",800,Quantity Indexes for Real GDP by Metropolitan Area (2001=100.000),"(D)","(D)","(D)","(D)","(D)","(D)"
"36140","Ocean City, NJ (MSA)",32,"       Chemical manufacturing",800,Quantity Indexes for Real GDP by Metropolitan Area (2001=100.000),"(D)","(D)","(D)","(D)","(D)","(D)"
"36140","Ocean City, NJ (MSA)",33,"       Plastics and rubber products manufacturing",800,Quantity Indexes for Real GDP by Metropolitan Area (2001=100.000),"(D)","(D)","(D)","(D)","(D)","(D)"
"36140","Ocean City, NJ (MSA)",34,"   Wholesale trade",800,Quantity Indexes for Real GDP by Metropolitan Area (2001=100.000),"(D)","(D)","(D)","(D)","(D)","(D)"
"36140","Ocean City, NJ (MSA)",35,"   Retail trade",800,Quantity Indexes for Real GDP by Metropolitan Area (2001=100.000),100.000,105.057,108.838,116.180,125.430,129.663
"36140","Ocean City, NJ (MSA)",36,"   Transportation and warehousing, excluding Postal Service",800,Quantity Indexes for Real GDP by Metropolitan Area (2001=100.000),100.000,96.908,"(D)","(D)","(D)","(D)"
"36140","Ocean City, NJ (MSA)",37,"     Air transportation",800,Quantity Indexes for Real GDP by Metropolitan Area (2001=100.000),100.000,146.093,166.152,106.388,480.143,"(D)"
"36140","Ocean City, NJ (MSA)",38,"     Rail transportation",800,Quantity Indexes for Real GDP by Metropolitan Area (2001=100.000),0.000,0.000,0.000,0.000,0.000,0.000
"36140","Ocean City, NJ (MSA)",39,"     Water transportation",800,Quantity Indexes for Real GDP by Metropolitan Area (2001=100.000),100.000,18.933,65.499,114.644,65.416,62.530
"36140","Ocean City, NJ (MSA)",40,"     Truck transportation",800,Quantity Indexes for Real GDP by Metropolitan Area (2001=100.000),100.000,99.129,59.078,107.154,110.045,99.417
"36140","Ocean City, NJ (MSA)",41,"     Transit and ground passenger transportation",800,Quantity Indexes for Real GDP by Metropolitan Area (2001=100.000),100.000,101.202,84.346,83.503,84.583,71.145
"36140","Ocean City, NJ (MSA)",42,"     Pipeline transportation",800,Quantity Indexes for Real GDP by Metropolitan Area (2001=100.000),"(D)","(D)","(D)","(D)","(D)","(D)"
"36140","Ocean City, NJ (MSA)",43,"     Other transportation and support activities",800,Quantity Indexes for Real GDP by Metropolitan Area (2001=100.000),100.000,111.523,84.158,"(D)","(D)","(D)"
"36140","Ocean City, NJ (MSA)",44,"     Warehousing and storage",800,Quantity Indexes for Real GDP by Metropolitan Area (2001=100.000),"(D)","(D)","(D)","(D)","(D)","(D)"
"36140","Ocean City, NJ (MSA)",45,"   Information",800,Quantity Indexes for Real GDP by Metropolitan Area (2001=100.000),100.000,101.439,111.275,116.454,131.396,139.187
"36140","Ocean City, NJ (MSA)",46,"     Publishing including software",800,Quantity Indexes for Real GDP by Metropolitan Area (2001=100.000),"(D)","(D)","(D)","(D)","(D)","(D)"
"36140","Ocean City, NJ (MSA)",47,"     Motion picture and sound recording industries",800,Quantity Indexes for Real GDP by Metropolitan Area (2001=100.000),100.000,91.778,144.618,190.628,58.930,58.826
"36140","Ocean City, NJ (MSA)",48,"     Broadcasting and telecommunications",800,Quantity Indexes for Real GDP by Metropolitan Area (2001=100.000),"(D)","(D)","(D)","(D)","(D)","(D)"
"36140","Ocean City, NJ (MSA)",49,"     Information and data processing services",800,Quantity Indexes for Real GDP by Metropolitan Area (2001=100.000),"(D)","(D)","(D)","(D)","(D)","(D)"
"36140","Ocean City, NJ (MSA)",50,"   Finance and insurance",800,Quantity Indexes for Real GDP by Metropolitan Area (2001=100.000),100.000,113.191,109.000,109.504,118.411,123.810
"36140","Ocean City, NJ (MSA)",51,"     Federal Reserve banks, credit intermediation and related services",800,Quantity Indexes for Real GDP by Metropolitan Area (2001=100.000),100.000,123.284,112.663,123.413,140.732,149.535
"36140","Ocean City, NJ (MSA)",52,"     Securities, commodity contracts, investments",800,Quantity Indexes for Real GDP by Metropolitan Area (2001=100.000),100.000,20.015,40.377,37.573,43.401,52.301
"36140","Ocean City, NJ (MSA)",53,"     Insurance carriers and related activities",800,Quantity Indexes for Real GDP by Metropolitan Area (2001=100.000),100.000,137.990,134.512,119.829,117.274,116.577
"36140","Ocean City, NJ (MSA)",54,"     Funds, trusts, and other financial vehicles",800,Quantity Indexes for Real GDP by Metropolitan Area (2001=100.000),0.000,0.000,0.000,0.000,0.000,0.000
"36140","Ocean City, NJ (MSA)",55,"   Real estate and rental and leasing",800,Quantity Indexes for Real GDP by Metropolitan Area (2001=100.000),100.000,119.581,137.598,153.220,156.035,144.145
"36140","Ocean City, NJ (MSA)",56,"     Real estate",800,Quantity Indexes for Real GDP by Metropolitan Area (2001=100.000),100.000,123.609,141.977,159.492,164.130,151.616
"36140","Ocean City, NJ (MSA)",57,"     Rental and leasing services and lessors of intangible assets",800,Quantity Indexes for Real GDP by Metropolitan Area (2001=100.000),100.000,88.018,103.308,104.116,92.898,85.874
"36140","Ocean City, NJ (MSA)",58,"   Professional and technical services",800,Quantity Indexes for Real GDP by Metropolitan Area (2001=100.000),100.000,100.211,114.610,127.181,139.142,142.677
"36140","Ocean City, NJ (MSA)",62,"   Management of companies and enterprises",800,Quantity Indexes for Real GDP by Metropolitan Area (2001=100.000),"(D)","(D)","(D)","(D)","(D)","(D)"
"36140","Ocean City, NJ (MSA)",63,"   Administrative and waste services",800,Quantity Indexes for Real GDP by Metropolitan Area (2001=100.000),"(D)","(D)","(D)","(D)","(D)","(D)"
"36140","Ocean City, NJ (MSA)",64,"     Administrative and support services",800,Quantity Indexes for Real GDP by Metropolitan Area (2001=100.000),100.000,97.929,101.405,98.359,98.504,97.120
"36140","Ocean City, NJ (MSA)",65,"     Waste management and remediation services",800,Quantity Indexes for Real GDP by Metropolitan Area (2001=100.000),"(D)","(D)","(D)","(D)","(D)","(D)"
"36140","Ocean City, NJ (MSA)",66,"   Educational services",800,Quantity Indexes for Real GDP by Metropolitan Area (2001=100.000),100.000,110.812,119.382,70.666,56.486,56.580
"36140","Ocean City, NJ (MSA)",67,"   Health care and social assistance",800,Quantity Indexes for Real GDP by Metropolitan Area (2001=100.000),100.000,100.773,105.214,108.154,108.305,109.728
"36140","Ocean City, NJ (MSA)",68,"     Ambulatory health care services",800,Quantity Indexes for Real GDP by Metropolitan Area (2001=100.000),100.000,101.796,106.758,112.279,113.650,120.241
"36140","Ocean City, NJ (MSA)",69,"     Hospitals and nursing and residential care facilities",800,Quantity Indexes for Real GDP by Metropolitan Area (2001=100.000),"(D)","(D)","(D)","(D)","(D)","(D)"
"36140","Ocean City, NJ (MSA)",70,"     Social assistance",800,Quantity Indexes for Real GDP by Metropolitan Area (2001=100.000),"(D)","(D)","(D)","(D)","(D)","(D)"
"36140","Ocean City, NJ (MSA)",71,"   Arts, entertainment, and recreation",800,Quantity Indexes for Real GDP by Metropolitan Area (2001=100.000),100.000,109.355,114.873,107.842,112.596,113.277
"36140","Ocean City, NJ (MSA)",72,"     Performing arts, museums, and related activities",800,Quantity Indexes for Real GDP by Metropolitan Area (2001=100.000),100.000,79.156,77.384,93.873,101.688,113.271
"36140","Ocean City, NJ (MSA)",73,"     Amusement, gambling, and recreation",800,Quantity Indexes for Real GDP by Metropolitan Area (2001=100.000),100.000,112.120,118.312,109.070,113.523,113.134
"36140","Ocean City, NJ (MSA)",74,"   Accommodation and food services",800,Quantity Indexes for Real GDP by Metropolitan Area (2001=100.000),100.000,106.248,103.892,110.186,105.398,105.270
"36140","Ocean City, NJ (MSA)",75,"     Accommodation",800,Quantity Indexes for Real GDP by Metropolitan Area (2001=100.000),100.000,107.705,105.807,115.074,108.147,108.671
"36140","Ocean City, NJ (MSA)",76,"     Food services and drinking places",800,Quantity Indexes for Real GDP by Metropolitan Area (2001=100.000),100.000,105.112,102.408,106.397,103.305,102.657
"36140","Ocean City, NJ (MSA)",77,"   Other services, except government",800,Quantity Indexes for Real GDP by Metropolitan Area (2001=100.000),100.000,106.897,108.568,103.416,105.870,100.734
"36140","Ocean City, NJ (MSA)",78," Government",800,Quantity Indexes for Real GDP by Metropolitan Area (2001=100.000),100.000,105.911,106.637,107.021,106.891,106.049
"36140","Ocean City, NJ (MSA)",79,"   Federal civilian",800,Quantity Indexes for Real GDP by Metropolitan Area (2001=100.000),100.000,103.882,103.887,103.280,105.067,105.785
"36140","Ocean City, NJ (MSA)",80,"   Federal military",800,Quantity Indexes for Real GDP by Metropolitan Area (2001=100.000),100.000,116.217,114.253,109.690,106.698,97.069
"36140","Ocean City, NJ (MSA)",81,"   State and local",800,Quantity Indexes for Real GDP by Metropolitan Area (2001=100.000),100.000,104.683,105.827,106.978,107.135,107.500
"36140","Ocean City, NJ (MSA)",99,"Natural resources and mining",800,Quantity Indexes for Real GDP by Metropolitan Area (2001=100.000),100.000,101.147,98.549,99.936,96.643,86.067
"36140","Ocean City, NJ (MSA)",100,"Trade",800,Quantity Indexes for Real GDP by Metropolitan Area (2001=100.000),"(D)","(D)","(D)","(D)","(D)","(D)"
"36140","Ocean City, NJ (MSA)",101,"Transportation and utilities",800,Quantity Indexes for Real GDP by Metropolitan Area (2001=100.000),"(D)","(D)","(D)","(D)","(D)","(D)"
"36140","Ocean City, NJ (MSA)",102,"Financial activities",800,Quantity Indexes for Real GDP by Metropolitan Area (2001=100.000),100.000,118.841,134.262,148.099,151.644,141.816
"36140","Ocean City, NJ (MSA)",103,"Professional and business services",800,Quantity Indexes for Real GDP by Metropolitan Area (2001=100.000),100.000,97.163,108.861,120.521,128.284,127.140
"36140","Ocean City, NJ (MSA)",104,"Education and health services",800,Quantity Indexes for Real GDP by Metropolitan Area (2001=100.000),100.000,101.129,105.719,106.757,106.366,107.738
"36140","Ocean City, NJ (MSA)",105,"Leisure and hospitality",800,Quantity Indexes for Real GDP by Metropolitan Area (2001=100.000),100.000,107.008,106.584,109.614,107.137,107.202
"36140","Ocean City, NJ (MSA)",106,"Information, Communication, and Technology (ICT)",800,Quantity Indexes for Real GDP by Metropolitan Area (2001=100.000),100.000,107.716,125.957,140.483,128.441,147.629
"36140","Ocean City, NJ (MSA)",108,"Private goods-producing industries",800,Quantity Indexes for Real GDP by Metropolitan Area (2001=100.000),100.000,102.804,108.183,115.285,125.642,114.195
"36140","Ocean City, NJ (MSA)",109,"Private services-providing industries",800,Quantity Indexes for Real GDP by Metropolitan Area (2001=100.000),100.000,109.878,118.320,127.134,129.952,125.877
"FIPS","Metropolitan Area","Industry Code","Industry","Component Code","Component","2001","2002","2003","2004","2005","2006"
"36140","Ocean City, NJ (MSA)",1,"Total Gross Domestic Product by Metropolitan Area",900,Real GDP by Metropolitan Area (millions of chained 2001 dollars),2791,3032,3223,3424,3508,3390
"36140","Ocean City, NJ (MSA)",2," Private industries",900,Real GDP by Metropolitan Area (millions of chained 2001 dollars),2328,2541,2730,2931,3016,2901
"36140","Ocean City, NJ (MSA)",3,"   Agriculture, forestry, fishing, and hunting",900,Real GDP by Metropolitan Area (millions of chained 2001 dollars),"(D)","(D)",28,28,28,"(D)"
"36140","Ocean City, NJ (MSA)",4,"     Crop and animal production (Farms)",900,Real GDP by Metropolitan Area (millions of chained 2001 dollars),8,10,9,7,8,9
"36140","Ocean City, NJ (MSA)",5,"     Forestry, fishing, and related activities",900,Real GDP by Metropolitan Area (millions of chained 2001 dollars),"(D)","(D)",20,22,20,"(D)"
"36140","Ocean City, NJ (MSA)",6,"   Mining",900,Real GDP by Metropolitan Area (millions of chained 2001 dollars),"(D)","(D)",3,3,3,"(D)"
"36140","Ocean City, NJ (MSA)",7,"     Oil and gas extraction",900,Real GDP by Metropolitan Area (millions of chained 2001 dollars),0,0,0,0,0,0
"36140","Ocean City, NJ (MSA)",8,"     Mining, except oil and gas",900,Real GDP by Metropolitan Area (millions of chained 2001 dollars),"(D)","(D)","(D)","(D)","(D)","(D)"
"36140","Ocean City, NJ (MSA)",9,"     Support activities for mining",900,Real GDP by Metropolitan Area (millions of chained 2001 dollars),0,0,"(D)","(D)","(D)",0
"36140","Ocean City, NJ (MSA)",10,"   Utilities",900,Real GDP by Metropolitan Area (millions of chained 2001 dollars),"(D)","(D)","(D)","(D)","(D)","(D)"
"36140","Ocean City, NJ (MSA)",11,"   Construction",900,Real GDP by Metropolitan Area (millions of chained 2001 dollars),177,182,194,211,242,218
"36140","Ocean City, NJ (MSA)",12,"   Manufacturing",900,Real GDP by Metropolitan Area (millions of chained 2001 dollars),54,54,56,57,48,46
"36140","Ocean City, NJ (MSA)",13,"     Durable goods",900,Real GDP by Metropolitan Area (millions of chained 2001 dollars),14,15,17,18,18,18
"36140","Ocean City, NJ (MSA)",14,"       Wood product manufacturing",900,Real GDP by Metropolitan Area (millions of chained 2001 dollars),"(D)","(D)","(D)","(D)","(D)","(D)"
"36140","Ocean City, NJ (MSA)",15,"       Nonmetallic mineral product manufacturing",900,Real GDP by Metropolitan Area (millions of chained 2001 dollars),"(D)","(D)","(D)","(D)","(D)","(D)"
"36140","Ocean City, NJ (MSA)",16,"       Primary metal manufacturing",900,Real GDP by Metropolitan Area (millions of chained 2001 dollars),"(D)","(D)","(D)","(D)","(D)","(D)"
"36140","Ocean City, NJ (MSA)",17,"       Fabricated metal product manufacturing",900,Real GDP by Metropolitan Area (millions of chained 2001 dollars),2,2,2,3,3,3
"36140","Ocean City, NJ (MSA)",18,"       Machinery manufacturing",900,Real GDP by Metropolitan Area (millions of chained 2001 dollars),"(D)","(D)","(D)","(D)","(D)","(D)"
"36140","Ocean City, NJ (MSA)",19,"       Computer and electronic product manufacturing",900,Real GDP by Metropolitan Area (millions of chained 2001 dollars),"(D)","(D)",3,"(D)","(D)","(D)"
"36140","Ocean City, NJ (MSA)",20,"       Electrical equipment and appliance manufacturing",900,Real GDP by Metropolitan Area (millions of chained 2001 dollars),"(D)","(D)","(L)","(L)","(L)","(L)"
"36140","Ocean City, NJ (MSA)",21,"       Motor vehicle, body, trailer, and parts manufacturing",900,Real GDP by Metropolitan Area (millions of chained 2001 dollars),"(L)",0,0,0,0,0
"36140","Ocean City, NJ (MSA)",22,"       Other transportation equipment manufacturing",900,Real GDP by Metropolitan Area (millions of chained 2001 dollars),"(D)","(D)","(D)","(D)","(D)","(D)"
"36140","Ocean City, NJ (MSA)",23,"       Furniture and related product manufacturing",900,Real GDP by Metropolitan Area (millions of chained 2001 dollars),"(D)","(D)","(D)",1,1,1
"36140","Ocean City, NJ (MSA)",24,"       Miscellaneous manufacturing",900,Real GDP by Metropolitan Area (millions of chained 2001 dollars),4,4,4,4,2,2
"36140","Ocean City, NJ (MSA)",25,"     Nondurable goods",900,Real GDP by Metropolitan Area (millions of chained 2001 dollars),40,39,39,38,29,28
"36140","Ocean City, NJ (MSA)",26,"       Food product manufacturing",900,Real GDP by Metropolitan Area (millions of chained 2001 dollars),"(D)","(D)","(D)","(D)","(D)",22
"36140","Ocean City, NJ (MSA)",27,"       Textile and textile product mills",900,Real GDP by Metropolitan Area (millions of chained 2001 dollars),1,1,1,"(D)",1,1
"36140","Ocean City, NJ (MSA)",28,"       Apparel manufacturing",900,Real GDP by Metropolitan Area (millions of chained 2001 dollars),"(D)","(D)","(D)","(D)","(D)","(D)"
"36140","Ocean City, NJ (MSA)",29,"       Paper manufacturing",900,Real GDP by Metropolitan Area (millions of chained 2001 dollars),0,0,0,0,0,0
"36140","Ocean City, NJ (MSA)",30,"       Printing and related support activities",900,Real GDP by Metropolitan Area (millions of chained 2001 dollars),4,3,4,3,2,"(D)"
"36140","Ocean City, NJ (MSA)",31,"       Petroleum and coal products manufacturing",900,Real GDP by Metropolitan Area (millions of chained 2001 dollars),"(D)","(D)","(D)","(D)","(D)","(D)"
"36140","Ocean City, NJ (MSA)",32,"       Chemical manufacturing",900,Real GDP by Metropolitan Area (millions of chained 2001 dollars),"(D)","(D)","(D)","(D)","(D)","(D)"
"36140","Ocean City, NJ (MSA)",33,"       Plastics and rubber products manufacturing",900,Real GDP by Metropolitan Area (millions of chained 2001 dollars),"(D)",2,2,2,2,2
"36140","Ocean City, NJ (MSA)",34,"   Wholesale trade",900,Real GDP by Metropolitan Area (millions of chained 2001 dollars),"(D)","(D)",45,47,47,48
"36140","Ocean City, NJ (MSA)",35,"   Retail trade",900,Real GDP by Metropolitan Area (millions of chained 2001 dollars),266,279,289,309,333,345
"36140","Ocean City, NJ (MSA)",36,"   Transportation and warehousing, excluding Postal Service",900,Real GDP by Metropolitan Area (millions of chained 2001 dollars),24,23,"(D)","(D)","(D)","(D)"
"36140","Ocean City, NJ (MSA)",37,"     Air transportation",900,Real GDP by Metropolitan Area (millions of chained 2001 dollars),"(L)","(L)","(L)","(L)","(L)","(D)"
"36140","Ocean City, NJ (MSA)",38,"     Rail transportation",900,Real GDP by Metropolitan Area (millions of chained 2001 dollars),0,0,0,0,0,0
"36140","Ocean City, NJ (MSA)",39,"     Water transportation",900,Real GDP by Metropolitan Area (millions of chained 2001 dollars),2,"(L)",2,3,2,1
"36140","Ocean City, NJ (MSA)",40,"     Truck transportation",900,Real GDP by Metropolitan Area (millions of chained 2001 dollars),7,7,4,8,8,7
"36140","Ocean City, NJ (MSA)",41,"     Transit and ground passenger transportation",900,Real GDP by Metropolitan Area (millions of chained 2001 dollars),4,4,3,3,3,3
"36140","Ocean City, NJ (MSA)",42,"     Pipeline transportation",900,Real GDP by Metropolitan Area (millions of chained 2001 dollars),"(D)","(D)","(D)",0,0,0
"36140","Ocean City, NJ (MSA)",43,"     Other transportation and support activities",900,Real GDP by Metropolitan Area (millions of chained 2001 dollars),10,11,8,"(D)","(D)","(D)"
"36140","Ocean City, NJ (MSA)",44,"     Warehousing and storage",900,Real GDP by Metropolitan Area (millions of chained 2001 dollars),"(D)","(D)","(D)","(D)","(D)","(D)"
"36140","Ocean City, NJ (MSA)",45,"   Information",900,Real GDP by Metropolitan Area (millions of chained 2001 dollars),50,51,56,58,66,70
"36140","Ocean City, NJ (MSA)",46,"     Publishing including software",900,Real GDP by Metropolitan Area (millions of chained 2001 dollars),"(D)","(D)","(D)","(D)","(D)","(D)"
"36140","Ocean City, NJ (MSA)",47,"     Motion picture and sound recording industries",900,Real GDP by Metropolitan Area (millions of chained 2001 dollars),1,1,1,1,"(L)",0
"36140","Ocean City, NJ (MSA)",48,"     Broadcasting and telecommunications",900,Real GDP by Metropolitan Area (millions of chained 2001 dollars),"(D)","(D)","(D)","(D)","(D)","(D)"
"36140","Ocean City, NJ (MSA)",49,"     Information and data processing services",900,Real GDP by Metropolitan Area (millions of chained 2001 dollars),"(D)","(D)","(D)","(D)","(D)","(D)"
"36140","Ocean City, NJ (MSA)",50,"   Finance and insurance",900,Real GDP by Metropolitan Area (millions of chained 2001 dollars),100,113,109,110,119,124
"36140","Ocean City, NJ (MSA)",51,"     Federal Reserve banks, credit intermediation and related services",900,Real GDP by Metropolitan Area (millions of chained 2001 dollars),54,66,61,66,76,80
"36140","Ocean City, NJ (MSA)",52,"     Securities, commodity contracts, investments",900,Real GDP by Metropolitan Area (millions of chained 2001 dollars),15,3,6,6,6,8
"36140","Ocean City, NJ (MSA)",53,"     Insurance carriers and related activities",900,Real GDP by Metropolitan Area (millions of chained 2001 dollars),32,44,43,38,37,37
"36140","Ocean City, NJ (MSA)",54,"     Funds, trusts, and other financial vehicles",900,Real GDP by Metropolitan Area (millions of chained 2001 dollars),0,0,0,0,0,0
"36140","Ocean City, NJ (MSA)",55,"   Real estate and rental and leasing",900,Real GDP by Metropolitan Area (millions of chained 2001 dollars),764,914,1052,1171,1193,1102
"36140","Ocean City, NJ (MSA)",56,"     Real estate",900,Real GDP by Metropolitan Area (millions of chained 2001 dollars),676,836,960,1078,1110,1025
"36140","Ocean City, NJ (MSA)",57,"     Rental and leasing services and lessors of intangible assets",900,Real GDP by Metropolitan Area (millions of chained 2001 dollars),88,78,91,92,82,76
"36140","Ocean City, NJ (MSA)",58,"   Professional and technical services",900,Real GDP by Metropolitan Area (millions of chained 2001 dollars),82,82,94,104,114,117
"36140","Ocean City, NJ (MSA)",62,"   Management of companies and enterprises",900,Real GDP by Metropolitan Area (millions of chained 2001 dollars),"(D)","(D)","(D)",13,12,11
"36140","Ocean City, NJ (MSA)",63,"   Administrative and waste services",900,Real GDP by Metropolitan Area (millions of chained 2001 dollars),"(D)","(D)","(D)",52,54,51
"36140","Ocean City, NJ (MSA)",64,"     Administrative and support services",900,Real GDP by Metropolitan Area (millions of chained 2001 dollars),41,40,42,41,41,40
"36140","Ocean City, NJ (MSA)",65,"     Waste management and remediation services",900,Real GDP by Metropolitan Area (millions of chained 2001 dollars),"(D)","(D)","(D)",11,13,10
"36140","Ocean City, NJ (MSA)",66,"   Educational services",900,Real GDP by Metropolitan Area (millions of chained 2001 dollars),6,7,8,4,4,4
"36140","Ocean City, NJ (MSA)",67,"   Health care and social assistance",900,Real GDP by Metropolitan Area (millions of chained 2001 dollars),175,177,184,190,190,192
"36140","Ocean City, NJ (MSA)",68,"     Ambulatory health care services",900,Real GDP by Metropolitan Area (millions of chained 2001 dollars),88,89,93,98,100,105
"36140","Ocean City, NJ (MSA)",69,"     Hospitals and nursing and residential care facilities",900,Real GDP by Metropolitan Area (millions of chained 2001 dollars),"(D)","(D)","(D)","(D)","(D)","(D)"
"36140","Ocean City, NJ (MSA)",70,"     Social assistance",900,Real GDP by Metropolitan Area (millions of chained 2001 dollars),"(D)","(D)","(D)","(D)","(D)","(D)"
"36140","Ocean City, NJ (MSA)",71,"   Arts, entertainment, and recreation",900,Real GDP by Metropolitan Area (millions of chained 2001 dollars),85,93,98,92,96,96
"36140","Ocean City, NJ (MSA)",72,"     Performing arts, museums, and related activities",900,Real GDP by Metropolitan Area (millions of chained 2001 dollars),7,6,6,7,7,8
"36140","Ocean City, NJ (MSA)",73,"     Amusement, gambling, and recreation",900,Real GDP by Metropolitan Area (millions of chained 2001 dollars),78,87,92,85,88,88
"36140","Ocean City, NJ (MSA)",74,"   Accommodation and food services",900,Real GDP by Metropolitan Area (millions of chained 2001 dollars),262,279,273,289,277,276
"36140","Ocean City, NJ (MSA)",75,"     Accommodation",900,Real GDP by Metropolitan Area (millions of chained 2001 dollars),117,126,123,134,126,127
"36140","Ocean City, NJ (MSA)",76,"     Food services and drinking places",900,Real GDP by Metropolitan Area (millions of chained 2001 dollars),146,153,149,155,151,150
"36140","Ocean City, NJ (MSA)",77,"   Other services, except government",900,Real GDP by Metropolitan Area (millions of chained 2001 dollars),68,73,74,70,72,69
"36140","Ocean City, NJ (MSA)",78," Government",900,Real GDP by Metropolitan Area (millions of chained 2001 dollars),463,491,494,496,495,491
"36140","Ocean City, NJ (MSA)",79,"   Federal civilian",900,Real GDP by Metropolitan Area (millions of chained 2001 dollars),25,26,26,26,26,27
"36140","Ocean City, NJ (MSA)",80,"   Federal military",900,Real GDP by Metropolitan Area (millions of chained 2001 dollars),50,58,57,55,54,49
"36140","Ocean City, NJ (MSA)",81,"   State and local",900,Real GDP by Metropolitan Area (millions of chained 2001 dollars),388,406,411,415,416,417
"36140","Ocean City, NJ (MSA)",99,"Natural resources and mining",900,Real GDP by Metropolitan Area (millions of chained 2001 dollars),32,32,31,32,31,27
"36140","Ocean City, NJ (MSA)",100,"Trade",900,Real GDP by Metropolitan Area (millions of chained 2001 dollars),"(D)","(D)",334,356,380,392
"36140","Ocean City, NJ (MSA)",101,"Transportation and utilities",900,Real GDP by Metropolitan Area (millions of chained 2001 dollars),"(D)","(D)",108,121,118,110
"36140","Ocean City, NJ (MSA)",102,"Financial activities",900,Real GDP by Metropolitan Area (millions of chained 2001 dollars),864,1027,1161,1280,1311,1226
"36140","Ocean City, NJ (MSA)",103,"Professional and business services",900,Real GDP by Metropolitan Area (millions of chained 2001 dollars),140,136,153,169,180,178
"36140","Ocean City, NJ (MSA)",104,"Education and health services",900,Real GDP by Metropolitan Area (millions of chained 2001 dollars),182,184,192,194,193,196
"36140","Ocean City, NJ (MSA)",105,"Leisure and hospitality",900,Real GDP by Metropolitan Area (millions of chained 2001 dollars),347,372,370,381,372,372
"36140","Ocean City, NJ (MSA)",106,"Information, Communication, and Technology (ICT)",900,Real GDP by Metropolitan Area (millions of chained 2001 dollars),17,19,22,24,22,26
"36140","Ocean City, NJ (MSA)",108,"Private goods-producing industries",900,Real GDP by Metropolitan Area (millions of chained 2001 dollars),242,248,261,279,304,276
"36140","Ocean City, NJ (MSA)",109,"Private services-providing industries",900,Real GDP by Metropolitan Area (millions of chained 2001 dollars),2086,2292,2469,2652,2711,2626
"FIPS","Metropolitan Area","Industry Code","Industry","Component Code","Component","2001","2002","2003","2004","2005","2006"
"36140","Ocean City, NJ (MSA)",1,"Total Gross Domestic Product by Metropolitan Area",1000,Per capita real GDP by Metropolitan Area (chained 2001 dollars),27400,29882,31792,34247,35568,34728
"36140","Ocean City, NJ (MSA)",2," Private industries",1000,Per capita real GDP by Metropolitan Area (chained 2001 dollars),"n/a","n/a","n/a","n/a","n/a","n/a"
"36140","Ocean City, NJ (MSA)",3,"   Agriculture, forestry, fishing, and hunting",1000,Per capita real GDP by Metropolitan Area (chained 2001 dollars),"n/a","n/a","n/a","n/a","n/a","n/a"
"36140","Ocean City, NJ (MSA)",4,"     Crop and animal production (Farms)",1000,Per capita real GDP by Metropolitan Area (chained 2001 dollars),"n/a","n/a","n/a","n/a","n/a","n/a"
"36140","Ocean City, NJ (MSA)",5,"     Forestry, fishing, and related activities",1000,Per capita real GDP by Metropolitan Area (chained 2001 dollars),"n/a","n/a","n/a","n/a","n/a","n/a"
"36140","Ocean City, NJ (MSA)",6,"   Mining",1000,Per capita real GDP by Metropolitan Area (chained 2001 dollars),"n/a","n/a","n/a","n/a","n/a","n/a"
"36140","Ocean City, NJ (MSA)",7,"     Oil and gas extraction",1000,Per capita real GDP by Metropolitan Area (chained 2001 dollars),"n/a","n/a","n/a","n/a","n/a","n/a"
"36140","Ocean City, NJ (MSA)",8,"     Mining, except oil and gas",1000,Per capita real GDP by Metropolitan Area (chained 2001 dollars),"n/a","n/a","n/a","n/a","n/a","n/a"
"36140","Ocean City, NJ (MSA)",9,"     Support activities for mining",1000,Per capita real GDP by Metropolitan Area (chained 2001 dollars),"n/a","n/a","n/a","n/a","n/a","n/a"
"36140","Ocean City, NJ (MSA)",10,"   Utilities",1000,Per capita real GDP by Metropolitan Area (chained 2001 dollars),"n/a","n/a","n/a","n/a","n/a","n/a"
"36140","Ocean City, NJ (MSA)",11,"   Construction",1000,Per capita real GDP by Metropolitan Area (chained 2001 dollars),"n/a","n/a","n/a","n/a","n/a","n/a"
"36140","Ocean City, NJ (MSA)",12,"   Manufacturing",1000,Per capita real GDP by Metropolitan Area (chained 2001 dollars),"n/a","n/a","n/a","n/a","n/a","n/a"
"36140","Ocean City, NJ (MSA)",13,"     Durable goods",1000,Per capita real GDP by Metropolitan Area (chained 2001 dollars),"n/a","n/a","n/a","n/a","n/a","n/a"
"36140","Ocean City, NJ (MSA)",14,"       Wood product manufacturing",1000,Per capita real GDP by Metropolitan Area (chained 2001 dollars),"n/a","n/a","n/a","n/a","n/a","n/a"
"36140","Ocean City, NJ (MSA)",15,"       Nonmetallic mineral product manufacturing",1000,Per capita real GDP by Metropolitan Area (chained 2001 dollars),"n/a","n/a","n/a","n/a","n/a","n/a"
"36140","Ocean City, NJ (MSA)",16,"       Primary metal manufacturing",1000,Per capita real GDP by Metropolitan Area (chained 2001 dollars),"n/a","n/a","n/a","n/a","n/a","n/a"
"36140","Ocean City, NJ (MSA)",17,"       Fabricated metal product manufacturing",1000,Per capita real GDP by Metropolitan Area (chained 2001 dollars),"n/a","n/a","n/a","n/a","n/a","n/a"
"36140","Ocean City, NJ (MSA)",18,"       Machinery manufacturing",1000,Per capita real GDP by Metropolitan Area (chained 2001 dollars),"n/a","n/a","n/a","n/a","n/a","n/a"
"36140","Ocean City, NJ (MSA)",19,"       Computer and electronic product manufacturing",1000,Per capita real GDP by Metropolitan Area (chained 2001 dollars),"n/a","n/a","n/a","n/a","n/a","n/a"
"36140","Ocean City, NJ (MSA)",20,"       Electrical equipment and appliance manufacturing",1000,Per capita real GDP by Metropolitan Area (chained 2001 dollars),"n/a","n/a","n/a","n/a","n/a","n/a"
"36140","Ocean City, NJ (MSA)",21,"       Motor vehicle, body, trailer, and parts manufacturing",1000,Per capita real GDP by Metropolitan Area (chained 2001 dollars),"n/a","n/a","n/a","n/a","n/a","n/a"
"36140","Ocean City, NJ (MSA)",22,"       Other transportation equipment manufacturing",1000,Per capita real GDP by Metropolitan Area (chained 2001 dollars),"n/a","n/a","n/a","n/a","n/a","n/a"
"36140","Ocean City, NJ (MSA)",23,"       Furniture and related product manufacturing",1000,Per capita real GDP by Metropolitan Area (chained 2001 dollars),"n/a","n/a","n/a","n/a","n/a","n/a"
"36140","Ocean City, NJ (MSA)",24,"       Miscellaneous manufacturing",1000,Per capita real GDP by Metropolitan Area (chained 2001 dollars),"n/a","n/a","n/a","n/a","n/a","n/a"
"36140","Ocean City, NJ (MSA)",25,"     Nondurable goods",1000,Per capita real GDP by Metropolitan Area (chained 2001 dollars),"n/a","n/a","n/a","n/a","n/a","n/a"
"36140","Ocean City, NJ (MSA)",26,"       Food product manufacturing",1000,Per capita real GDP by Metropolitan Area (chained 2001 dollars),"n/a","n/a","n/a","n/a","n/a","n/a"
"36140","Ocean City, NJ (MSA)",27,"       Textile and textile product mills",1000,Per capita real GDP by Metropolitan Area (chained 2001 dollars),"n/a","n/a","n/a","n/a","n/a","n/a"
"36140","Ocean City, NJ (MSA)",28,"       Apparel manufacturing",1000,Per capita real GDP by Metropolitan Area (chained 2001 dollars),"n/a","n/a","n/a","n/a","n/a","n/a"
"36140","Ocean City, NJ (MSA)",29,"       Paper manufacturing",1000,Per capita real GDP by Metropolitan Area (chained 2001 dollars),"n/a","n/a","n/a","n/a","n/a","n/a"
"36140","Ocean City, NJ (MSA)",30,"       Printing and related support activities",1000,Per capita real GDP by Metropolitan Area (chained 2001 dollars),"n/a","n/a","n/a","n/a","n/a","n/a"
"36140","Ocean City, NJ (MSA)",31,"       Petroleum and coal products manufacturing",1000,Per capita real GDP by Metropolitan Area (chained 2001 dollars),"n/a","n/a","n/a","n/a","n/a","n/a"
"36140","Ocean City, NJ (MSA)",32,"       Chemical manufacturing",1000,Per capita real GDP by Metropolitan Area (chained 2001 dollars),"n/a","n/a","n/a","n/a","n/a","n/a"
"36140","Ocean City, NJ (MSA)",33,"       Plastics and rubber products manufacturing",1000,Per capita real GDP by Metropolitan Area (chained 2001 dollars),"n/a","n/a","n/a","n/a","n/a","n/a"
"36140","Ocean City, NJ (MSA)",34,"   Wholesale trade",1000,Per capita real GDP by Metropolitan Area (chained 2001 dollars),"n/a","n/a","n/a","n/a","n/a","n/a"
"36140","Ocean City, NJ (MSA)",35,"   Retail trade",1000,Per capita real GDP by Metropolitan Area (chained 2001 dollars),"n/a","n/a","n/a","n/a","n/a","n/a"
"36140","Ocean City, NJ (MSA)",36,"   Transportation and warehousing, excluding Postal Service",1000,Per capita real GDP by Metropolitan Area (chained 2001 dollars),"n/a","n/a","n/a","n/a","n/a","n/a"
"36140","Ocean City, NJ (MSA)",37,"     Air transportation",1000,Per capita real GDP by Metropolitan Area (chained 2001 dollars),"n/a","n/a","n/a","n/a","n/a","n/a"
"36140","Ocean City, NJ (MSA)",38,"     Rail transportation",1000,Per capita real GDP by Metropolitan Area (chained 2001 dollars),"n/a","n/a","n/a","n/a","n/a","n/a"
"36140","Ocean City, NJ (MSA)",39,"     Water transportation",1000,Per capita real GDP by Metropolitan Area (chained 2001 dollars),"n/a","n/a","n/a","n/a","n/a","n/a"
"36140","Ocean City, NJ (MSA)",40,"     Truck transportation",1000,Per capita real GDP by Metropolitan Area (chained 2001 dollars),"n/a","n/a","n/a","n/a","n/a","n/a"
"36140","Ocean City, NJ (MSA)",41,"     Transit and ground passenger transportation",1000,Per capita real GDP by Metropolitan Area (chained 2001 dollars),"n/a","n/a","n/a","n/a","n/a","n/a"
"36140","Ocean City, NJ (MSA)",42,"     Pipeline transportation",1000,Per capita real GDP by Metropolitan Area (chained 2001 dollars),"n/a","n/a","n/a","n/a","n/a","n/a"
"36140","Ocean City, NJ (MSA)",43,"     Other transportation and support activities",1000,Per capita real GDP by Metropolitan Area (chained 2001 dollars),"n/a","n/a","n/a","n/a","n/a","n/a"
"36140","Ocean City, NJ (MSA)",44,"     Warehousing and storage",1000,Per capita real GDP by Metropolitan Area (chained 2001 dollars),"n/a","n/a","n/a","n/a","n/a","n/a"
"36140","Ocean City, NJ (MSA)",45,"   Information",1000,Per capita real GDP by Metropolitan Area (chained 2001 dollars),"n/a","n/a","n/a","n/a","n/a","n/a"
"36140","Ocean City, NJ (MSA)",46,"     Publishing including software",1000,Per capita real GDP by Metropolitan Area (chained 2001 dollars),"n/a","n/a","n/a","n/a","n/a","n/a"
"36140","Ocean City, NJ (MSA)",47,"     Motion picture and sound recording industries",1000,Per capita real GDP by Metropolitan Area (chained 2001 dollars),"n/a","n/a","n/a","n/a","n/a","n/a"
"36140","Ocean City, NJ (MSA)",48,"     Broadcasting and telecommunications",1000,Per capita real GDP by Metropolitan Area (chained 2001 dollars),"n/a","n/a","n/a","n/a","n/a","n/a"
"36140","Ocean City, NJ (MSA)",49,"     Information and data processing services",1000,Per capita real GDP by Metropolitan Area (chained 2001 dollars),"n/a","n/a","n/a","n/a","n/a","n/a"
"36140","Ocean City, NJ (MSA)",50,"   Finance and insurance",1000,Per capita real GDP by Metropolitan Area (chained 2001 dollars),"n/a","n/a","n/a","n/a","n/a","n/a"
"36140","Ocean City, NJ (MSA)",51,"     Federal Reserve banks, credit intermediation and related services",1000,Per capita real GDP by Metropolitan Area (chained 2001 dollars),"n/a","n/a","n/a","n/a","n/a","n/a"
"36140","Ocean City, NJ (MSA)",52,"     Securities, commodity contracts, investments",1000,Per capita real GDP by Metropolitan Area (chained 2001 dollars),"n/a","n/a","n/a","n/a","n/a","n/a"
"36140","Ocean City, NJ (MSA)",53,"     Insurance carriers and related activities",1000,Per capita real GDP by Metropolitan Area (chained 2001 dollars),"n/a","n/a","n/a","n/a","n/a","n/a"
"36140","Ocean City, NJ (MSA)",54,"     Funds, trusts, and other financial vehicles",1000,Per capita real GDP by Metropolitan Area (chained 2001 dollars),"n/a","n/a","n/a","n/a","n/a","n/a"
"36140","Ocean City, NJ (MSA)",55,"   Real estate and rental and leasing",1000,Per capita real GDP by Metropolitan Area (chained 2001 dollars),"n/a","n/a","n/a","n/a","n/a","n/a"
"36140","Ocean City, NJ (MSA)",56,"     Real estate",1000,Per capita real GDP by Metropolitan Area (chained 2001 dollars),"n/a","n/a","n/a","n/a","n/a","n/a"
"36140","Ocean City, NJ (MSA)",57,"     Rental and leasing services and lessors of intangible assets",1000,Per capita real GDP by Metropolitan Area (chained 2001 dollars),"n/a","n/a","n/a","n/a","n/a","n/a"
"36140","Ocean City, NJ (MSA)",58,"   Professional and technical services",1000,Per capita real GDP by Metropolitan Area (chained 2001 dollars),"n/a","n/a","n/a","n/a","n/a","n/a"
"36140","Ocean City, NJ (MSA)",62,"   Management of companies and enterprises",1000,Per capita real GDP by Metropolitan Area (chained 2001 dollars),"n/a","n/a","n/a","n/a","n/a","n/a"
"36140","Ocean City, NJ (MSA)",63,"   Administrative and waste services",1000,Per capita real GDP by Metropolitan Area (chained 2001 dollars),"n/a","n/a","n/a","n/a","n/a","n/a"
"36140","Ocean City, NJ (MSA)",64,"     Administrative and support services",1000,Per capita real GDP by Metropolitan Area (chained 2001 dollars),"n/a","n/a","n/a","n/a","n/a","n/a"
"36140","Ocean City, NJ (MSA)",65,"     Waste management and remediation services",1000,Per capita real GDP by Metropolitan Area (chained 2001 dollars),"n/a","n/a","n/a","n/a","n/a","n/a"
"36140","Ocean City, NJ (MSA)",66,"   Educational services",1000,Per capita real GDP by Metropolitan Area (chained 2001 dollars),"n/a","n/a","n/a","n/a","n/a","n/a"
"36140","Ocean City, NJ (MSA)",67,"   Health care and social assistance",1000,Per capita real GDP by Metropolitan Area (chained 2001 dollars),"n/a","n/a","n/a","n/a","n/a","n/a"
"36140","Ocean City, NJ (MSA)",68,"     Ambulatory health care services",1000,Per capita real GDP by Metropolitan Area (chained 2001 dollars),"n/a","n/a","n/a","n/a","n/a","n/a"
"36140","Ocean City, NJ (MSA)",69,"     Hospitals and nursing and residential care facilities",1000,Per capita real GDP by Metropolitan Area (chained 2001 dollars),"n/a","n/a","n/a","n/a","n/a","n/a"
"36140","Ocean City, NJ (MSA)",70,"     Social assistance",1000,Per capita real GDP by Metropolitan Area (chained 2001 dollars),"n/a","n/a","n/a","n/a","n/a","n/a"
"36140","Ocean City, NJ (MSA)",71,"   Arts, entertainment, and recreation",1000,Per capita real GDP by Metropolitan Area (chained 2001 dollars),"n/a","n/a","n/a","n/a","n/a","n/a"
"36140","Ocean City, NJ (MSA)",72,"     Performing arts, museums, and related activities",1000,Per capita real GDP by Metropolitan Area (chained 2001 dollars),"n/a","n/a","n/a","n/a","n/a","n/a"
"36140","Ocean City, NJ (MSA)",73,"     Amusement, gambling, and recreation",1000,Per capita real GDP by Metropolitan Area (chained 2001 dollars),"n/a","n/a","n/a","n/a","n/a","n/a"
"36140","Ocean City, NJ (MSA)",74,"   Accommodation and food services",1000,Per capita real GDP by Metropolitan Area (chained 2001 dollars),"n/a","n/a","n/a","n/a","n/a","n/a"
"36140","Ocean City, NJ (MSA)",75,"     Accommodation",1000,Per capita real GDP by Metropolitan Area (chained 2001 dollars),"n/a","n/a","n/a","n/a","n/a","n/a"
"36140","Ocean City, NJ (MSA)",76,"     Food services and drinking places",1000,Per capita real GDP by Metropolitan Area (chained 2001 dollars),"n/a","n/a","n/a","n/a","n/a","n/a"
"36140","Ocean City, NJ (MSA)",77,"   Other services, except government",1000,Per capita real GDP by Metropolitan Area (chained 2001 dollars),"n/a","n/a","n/a","n/a","n/a","n/a"
"36140","Ocean City, NJ (MSA)",78," Government",1000,Per capita real GDP by Metropolitan Area (chained 2001 dollars),"n/a","n/a","n/a","n/a","n/a","n/a"
"36140","Ocean City, NJ (MSA)",79,"   Federal civilian",1000,Per capita real GDP by Metropolitan Area (chained 2001 dollars),"n/a","n/a","n/a","n/a","n/a","n/a"
"36140","Ocean City, NJ (MSA)",80,"   Federal military",1000,Per capita real GDP by Metropolitan Area (chained 2001 dollars),"n/a","n/a","n/a","n/a","n/a","n/a"
"36140","Ocean City, NJ (MSA)",81,"   State and local",1000,Per capita real GDP by Metropolitan Area (chained 2001 dollars),"n/a","n/a","n/a","n/a","n/a","n/a"
"36140","Ocean City, NJ (MSA)",99,"Natural resources and mining",1000,Per capita real GDP by Metropolitan Area (chained 2001 dollars),"n/a","n/a","n/a","n/a","n/a","n/a"
"36140","Ocean City, NJ (MSA)",100,"Trade",1000,Per capita real GDP by Metropolitan Area (chained 2001 dollars),"n/a","n/a","n/a","n/a","n/a","n/a"
"36140","Ocean City, NJ (MSA)",101,"Transportation and utilities",1000,Per capita real GDP by Metropolitan Area (chained 2001 dollars),"n/a","n/a","n/a","n/a","n/a","n/a"
"36140","Ocean City, NJ (MSA)",102,"Financial activities",1000,Per capita real GDP by Metropolitan Area (chained 2001 dollars),"n/a","n/a","n/a","n/a","n/a","n/a"
"36140","Ocean City, NJ (MSA)",103,"Professional and business services",1000,Per capita real GDP by Metropolitan Area (chained 2001 dollars),"n/a","n/a","n/a","n/a","n/a","n/a"
"36140","Ocean City, NJ (MSA)",104,"Education and health services",1000,Per capita real GDP by Metropolitan Area (chained 2001 dollars),"n/a","n/a","n/a","n/a","n/a","n/a"
"36140","Ocean City, NJ (MSA)",105,"Leisure and hospitality",1000,Per capita real GDP by Metropolitan Area (chained 2001 dollars),"n/a","n/a","n/a","n/a","n/a","n/a"
"36140","Ocean City, NJ (MSA)",106,"Information, Communication, and Technology (ICT)",1000,Per capita real GDP by Metropolitan Area (chained 2001 dollars),"n/a","n/a","n/a","n/a","n/a","n/a"
"36140","Ocean City, NJ (MSA)",108,"Private goods-producing industries",1000,Per capita real GDP by Metropolitan Area (chained 2001 dollars),"n/a","n/a","n/a","n/a","n/a","n/a"
"36140","Ocean City, NJ (MSA)",109,"Private services-providing industries",1000,Per capita real GDP by Metropolitan Area (chained 2001 dollars),"n/a","n/a","n/a","n/a","n/a","n/a"
Source: Bureau of Economic Analysis, U.S. Department of Commerce
