"FIPS","Metropolitan Area","Industry Code","Industry","Component Code","Component","2001","2002","2003","2004","2005","2006"
"38060","Phoenix-Mesa-Scottsdale, AZ (MSA)",1,"Total Gross Domestic Product by Metropolitan Area",200,GDP by Metropolitan Area (millions of current dollars),125295,130751,138293,147088,162044,179489
"38060","Phoenix-Mesa-Scottsdale, AZ (MSA)",2," Private industries",200,GDP by Metropolitan Area (millions of current dollars),114086,118680,125304,133100,147014,163411
"38060","Phoenix-Mesa-Scottsdale, AZ (MSA)",3,"   Agriculture, forestry, fishing, and hunting",200,GDP by Metropolitan Area (millions of current dollars),877,"(D)",965,1201,1046,871
"38060","Phoenix-Mesa-Scottsdale, AZ (MSA)",4,"     Crop and animal production (Farms)",200,GDP by Metropolitan Area (millions of current dollars),734,804,837,1070,917,729
"38060","Phoenix-Mesa-Scottsdale, AZ (MSA)",5,"     Forestry, fishing, and related activities",200,GDP by Metropolitan Area (millions of current dollars),143,"(D)",128,132,129,142
"38060","Phoenix-Mesa-Scottsdale, AZ (MSA)",6,"   Mining",200,GDP by Metropolitan Area (millions of current dollars),477,471,477,651,1133,1656
"38060","Phoenix-Mesa-Scottsdale, AZ (MSA)",7,"     Oil and gas extraction",200,GDP by Metropolitan Area (millions of current dollars),"(D)","(D)","(D)","(D)","(D)","(D)"
"38060","Phoenix-Mesa-Scottsdale, AZ (MSA)",8,"     Mining, except oil and gas",200,GDP by Metropolitan Area (millions of current dollars),457,438,"(D)","(D)","(D)",1512
"38060","Phoenix-Mesa-Scottsdale, AZ (MSA)",9,"     Support activities for mining",200,GDP by Metropolitan Area (millions of current dollars),"(D)","(D)","(D)","(D)","(D)","(D)"
"38060","Phoenix-Mesa-Scottsdale, AZ (MSA)",10,"   Utilities",200,GDP by Metropolitan Area (millions of current dollars),2240,2271,2461,2502,2715,2977
"38060","Phoenix-Mesa-Scottsdale, AZ (MSA)",11,"   Construction",200,GDP by Metropolitan Area (millions of current dollars),8151,8564,8806,9891,12467,13937
"38060","Phoenix-Mesa-Scottsdale, AZ (MSA)",12,"   Manufacturing",200,GDP by Metropolitan Area (millions of current dollars),16045,15376,16378,13555,13070,14321
"38060","Phoenix-Mesa-Scottsdale, AZ (MSA)",13,"     Durable goods",200,GDP by Metropolitan Area (millions of current dollars),13865,13292,14375,11622,"(D)","(D)"
"38060","Phoenix-Mesa-Scottsdale, AZ (MSA)",14,"       Wood product manufacturing",200,GDP by Metropolitan Area (millions of current dollars),"(D)",247,289,336,403,408
"38060","Phoenix-Mesa-Scottsdale, AZ (MSA)",15,"       Nonmetallic mineral product manufacturing",200,GDP by Metropolitan Area (millions of current dollars),566,554,529,598,741,986
"38060","Phoenix-Mesa-Scottsdale, AZ (MSA)",16,"       Primary metal manufacturing",200,GDP by Metropolitan Area (millions of current dollars),313,262,317,372,202,423
"38060","Phoenix-Mesa-Scottsdale, AZ (MSA)",17,"       Fabricated metal product manufacturing",200,GDP by Metropolitan Area (millions of current dollars),1053,1079,964,1223,1201,1176
"38060","Phoenix-Mesa-Scottsdale, AZ (MSA)",18,"       Machinery manufacturing",200,GDP by Metropolitan Area (millions of current dollars),425,421,435,419,482,505
"38060","Phoenix-Mesa-Scottsdale, AZ (MSA)",19,"       Computer and electronic product manufacturing",200,GDP by Metropolitan Area (millions of current dollars),"(D)","(D)","(D)",6033,4816,5239
"38060","Phoenix-Mesa-Scottsdale, AZ (MSA)",20,"       Electrical equipment and appliance manufacturing",200,GDP by Metropolitan Area (millions of current dollars),"(D)","(D)",156,"(D)",105,116
"38060","Phoenix-Mesa-Scottsdale, AZ (MSA)",21,"       Motor vehicle, body, trailer, and parts manufacturing",200,GDP by Metropolitan Area (millions of current dollars),"(D)","(D)","(D)","(D)","(D)","(D)"
"38060","Phoenix-Mesa-Scottsdale, AZ (MSA)",22,"       Other transportation equipment manufacturing",200,GDP by Metropolitan Area (millions of current dollars),3139,"(D)","(D)","(D)","(D)",2251
"38060","Phoenix-Mesa-Scottsdale, AZ (MSA)",23,"       Furniture and related product manufacturing",200,GDP by Metropolitan Area (millions of current dollars),344,293,310,326,349,"(D)"
"38060","Phoenix-Mesa-Scottsdale, AZ (MSA)",24,"       Miscellaneous manufacturing",200,GDP by Metropolitan Area (millions of current dollars),395,430,414,412,"(D)","(D)"
"38060","Phoenix-Mesa-Scottsdale, AZ (MSA)",25,"     Nondurable goods",200,GDP by Metropolitan Area (millions of current dollars),2180,2084,2003,1933,"(D)","(D)"
"38060","Phoenix-Mesa-Scottsdale, AZ (MSA)",26,"       Food product manufacturing",200,GDP by Metropolitan Area (millions of current dollars),"(D)","(D)","(D)","(D)",721,818
"38060","Phoenix-Mesa-Scottsdale, AZ (MSA)",27,"       Textile and textile product mills",200,GDP by Metropolitan Area (millions of current dollars),"(D)","(D)","(D)","(D)","(D)","(D)"
"38060","Phoenix-Mesa-Scottsdale, AZ (MSA)",28,"       Apparel manufacturing",200,GDP by Metropolitan Area (millions of current dollars),27,"(D)","(D)",24,26,26
"38060","Phoenix-Mesa-Scottsdale, AZ (MSA)",29,"       Paper manufacturing",200,GDP by Metropolitan Area (millions of current dollars),118,120,123,153,203,162
"38060","Phoenix-Mesa-Scottsdale, AZ (MSA)",30,"       Printing and related support activities",200,GDP by Metropolitan Area (millions of current dollars),290,327,301,331,367,375
"38060","Phoenix-Mesa-Scottsdale, AZ (MSA)",31,"       Petroleum and coal products manufacturing",200,GDP by Metropolitan Area (millions of current dollars),"(D)",12,15,26,29,21
"38060","Phoenix-Mesa-Scottsdale, AZ (MSA)",32,"       Chemical manufacturing",200,GDP by Metropolitan Area (millions of current dollars),540,266,270,310,392,435
"38060","Phoenix-Mesa-Scottsdale, AZ (MSA)",33,"       Plastics and rubber products manufacturing",200,GDP by Metropolitan Area (millions of current dollars),"(D)","(D)","(D)","(D)",243,276
"38060","Phoenix-Mesa-Scottsdale, AZ (MSA)",34,"   Wholesale trade",200,GDP by Metropolitan Area (millions of current dollars),8530,8692,8967,10058,10642,11287
"38060","Phoenix-Mesa-Scottsdale, AZ (MSA)",35,"   Retail trade",200,GDP by Metropolitan Area (millions of current dollars),9955,10358,11112,11824,13227,14163
"38060","Phoenix-Mesa-Scottsdale, AZ (MSA)",36,"   Transportation and warehousing, excluding Postal Service",200,GDP by Metropolitan Area (millions of current dollars),3282,3563,3832,4209,4358,4849
"38060","Phoenix-Mesa-Scottsdale, AZ (MSA)",37,"     Air transportation",200,GDP by Metropolitan Area (millions of current dollars),921,1083,1286,1361,1327,1575
"38060","Phoenix-Mesa-Scottsdale, AZ (MSA)",38,"     Rail transportation",200,GDP by Metropolitan Area (millions of current dollars),73,77,86,91,103,117
"38060","Phoenix-Mesa-Scottsdale, AZ (MSA)",39,"     Water transportation",200,GDP by Metropolitan Area (millions of current dollars),"(D)","(D)","(D)","(D)","(D)","(D)"
"38060","Phoenix-Mesa-Scottsdale, AZ (MSA)",40,"     Truck transportation",200,GDP by Metropolitan Area (millions of current dollars),1040,1112,1124,1257,1388,1489
"38060","Phoenix-Mesa-Scottsdale, AZ (MSA)",41,"     Transit and ground passenger transportation",200,GDP by Metropolitan Area (millions of current dollars),169,184,182,200,181,208
"38060","Phoenix-Mesa-Scottsdale, AZ (MSA)",42,"     Pipeline transportation",200,GDP by Metropolitan Area (millions of current dollars),"(D)","(D)","(D)","(D)","(D)","(D)"
"38060","Phoenix-Mesa-Scottsdale, AZ (MSA)",43,"     Other transportation and support activities",200,GDP by Metropolitan Area (millions of current dollars),"(D)","(D)","(D)","(D)","(D)","(D)"
"38060","Phoenix-Mesa-Scottsdale, AZ (MSA)",44,"     Warehousing and storage",200,GDP by Metropolitan Area (millions of current dollars),"(D)","(D)","(D)","(D)","(D)",379
"38060","Phoenix-Mesa-Scottsdale, AZ (MSA)",45,"   Information",200,GDP by Metropolitan Area (millions of current dollars),4485,4566,4522,4686,4997,5376
"38060","Phoenix-Mesa-Scottsdale, AZ (MSA)",46,"     Publishing including software",200,GDP by Metropolitan Area (millions of current dollars),816,726,716,"(D)","(D)","(D)"
"38060","Phoenix-Mesa-Scottsdale, AZ (MSA)",47,"     Motion picture and sound recording industries",200,GDP by Metropolitan Area (millions of current dollars),"(D)","(D)","(D)","(D)","(D)","(D)"
"38060","Phoenix-Mesa-Scottsdale, AZ (MSA)",48,"     Broadcasting and telecommunications",200,GDP by Metropolitan Area (millions of current dollars),3150,"(D)","(D)","(D)","(D)","(D)"
"38060","Phoenix-Mesa-Scottsdale, AZ (MSA)",49,"     Information and data processing services",200,GDP by Metropolitan Area (millions of current dollars),"(D)",603,"(D)",640,724,869
"38060","Phoenix-Mesa-Scottsdale, AZ (MSA)",50,"   Finance and insurance",200,GDP by Metropolitan Area (millions of current dollars),10936,12479,13568,14355,14896,17591
"38060","Phoenix-Mesa-Scottsdale, AZ (MSA)",51,"     Federal Reserve banks, credit intermediation and related services",200,GDP by Metropolitan Area (millions of current dollars),"(D)","(D)","(D)","(D)","(D)","(D)"
"38060","Phoenix-Mesa-Scottsdale, AZ (MSA)",52,"     Securities, commodity contracts, investments",200,GDP by Metropolitan Area (millions of current dollars),"(D)",864,"(D)","(D)",977,1173
"38060","Phoenix-Mesa-Scottsdale, AZ (MSA)",53,"     Insurance carriers and related activities",200,GDP by Metropolitan Area (millions of current dollars),3379,3529,"(D)",3991,"(D)",4072
"38060","Phoenix-Mesa-Scottsdale, AZ (MSA)",54,"     Funds, trusts, and other financial vehicles",200,GDP by Metropolitan Area (millions of current dollars),"(D)","(D)","(D)","(D)",258,"(D)"
"38060","Phoenix-Mesa-Scottsdale, AZ (MSA)",55,"   Real estate and rental and leasing",200,GDP by Metropolitan Area (millions of current dollars),18621,19856,20472,23271,27678,30956
"38060","Phoenix-Mesa-Scottsdale, AZ (MSA)",56,"     Real estate",200,GDP by Metropolitan Area (millions of current dollars),16782,18077,18668,21383,25792,28846
"38060","Phoenix-Mesa-Scottsdale, AZ (MSA)",57,"     Rental and leasing services and lessors of intangible assets",200,GDP by Metropolitan Area (millions of current dollars),1838,1778,1803,1888,1886,2109
"38060","Phoenix-Mesa-Scottsdale, AZ (MSA)",58,"   Professional and technical services",200,GDP by Metropolitan Area (millions of current dollars),"(D)","(D)","(D)","(D)","(D)","(D)"
"38060","Phoenix-Mesa-Scottsdale, AZ (MSA)",62,"   Management of companies and enterprises",200,GDP by Metropolitan Area (millions of current dollars),"(D)","(D)","(D)","(D)","(D)","(D)"
"38060","Phoenix-Mesa-Scottsdale, AZ (MSA)",63,"   Administrative and waste services",200,GDP by Metropolitan Area (millions of current dollars),5731,5805,6363,6812,8078,8957
"38060","Phoenix-Mesa-Scottsdale, AZ (MSA)",64,"     Administrative and support services",200,GDP by Metropolitan Area (millions of current dollars),5453,5498,6037,6456,7662,8491
"38060","Phoenix-Mesa-Scottsdale, AZ (MSA)",65,"     Waste management and remediation services",200,GDP by Metropolitan Area (millions of current dollars),278,307,326,356,416,466
"38060","Phoenix-Mesa-Scottsdale, AZ (MSA)",66,"   Educational services",200,GDP by Metropolitan Area (millions of current dollars),642,782,909,1134,1276,1357
"38060","Phoenix-Mesa-Scottsdale, AZ (MSA)",67,"   Health care and social assistance",200,GDP by Metropolitan Area (millions of current dollars),6940,7604,8472,9248,10131,11363
"38060","Phoenix-Mesa-Scottsdale, AZ (MSA)",68,"     Ambulatory health care services",200,GDP by Metropolitan Area (millions of current dollars),4329,4693,5227,5676,6350,7141
"38060","Phoenix-Mesa-Scottsdale, AZ (MSA)",69,"     Hospitals and nursing and residential care facilities",200,GDP by Metropolitan Area (millions of current dollars),"(D)","(D)","(D)","(D)",3114,"(D)"
"38060","Phoenix-Mesa-Scottsdale, AZ (MSA)",70,"     Social assistance",200,GDP by Metropolitan Area (millions of current dollars),"(D)","(D)","(D)","(D)",668,"(D)"
"38060","Phoenix-Mesa-Scottsdale, AZ (MSA)",71,"   Arts, entertainment, and recreation",200,GDP by Metropolitan Area (millions of current dollars),1425,1491,1485,1542,1637,1858
"38060","Phoenix-Mesa-Scottsdale, AZ (MSA)",72,"     Performing arts, museums, and related activities",200,GDP by Metropolitan Area (millions of current dollars),722,797,797,811,858,1036
"38060","Phoenix-Mesa-Scottsdale, AZ (MSA)",73,"     Amusement, gambling, and recreation",200,GDP by Metropolitan Area (millions of current dollars),703,694,687,730,779,822
"38060","Phoenix-Mesa-Scottsdale, AZ (MSA)",74,"   Accommodation and food services",200,GDP by Metropolitan Area (millions of current dollars),3767,3968,4176,4529,4969,5459
"38060","Phoenix-Mesa-Scottsdale, AZ (MSA)",75,"     Accommodation",200,GDP by Metropolitan Area (millions of current dollars),1300,1320,1374,1523,1656,1802
"38060","Phoenix-Mesa-Scottsdale, AZ (MSA)",76,"     Food services and drinking places",200,GDP by Metropolitan Area (millions of current dollars),2468,2649,2802,3007,3313,3657
"38060","Phoenix-Mesa-Scottsdale, AZ (MSA)",77,"   Other services, except government",200,GDP by Metropolitan Area (millions of current dollars),2450,2512,2585,2716,2972,3197
"38060","Phoenix-Mesa-Scottsdale, AZ (MSA)",78," Government",200,GDP by Metropolitan Area (millions of current dollars),11209,12071,12989,13988,15030,16078
"38060","Phoenix-Mesa-Scottsdale, AZ (MSA)",79,"   Federal civilian",200,GDP by Metropolitan Area (millions of current dollars),1570,1648,1764,1925,2041,2088
"38060","Phoenix-Mesa-Scottsdale, AZ (MSA)",80,"   Federal military",200,GDP by Metropolitan Area (millions of current dollars),557,671,794,833,882,855
"38060","Phoenix-Mesa-Scottsdale, AZ (MSA)",81,"   State and local",200,GDP by Metropolitan Area (millions of current dollars),9082,9752,10431,11230,12107,13134
"38060","Phoenix-Mesa-Scottsdale, AZ (MSA)",99,"Natural resources and mining",200,GDP by Metropolitan Area (millions of current dollars),1354,"(D)",1442,1852,2179,2527
"38060","Phoenix-Mesa-Scottsdale, AZ (MSA)",100,"Trade",200,GDP by Metropolitan Area (millions of current dollars),18485,19050,20079,21882,23869,25450
"38060","Phoenix-Mesa-Scottsdale, AZ (MSA)",101,"Transportation and utilities",200,GDP by Metropolitan Area (millions of current dollars),5522,5835,6293,6711,7073,7826
"38060","Phoenix-Mesa-Scottsdale, AZ (MSA)",102,"Financial activities",200,GDP by Metropolitan Area (millions of current dollars),29557,32335,34040,37626,42574,48547
"38060","Phoenix-Mesa-Scottsdale, AZ (MSA)",103,"Professional and business services",200,GDP by Metropolitan Area (millions of current dollars),15265,"(D)",16117,17729,19800,22193
"38060","Phoenix-Mesa-Scottsdale, AZ (MSA)",104,"Education and health services",200,GDP by Metropolitan Area (millions of current dollars),7582,8386,9381,10382,11407,12720
"38060","Phoenix-Mesa-Scottsdale, AZ (MSA)",105,"Leisure and hospitality",200,GDP by Metropolitan Area (millions of current dollars),5192,5460,5661,6071,6606,7317
"38060","Phoenix-Mesa-Scottsdale, AZ (MSA)",106,"Information, Communication, and Technology (ICT)",200,GDP by Metropolitan Area (millions of current dollars),9391,"(D)",11305,"(D)","(D)","(D)"
"38060","Phoenix-Mesa-Scottsdale, AZ (MSA)",108,"Private goods-producing industries",200,GDP by Metropolitan Area (millions of current dollars),25406,"(D)",26497,25166,27587,30643
"38060","Phoenix-Mesa-Scottsdale, AZ (MSA)",109,"Private services-providing industries",200,GDP by Metropolitan Area (millions of current dollars),88680,"(D)",98807,107933,119427,132768
"FIPS","Metropolitan Area","Industry Code","Industry","Component Code","Component","2001","2002","2003","2004","2005","2006"
"38060","Phoenix-Mesa-Scottsdale, AZ (MSA)",1,"Total Gross Domestic Product by Metropolitan Area",800,Quantity Indexes for Real GDP by Metropolitan Area (2001=100.000),100.000,102.681,107.432,111.699,120.251,129.406
"38060","Phoenix-Mesa-Scottsdale, AZ (MSA)",2," Private industries",800,Quantity Indexes for Real GDP by Metropolitan Area (2001=100.000),100.000,102.650,107.613,112.012,121.172,131.062
"38060","Phoenix-Mesa-Scottsdale, AZ (MSA)",3,"   Agriculture, forestry, fishing, and hunting",800,Quantity Indexes for Real GDP by Metropolitan Area (2001=100.000),100.000,"(D)",106.087,111.887,114.758,99.880
"38060","Phoenix-Mesa-Scottsdale, AZ (MSA)",4,"     Crop and animal production (Farms)",800,Quantity Indexes for Real GDP by Metropolitan Area (2001=100.000),100.000,120.848,109.405,116.352,120.117,101.269
"38060","Phoenix-Mesa-Scottsdale, AZ (MSA)",5,"     Forestry, fishing, and related activities",800,Quantity Indexes for Real GDP by Metropolitan Area (2001=100.000),100.000,"(D)",90.064,89.401,87.289,92.034
"38060","Phoenix-Mesa-Scottsdale, AZ (MSA)",6,"   Mining",800,Quantity Indexes for Real GDP by Metropolitan Area (2001=100.000),100.000,91.874,90.263,111.813,169.301,216.006
"38060","Phoenix-Mesa-Scottsdale, AZ (MSA)",7,"     Oil and gas extraction",800,Quantity Indexes for Real GDP by Metropolitan Area (2001=100.000),"(D)","(D)","(D)","(D)","(D)","(D)"
"38060","Phoenix-Mesa-Scottsdale, AZ (MSA)",8,"     Mining, except oil and gas",800,Quantity Indexes for Real GDP by Metropolitan Area (2001=100.000),100.000,90.835,"(D)","(D)","(D)",212.691
"38060","Phoenix-Mesa-Scottsdale, AZ (MSA)",9,"     Support activities for mining",800,Quantity Indexes for Real GDP by Metropolitan Area (2001=100.000),"(D)","(D)","(D)","(D)","(D)","(D)"
"38060","Phoenix-Mesa-Scottsdale, AZ (MSA)",10,"   Utilities",800,Quantity Indexes for Real GDP by Metropolitan Area (2001=100.000),100.000,103.174,112.628,110.861,113.273,110.774
"38060","Phoenix-Mesa-Scottsdale, AZ (MSA)",11,"   Construction",800,Quantity Indexes for Real GDP by Metropolitan Area (2001=100.000),100.000,100.287,98.171,101.729,116.807,118.413
"38060","Phoenix-Mesa-Scottsdale, AZ (MSA)",12,"   Manufacturing",800,Quantity Indexes for Real GDP by Metropolitan Area (2001=100.000),100.000,100.702,115.724,101.620,101.632,115.262
"38060","Phoenix-Mesa-Scottsdale, AZ (MSA)",13,"     Durable goods",800,Quantity Indexes for Real GDP by Metropolitan Area (2001=100.000),100.000,101.802,119.994,103.623,"(D)","(D)"
"38060","Phoenix-Mesa-Scottsdale, AZ (MSA)",14,"       Wood product manufacturing",800,Quantity Indexes for Real GDP by Metropolitan Area (2001=100.000),"(D)","(D)","(D)","(D)","(D)","(D)"
"38060","Phoenix-Mesa-Scottsdale, AZ (MSA)",15,"       Nonmetallic mineral product manufacturing",800,Quantity Indexes for Real GDP by Metropolitan Area (2001=100.000),100.000,96.240,92.960,102.547,118.196,139.448
"38060","Phoenix-Mesa-Scottsdale, AZ (MSA)",16,"       Primary metal manufacturing",800,Quantity Indexes for Real GDP by Metropolitan Area (2001=100.000),100.000,83.825,106.081,101.172,48.053,83.384
"38060","Phoenix-Mesa-Scottsdale, AZ (MSA)",17,"       Fabricated metal product manufacturing",800,Quantity Indexes for Real GDP by Metropolitan Area (2001=100.000),100.000,102.000,92.188,113.959,106.676,103.905
"38060","Phoenix-Mesa-Scottsdale, AZ (MSA)",18,"       Machinery manufacturing",800,Quantity Indexes for Real GDP by Metropolitan Area (2001=100.000),100.000,98.405,102.103,101.383,114.144,118.610
"38060","Phoenix-Mesa-Scottsdale, AZ (MSA)",19,"       Computer and electronic product manufacturing",800,Quantity Indexes for Real GDP by Metropolitan Area (2001=100.000),"(D)","(D)","(D)","(D)","(D)","(D)"
"38060","Phoenix-Mesa-Scottsdale, AZ (MSA)",20,"       Electrical equipment and appliance manufacturing",800,Quantity Indexes for Real GDP by Metropolitan Area (2001=100.000),"(D)","(D)","(D)","(D)","(D)","(D)"
"38060","Phoenix-Mesa-Scottsdale, AZ (MSA)",21,"       Motor vehicle, body, trailer, and parts manufacturing",800,Quantity Indexes for Real GDP by Metropolitan Area (2001=100.000),"(D)","(D)","(D)","(D)","(D)","(D)"
"38060","Phoenix-Mesa-Scottsdale, AZ (MSA)",22,"       Other transportation equipment manufacturing",800,Quantity Indexes for Real GDP by Metropolitan Area (2001=100.000),100.000,"(D)","(D)","(D)","(D)",61.871
"38060","Phoenix-Mesa-Scottsdale, AZ (MSA)",23,"       Furniture and related product manufacturing",800,Quantity Indexes for Real GDP by Metropolitan Area (2001=100.000),100.000,83.226,87.968,96.183,99.310,"(D)"
"38060","Phoenix-Mesa-Scottsdale, AZ (MSA)",24,"       Miscellaneous manufacturing",800,Quantity Indexes for Real GDP by Metropolitan Area (2001=100.000),100.000,105.908,101.915,103.458,"(D)","(D)"
"38060","Phoenix-Mesa-Scottsdale, AZ (MSA)",25,"     Nondurable goods",800,Quantity Indexes for Real GDP by Metropolitan Area (2001=100.000),100.000,93.911,90.884,89.052,"(D)","(D)"
"38060","Phoenix-Mesa-Scottsdale, AZ (MSA)",26,"       Food product manufacturing",800,Quantity Indexes for Real GDP by Metropolitan Area (2001=100.000),"(D)","(D)","(D)","(D)","(D)","(D)"
"38060","Phoenix-Mesa-Scottsdale, AZ (MSA)",27,"       Textile and textile product mills",800,Quantity Indexes for Real GDP by Metropolitan Area (2001=100.000),"(D)","(D)","(D)","(D)","(D)","(D)"
"38060","Phoenix-Mesa-Scottsdale, AZ (MSA)",28,"       Apparel manufacturing",800,Quantity Indexes for Real GDP by Metropolitan Area (2001=100.000),100.000,"(D)","(D)",89.789,101.356,99.059
"38060","Phoenix-Mesa-Scottsdale, AZ (MSA)",29,"       Paper manufacturing",800,Quantity Indexes for Real GDP by Metropolitan Area (2001=100.000),100.000,103.223,108.487,138.317,182.434,137.820
"38060","Phoenix-Mesa-Scottsdale, AZ (MSA)",30,"       Printing and related support activities",800,Quantity Indexes for Real GDP by Metropolitan Area (2001=100.000),100.000,111.620,103.429,115.754,128.858,130.024
"38060","Phoenix-Mesa-Scottsdale, AZ (MSA)",31,"       Petroleum and coal products manufacturing",800,Quantity Indexes for Real GDP by Metropolitan Area (2001=100.000),"(D)","(D)","(D)","(D)","(D)","(D)"
"38060","Phoenix-Mesa-Scottsdale, AZ (MSA)",32,"       Chemical manufacturing",800,Quantity Indexes for Real GDP by Metropolitan Area (2001=100.000),100.000,49.516,48.589,54.184,63.723,66.895
"38060","Phoenix-Mesa-Scottsdale, AZ (MSA)",33,"       Plastics and rubber products manufacturing",800,Quantity Indexes for Real GDP by Metropolitan Area (2001=100.000),"(D)","(D)","(D)","(D)","(D)","(D)"
"38060","Phoenix-Mesa-Scottsdale, AZ (MSA)",34,"   Wholesale trade",800,Quantity Indexes for Real GDP by Metropolitan Area (2001=100.000),100.000,101.527,103.355,109.722,112.116,114.838
"38060","Phoenix-Mesa-Scottsdale, AZ (MSA)",35,"   Retail trade",800,Quantity Indexes for Real GDP by Metropolitan Area (2001=100.000),100.000,102.175,109.048,115.177,130.700,140.820
"38060","Phoenix-Mesa-Scottsdale, AZ (MSA)",36,"   Transportation and warehousing, excluding Postal Service",800,Quantity Indexes for Real GDP by Metropolitan Area (2001=100.000),100.000,110.943,117.663,133.711,142.434,152.967
"38060","Phoenix-Mesa-Scottsdale, AZ (MSA)",37,"     Air transportation",800,Quantity Indexes for Real GDP by Metropolitan Area (2001=100.000),100.000,133.733,158.749,198.867,222.467,247.210
"38060","Phoenix-Mesa-Scottsdale, AZ (MSA)",38,"     Rail transportation",800,Quantity Indexes for Real GDP by Metropolitan Area (2001=100.000),100.000,101.315,110.745,112.600,113.103,145.441
"38060","Phoenix-Mesa-Scottsdale, AZ (MSA)",39,"     Water transportation",800,Quantity Indexes for Real GDP by Metropolitan Area (2001=100.000),"(D)","(D)","(D)","(D)","(D)","(D)"
"38060","Phoenix-Mesa-Scottsdale, AZ (MSA)",40,"     Truck transportation",800,Quantity Indexes for Real GDP by Metropolitan Area (2001=100.000),100.000,103.817,103.605,112.139,121.039,126.080
"38060","Phoenix-Mesa-Scottsdale, AZ (MSA)",41,"     Transit and ground passenger transportation",800,Quantity Indexes for Real GDP by Metropolitan Area (2001=100.000),100.000,105.648,100.071,107.581,95.645,107.022
"38060","Phoenix-Mesa-Scottsdale, AZ (MSA)",42,"     Pipeline transportation",800,Quantity Indexes for Real GDP by Metropolitan Area (2001=100.000),"(D)","(D)","(D)","(D)","(D)","(D)"
"38060","Phoenix-Mesa-Scottsdale, AZ (MSA)",43,"     Other transportation and support activities",800,Quantity Indexes for Real GDP by Metropolitan Area (2001=100.000),"(D)","(D)","(D)","(D)","(D)","(D)"
"38060","Phoenix-Mesa-Scottsdale, AZ (MSA)",44,"     Warehousing and storage",800,Quantity Indexes for Real GDP by Metropolitan Area (2001=100.000),"(D)","(D)","(D)","(D)","(D)","(D)"
"38060","Phoenix-Mesa-Scottsdale, AZ (MSA)",45,"   Information",800,Quantity Indexes for Real GDP by Metropolitan Area (2001=100.000),100.000,103.125,103.530,110.781,123.532,136.712
"38060","Phoenix-Mesa-Scottsdale, AZ (MSA)",46,"     Publishing including software",800,Quantity Indexes for Real GDP by Metropolitan Area (2001=100.000),100.000,88.536,90.169,"(D)","(D)","(D)"
"38060","Phoenix-Mesa-Scottsdale, AZ (MSA)",47,"     Motion picture and sound recording industries",800,Quantity Indexes for Real GDP by Metropolitan Area (2001=100.000),"(D)","(D)","(D)","(D)","(D)","(D)"
"38060","Phoenix-Mesa-Scottsdale, AZ (MSA)",48,"     Broadcasting and telecommunications",800,Quantity Indexes for Real GDP by Metropolitan Area (2001=100.000),100.000,"(D)","(D)","(D)","(D)","(D)"
"38060","Phoenix-Mesa-Scottsdale, AZ (MSA)",49,"     Information and data processing services",800,Quantity Indexes for Real GDP by Metropolitan Area (2001=100.000),"(D)","(D)","(D)","(D)","(D)","(D)"
"38060","Phoenix-Mesa-Scottsdale, AZ (MSA)",50,"   Finance and insurance",800,Quantity Indexes for Real GDP by Metropolitan Area (2001=100.000),100.000,109.757,116.213,118.243,119.861,137.924
"38060","Phoenix-Mesa-Scottsdale, AZ (MSA)",51,"     Federal Reserve banks, credit intermediation and related services",800,Quantity Indexes for Real GDP by Metropolitan Area (2001=100.000),"(D)","(D)","(D)","(D)","(D)","(D)"
"38060","Phoenix-Mesa-Scottsdale, AZ (MSA)",52,"     Securities, commodity contracts, investments",800,Quantity Indexes for Real GDP by Metropolitan Area (2001=100.000),"(D)","(D)","(D)","(D)","(D)","(D)"
"38060","Phoenix-Mesa-Scottsdale, AZ (MSA)",53,"     Insurance carriers and related activities",800,Quantity Indexes for Real GDP by Metropolitan Area (2001=100.000),100.000,101.226,"(D)",99.007,"(D)",96.466
"38060","Phoenix-Mesa-Scottsdale, AZ (MSA)",54,"     Funds, trusts, and other financial vehicles",800,Quantity Indexes for Real GDP by Metropolitan Area (2001=100.000),"(D)","(D)","(D)","(D)","(D)","(D)"
"38060","Phoenix-Mesa-Scottsdale, AZ (MSA)",55,"   Real estate and rental and leasing",800,Quantity Indexes for Real GDP by Metropolitan Area (2001=100.000),100.000,103.362,103.532,114.953,133.499,145.370
"38060","Phoenix-Mesa-Scottsdale, AZ (MSA)",56,"     Real estate",800,Quantity Indexes for Real GDP by Metropolitan Area (2001=100.000),100.000,103.959,104.497,116.990,138.046,150.234
"38060","Phoenix-Mesa-Scottsdale, AZ (MSA)",57,"     Rental and leasing services and lessors of intangible assets",800,Quantity Indexes for Real GDP by Metropolitan Area (2001=100.000),100.000,97.781,94.477,95.898,91.369,100.289
"38060","Phoenix-Mesa-Scottsdale, AZ (MSA)",58,"   Professional and technical services",800,Quantity Indexes for Real GDP by Metropolitan Area (2001=100.000),"(D)","(D)","(D)","(D)","(D)","(D)"
"38060","Phoenix-Mesa-Scottsdale, AZ (MSA)",62,"   Management of companies and enterprises",800,Quantity Indexes for Real GDP by Metropolitan Area (2001=100.000),"(D)","(D)","(D)","(D)","(D)","(D)"
"38060","Phoenix-Mesa-Scottsdale, AZ (MSA)",63,"   Administrative and waste services",800,Quantity Indexes for Real GDP by Metropolitan Area (2001=100.000),100.000,98.981,108.198,112.066,128.061,135.886
"38060","Phoenix-Mesa-Scottsdale, AZ (MSA)",64,"     Administrative and support services",800,Quantity Indexes for Real GDP by Metropolitan Area (2001=100.000),100.000,98.625,108.109,112.107,127.734,135.660
"38060","Phoenix-Mesa-Scottsdale, AZ (MSA)",65,"     Waste management and remediation services",800,Quantity Indexes for Real GDP by Metropolitan Area (2001=100.000),100.000,105.898,110.026,111.500,134.423,140.324
"38060","Phoenix-Mesa-Scottsdale, AZ (MSA)",66,"   Educational services",800,Quantity Indexes for Real GDP by Metropolitan Area (2001=100.000),100.000,114.103,127.934,150.421,160.478,162.523
"38060","Phoenix-Mesa-Scottsdale, AZ (MSA)",67,"   Health care and social assistance",800,Quantity Indexes for Real GDP by Metropolitan Area (2001=100.000),100.000,106.429,115.787,122.782,131.142,144.082
"38060","Phoenix-Mesa-Scottsdale, AZ (MSA)",68,"     Ambulatory health care services",800,Quantity Indexes for Real GDP by Metropolitan Area (2001=100.000),100.000,106.830,116.786,123.994,136.065,151.347
"38060","Phoenix-Mesa-Scottsdale, AZ (MSA)",69,"     Hospitals and nursing and residential care facilities",800,Quantity Indexes for Real GDP by Metropolitan Area (2001=100.000),"(D)","(D)","(D)","(D)","(D)","(D)"
"38060","Phoenix-Mesa-Scottsdale, AZ (MSA)",70,"     Social assistance",800,Quantity Indexes for Real GDP by Metropolitan Area (2001=100.000),"(D)","(D)","(D)","(D)","(D)","(D)"
"38060","Phoenix-Mesa-Scottsdale, AZ (MSA)",71,"   Arts, entertainment, and recreation",800,Quantity Indexes for Real GDP by Metropolitan Area (2001=100.000),100.000,101.204,97.950,98.612,101.226,110.933
"38060","Phoenix-Mesa-Scottsdale, AZ (MSA)",72,"     Performing arts, museums, and related activities",800,Quantity Indexes for Real GDP by Metropolitan Area (2001=100.000),100.000,106.688,102.880,100.594,101.548,117.993
"38060","Phoenix-Mesa-Scottsdale, AZ (MSA)",73,"     Amusement, gambling, and recreation",800,Quantity Indexes for Real GDP by Metropolitan Area (2001=100.000),100.000,95.570,92.890,96.669,101.083,103.399
"38060","Phoenix-Mesa-Scottsdale, AZ (MSA)",74,"   Accommodation and food services",800,Quantity Indexes for Real GDP by Metropolitan Area (2001=100.000),100.000,101.493,105.798,111.004,117.460,124.220
"38060","Phoenix-Mesa-Scottsdale, AZ (MSA)",75,"     Accommodation",800,Quantity Indexes for Real GDP by Metropolitan Area (2001=100.000),100.000,101.263,104.089,109.380,113.335,120.023
"38060","Phoenix-Mesa-Scottsdale, AZ (MSA)",76,"     Food services and drinking places",800,Quantity Indexes for Real GDP by Metropolitan Area (2001=100.000),100.000,101.612,106.658,111.819,119.580,126.376
"38060","Phoenix-Mesa-Scottsdale, AZ (MSA)",77,"   Other services, except government",800,Quantity Indexes for Real GDP by Metropolitan Area (2001=100.000),100.000,98.377,98.289,100.144,103.607,106.281
"38060","Phoenix-Mesa-Scottsdale, AZ (MSA)",78," Government",800,Quantity Indexes for Real GDP by Metropolitan Area (2001=100.000),100.000,103.000,105.688,108.720,111.710,114.279
"38060","Phoenix-Mesa-Scottsdale, AZ (MSA)",79,"   Federal civilian",800,Quantity Indexes for Real GDP by Metropolitan Area (2001=100.000),100.000,98.598,100.053,101.807,103.585,101.869
"38060","Phoenix-Mesa-Scottsdale, AZ (MSA)",80,"   Federal military",800,Quantity Indexes for Real GDP by Metropolitan Area (2001=100.000),100.000,111.170,121.184,119.440,116.535,106.867
"38060","Phoenix-Mesa-Scottsdale, AZ (MSA)",81,"   State and local",800,Quantity Indexes for Real GDP by Metropolitan Area (2001=100.000),100.000,103.259,105.689,109.274,112.896,117.120
"38060","Phoenix-Mesa-Scottsdale, AZ (MSA)",99,"Natural resources and mining",800,Quantity Indexes for Real GDP by Metropolitan Area (2001=100.000),100.000,"(D)",100.281,111.730,135.724,147.973
"38060","Phoenix-Mesa-Scottsdale, AZ (MSA)",100,"Trade",800,Quantity Indexes for Real GDP by Metropolitan Area (2001=100.000),100.000,101.877,106.435,112.677,121.935,128.454
"38060","Phoenix-Mesa-Scottsdale, AZ (MSA)",101,"Transportation and utilities",800,Quantity Indexes for Real GDP by Metropolitan Area (2001=100.000),100.000,107.792,115.616,124.379,130.423,135.143
"38060","Phoenix-Mesa-Scottsdale, AZ (MSA)",102,"Financial activities",800,Quantity Indexes for Real GDP by Metropolitan Area (2001=100.000),100.000,105.734,108.240,116.155,128.352,142.539
"38060","Phoenix-Mesa-Scottsdale, AZ (MSA)",103,"Professional and business services",800,Quantity Indexes for Real GDP by Metropolitan Area (2001=100.000),100.000,"(D)",102.832,109.986,117.823,127.515
"38060","Phoenix-Mesa-Scottsdale, AZ (MSA)",104,"Education and health services",800,Quantity Indexes for Real GDP by Metropolitan Area (2001=100.000),100.000,107.090,116.840,125.222,133.731,145.626
"38060","Phoenix-Mesa-Scottsdale, AZ (MSA)",105,"Leisure and hospitality",800,Quantity Indexes for Real GDP by Metropolitan Area (2001=100.000),100.000,101.414,103.636,107.582,112.975,120.550
"38060","Phoenix-Mesa-Scottsdale, AZ (MSA)",106,"Information, Communication, and Technology (ICT)",800,Quantity Indexes for Real GDP by Metropolitan Area (2001=100.000),100.000,"(D)",147.797,"(D)","(D)","(D)"
"38060","Phoenix-Mesa-Scottsdale, AZ (MSA)",108,"Private goods-producing industries",800,Quantity Indexes for Real GDP by Metropolitan Area (2001=100.000),100.000,"(D)",108.805,102.944,110.778,119.073
"38060","Phoenix-Mesa-Scottsdale, AZ (MSA)",109,"Private services-providing industries",800,Quantity Indexes for Real GDP by Metropolitan Area (2001=100.000),100.000,"(D)",107.305,114.382,123.888,134.192
"FIPS","Metropolitan Area","Industry Code","Industry","Component Code","Component","2001","2002","2003","2004","2005","2006"
"38060","Phoenix-Mesa-Scottsdale, AZ (MSA)",1,"Total Gross Domestic Product by Metropolitan Area",900,Real GDP by Metropolitan Area (millions of chained 2001 dollars),125295,128655,134607,139953,150668,162139
"38060","Phoenix-Mesa-Scottsdale, AZ (MSA)",2," Private industries",900,Real GDP by Metropolitan Area (millions of chained 2001 dollars),114086,117109,122772,127790,138241,149523
"38060","Phoenix-Mesa-Scottsdale, AZ (MSA)",3,"   Agriculture, forestry, fishing, and hunting",900,Real GDP by Metropolitan Area (millions of chained 2001 dollars),877,"(D)",931,982,1007,876
"38060","Phoenix-Mesa-Scottsdale, AZ (MSA)",4,"     Crop and animal production (Farms)",900,Real GDP by Metropolitan Area (millions of chained 2001 dollars),734,887,803,854,882,743
"38060","Phoenix-Mesa-Scottsdale, AZ (MSA)",5,"     Forestry, fishing, and related activities",900,Real GDP by Metropolitan Area (millions of chained 2001 dollars),143,"(D)",129,128,125,132
"38060","Phoenix-Mesa-Scottsdale, AZ (MSA)",6,"   Mining",900,Real GDP by Metropolitan Area (millions of chained 2001 dollars),477,438,430,533,807,1029
"38060","Phoenix-Mesa-Scottsdale, AZ (MSA)",7,"     Oil and gas extraction",900,Real GDP by Metropolitan Area (millions of chained 2001 dollars),"(D)","(D)","(D)","(D)","(D)","(D)"
"38060","Phoenix-Mesa-Scottsdale, AZ (MSA)",8,"     Mining, except oil and gas",900,Real GDP by Metropolitan Area (millions of chained 2001 dollars),457,415,"(D)","(D)","(D)",972
"38060","Phoenix-Mesa-Scottsdale, AZ (MSA)",9,"     Support activities for mining",900,Real GDP by Metropolitan Area (millions of chained 2001 dollars),"(D)","(D)","(D)","(D)","(D)","(D)"
"38060","Phoenix-Mesa-Scottsdale, AZ (MSA)",10,"   Utilities",900,Real GDP by Metropolitan Area (millions of chained 2001 dollars),2240,2311,2523,2483,2537,2481
"38060","Phoenix-Mesa-Scottsdale, AZ (MSA)",11,"   Construction",900,Real GDP by Metropolitan Area (millions of chained 2001 dollars),8151,8174,8002,8292,9520,9651
"38060","Phoenix-Mesa-Scottsdale, AZ (MSA)",12,"   Manufacturing",900,Real GDP by Metropolitan Area (millions of chained 2001 dollars),16045,16158,18568,16305,16307,18494
"38060","Phoenix-Mesa-Scottsdale, AZ (MSA)",13,"     Durable goods",900,Real GDP by Metropolitan Area (millions of chained 2001 dollars),13865,14115,16638,14368,"(D)","(D)"
"38060","Phoenix-Mesa-Scottsdale, AZ (MSA)",14,"       Wood product manufacturing",900,Real GDP by Metropolitan Area (millions of chained 2001 dollars),"(D)",250,278,279,341,362
"38060","Phoenix-Mesa-Scottsdale, AZ (MSA)",15,"       Nonmetallic mineral product manufacturing",900,Real GDP by Metropolitan Area (millions of chained 2001 dollars),566,545,526,581,669,789
"38060","Phoenix-Mesa-Scottsdale, AZ (MSA)",16,"       Primary metal manufacturing",900,Real GDP by Metropolitan Area (millions of chained 2001 dollars),313,263,332,317,151,261
"38060","Phoenix-Mesa-Scottsdale, AZ (MSA)",17,"       Fabricated metal product manufacturing",900,Real GDP by Metropolitan Area (millions of chained 2001 dollars),1053,1074,970,1200,1123,1094
"38060","Phoenix-Mesa-Scottsdale, AZ (MSA)",18,"       Machinery manufacturing",900,Real GDP by Metropolitan Area (millions of chained 2001 dollars),425,418,434,431,485,504
"38060","Phoenix-Mesa-Scottsdale, AZ (MSA)",19,"       Computer and electronic product manufacturing",900,Real GDP by Metropolitan Area (millions of chained 2001 dollars),"(D)","(D)","(D)",9010,8231,10331
"38060","Phoenix-Mesa-Scottsdale, AZ (MSA)",20,"       Electrical equipment and appliance manufacturing",900,Real GDP by Metropolitan Area (millions of chained 2001 dollars),"(D)","(D)",163,"(D)",107,110
"38060","Phoenix-Mesa-Scottsdale, AZ (MSA)",21,"       Motor vehicle, body, trailer, and parts manufacturing",900,Real GDP by Metropolitan Area (millions of chained 2001 dollars),"(D)","(D)","(D)","(D)","(D)","(D)"
"38060","Phoenix-Mesa-Scottsdale, AZ (MSA)",22,"       Other transportation equipment manufacturing",900,Real GDP by Metropolitan Area (millions of chained 2001 dollars),3139,"(D)","(D)","(D)","(D)",1942
"38060","Phoenix-Mesa-Scottsdale, AZ (MSA)",23,"       Furniture and related product manufacturing",900,Real GDP by Metropolitan Area (millions of chained 2001 dollars),344,286,303,331,342,"(D)"
"38060","Phoenix-Mesa-Scottsdale, AZ (MSA)",24,"       Miscellaneous manufacturing",900,Real GDP by Metropolitan Area (millions of chained 2001 dollars),395,418,403,409,"(D)","(D)"
"38060","Phoenix-Mesa-Scottsdale, AZ (MSA)",25,"     Nondurable goods",900,Real GDP by Metropolitan Area (millions of chained 2001 dollars),2180,2047,1981,1941,"(D)","(D)"
"38060","Phoenix-Mesa-Scottsdale, AZ (MSA)",26,"       Food product manufacturing",900,Real GDP by Metropolitan Area (millions of chained 2001 dollars),"(D)","(D)","(D)","(D)",707,835
"38060","Phoenix-Mesa-Scottsdale, AZ (MSA)",27,"       Textile and textile product mills",900,Real GDP by Metropolitan Area (millions of chained 2001 dollars),"(D)","(D)","(D)","(D)","(D)","(D)"
"38060","Phoenix-Mesa-Scottsdale, AZ (MSA)",28,"       Apparel manufacturing",900,Real GDP by Metropolitan Area (millions of chained 2001 dollars),27,"(D)","(D)",25,28,27
"38060","Phoenix-Mesa-Scottsdale, AZ (MSA)",29,"       Paper manufacturing",900,Real GDP by Metropolitan Area (millions of chained 2001 dollars),118,122,128,163,215,163
"38060","Phoenix-Mesa-Scottsdale, AZ (MSA)",30,"       Printing and related support activities",900,Real GDP by Metropolitan Area (millions of chained 2001 dollars),290,323,299,335,373,376
"38060","Phoenix-Mesa-Scottsdale, AZ (MSA)",31,"       Petroleum and coal products manufacturing",900,Real GDP by Metropolitan Area (millions of chained 2001 dollars),"(D)",20,16,25,18,11
"38060","Phoenix-Mesa-Scottsdale, AZ (MSA)",32,"       Chemical manufacturing",900,Real GDP by Metropolitan Area (millions of chained 2001 dollars),540,267,262,293,344,361
"38060","Phoenix-Mesa-Scottsdale, AZ (MSA)",33,"       Plastics and rubber products manufacturing",900,Real GDP by Metropolitan Area (millions of chained 2001 dollars),"(D)","(D)","(D)","(D)",250,253
"38060","Phoenix-Mesa-Scottsdale, AZ (MSA)",34,"   Wholesale trade",900,Real GDP by Metropolitan Area (millions of chained 2001 dollars),8530,8660,8816,9359,9563,9795
"38060","Phoenix-Mesa-Scottsdale, AZ (MSA)",35,"   Retail trade",900,Real GDP by Metropolitan Area (millions of chained 2001 dollars),9955,10171,10856,11466,13011,14018
"38060","Phoenix-Mesa-Scottsdale, AZ (MSA)",36,"   Transportation and warehousing, excluding Postal Service",900,Real GDP by Metropolitan Area (millions of chained 2001 dollars),3282,3641,3862,4389,4675,5021
"38060","Phoenix-Mesa-Scottsdale, AZ (MSA)",37,"     Air transportation",900,Real GDP by Metropolitan Area (millions of chained 2001 dollars),921,1232,1463,1832,2050,2278
"38060","Phoenix-Mesa-Scottsdale, AZ (MSA)",38,"     Rail transportation",900,Real GDP by Metropolitan Area (millions of chained 2001 dollars),73,74,81,82,83,106
"38060","Phoenix-Mesa-Scottsdale, AZ (MSA)",39,"     Water transportation",900,Real GDP by Metropolitan Area (millions of chained 2001 dollars),"(D)","(D)","(D)","(D)","(D)","(D)"
"38060","Phoenix-Mesa-Scottsdale, AZ (MSA)",40,"     Truck transportation",900,Real GDP by Metropolitan Area (millions of chained 2001 dollars),1040,1080,1077,1166,1259,1311
"38060","Phoenix-Mesa-Scottsdale, AZ (MSA)",41,"     Transit and ground passenger transportation",900,Real GDP by Metropolitan Area (millions of chained 2001 dollars),169,179,169,182,162,181
"38060","Phoenix-Mesa-Scottsdale, AZ (MSA)",42,"     Pipeline transportation",900,Real GDP by Metropolitan Area (millions of chained 2001 dollars),"(D)","(D)","(D)","(D)","(D)","(D)"
"38060","Phoenix-Mesa-Scottsdale, AZ (MSA)",43,"     Other transportation and support activities",900,Real GDP by Metropolitan Area (millions of chained 2001 dollars),"(D)","(D)","(D)","(D)","(D)","(D)"
"38060","Phoenix-Mesa-Scottsdale, AZ (MSA)",44,"     Warehousing and storage",900,Real GDP by Metropolitan Area (millions of chained 2001 dollars),"(D)","(D)","(D)","(D)","(D)",349
"38060","Phoenix-Mesa-Scottsdale, AZ (MSA)",45,"   Information",900,Real GDP by Metropolitan Area (millions of chained 2001 dollars),4485,4625,4643,4969,5540,6132
"38060","Phoenix-Mesa-Scottsdale, AZ (MSA)",46,"     Publishing including software",900,Real GDP by Metropolitan Area (millions of chained 2001 dollars),816,723,736,"(D)","(D)","(D)"
"38060","Phoenix-Mesa-Scottsdale, AZ (MSA)",47,"     Motion picture and sound recording industries",900,Real GDP by Metropolitan Area (millions of chained 2001 dollars),"(D)","(D)","(D)","(D)","(D)","(D)"
"38060","Phoenix-Mesa-Scottsdale, AZ (MSA)",48,"     Broadcasting and telecommunications",900,Real GDP by Metropolitan Area (millions of chained 2001 dollars),3150,"(D)","(D)","(D)","(D)","(D)"
"38060","Phoenix-Mesa-Scottsdale, AZ (MSA)",49,"     Information and data processing services",900,Real GDP by Metropolitan Area (millions of chained 2001 dollars),"(D)",589,"(D)",647,750,949
"38060","Phoenix-Mesa-Scottsdale, AZ (MSA)",50,"   Finance and insurance",900,Real GDP by Metropolitan Area (millions of chained 2001 dollars),10936,12003,12709,12931,13108,15084
"38060","Phoenix-Mesa-Scottsdale, AZ (MSA)",51,"     Federal Reserve banks, credit intermediation and related services",900,Real GDP by Metropolitan Area (millions of chained 2001 dollars),"(D)","(D)","(D)","(D)","(D)","(D)"
"38060","Phoenix-Mesa-Scottsdale, AZ (MSA)",52,"     Securities, commodity contracts, investments",900,Real GDP by Metropolitan Area (millions of chained 2001 dollars),"(D)",903,"(D)","(D)",1091,1362
"38060","Phoenix-Mesa-Scottsdale, AZ (MSA)",53,"     Insurance carriers and related activities",900,Real GDP by Metropolitan Area (millions of chained 2001 dollars),3379,3421,"(D)",3346,"(D)",3260
"38060","Phoenix-Mesa-Scottsdale, AZ (MSA)",54,"     Funds, trusts, and other financial vehicles",900,Real GDP by Metropolitan Area (millions of chained 2001 dollars),"(D)","(D)","(D)","(D)",263,"(D)"
"38060","Phoenix-Mesa-Scottsdale, AZ (MSA)",55,"   Real estate and rental and leasing",900,Real GDP by Metropolitan Area (millions of chained 2001 dollars),18621,19247,19278,21405,24858,27069
"38060","Phoenix-Mesa-Scottsdale, AZ (MSA)",56,"     Real estate",900,Real GDP by Metropolitan Area (millions of chained 2001 dollars),16782,17447,17537,19633,23167,25213
"38060","Phoenix-Mesa-Scottsdale, AZ (MSA)",57,"     Rental and leasing services and lessors of intangible assets",900,Real GDP by Metropolitan Area (millions of chained 2001 dollars),1838,1798,1737,1763,1680,1844
"38060","Phoenix-Mesa-Scottsdale, AZ (MSA)",58,"   Professional and technical services",900,Real GDP by Metropolitan Area (millions of chained 2001 dollars),"(D)","(D)","(D)","(D)","(D)","(D)"
"38060","Phoenix-Mesa-Scottsdale, AZ (MSA)",62,"   Management of companies and enterprises",900,Real GDP by Metropolitan Area (millions of chained 2001 dollars),"(D)","(D)","(D)","(D)","(D)","(D)"
"38060","Phoenix-Mesa-Scottsdale, AZ (MSA)",63,"   Administrative and waste services",900,Real GDP by Metropolitan Area (millions of chained 2001 dollars),5731,5672,6200,6422,7339,7787
"38060","Phoenix-Mesa-Scottsdale, AZ (MSA)",64,"     Administrative and support services",900,Real GDP by Metropolitan Area (millions of chained 2001 dollars),5453,5378,5895,6113,6965,7397
"38060","Phoenix-Mesa-Scottsdale, AZ (MSA)",65,"     Waste management and remediation services",900,Real GDP by Metropolitan Area (millions of chained 2001 dollars),278,294,306,310,374,390
"38060","Phoenix-Mesa-Scottsdale, AZ (MSA)",66,"   Educational services",900,Real GDP by Metropolitan Area (millions of chained 2001 dollars),642,732,821,965,1030,1043
"38060","Phoenix-Mesa-Scottsdale, AZ (MSA)",67,"   Health care and social assistance",900,Real GDP by Metropolitan Area (millions of chained 2001 dollars),6940,7386,8036,8521,9101,9999
"38060","Phoenix-Mesa-Scottsdale, AZ (MSA)",68,"     Ambulatory health care services",900,Real GDP by Metropolitan Area (millions of chained 2001 dollars),4329,4625,5056,5368,5890,6552
"38060","Phoenix-Mesa-Scottsdale, AZ (MSA)",69,"     Hospitals and nursing and residential care facilities",900,Real GDP by Metropolitan Area (millions of chained 2001 dollars),"(D)","(D)","(D)","(D)",2572,"(D)"
"38060","Phoenix-Mesa-Scottsdale, AZ (MSA)",70,"     Social assistance",900,Real GDP by Metropolitan Area (millions of chained 2001 dollars),"(D)","(D)","(D)","(D)",654,"(D)"
"38060","Phoenix-Mesa-Scottsdale, AZ (MSA)",71,"   Arts, entertainment, and recreation",900,Real GDP by Metropolitan Area (millions of chained 2001 dollars),1425,1442,1396,1405,1443,1581
"38060","Phoenix-Mesa-Scottsdale, AZ (MSA)",72,"     Performing arts, museums, and related activities",900,Real GDP by Metropolitan Area (millions of chained 2001 dollars),722,770,742,726,733,851
"38060","Phoenix-Mesa-Scottsdale, AZ (MSA)",73,"     Amusement, gambling, and recreation",900,Real GDP by Metropolitan Area (millions of chained 2001 dollars),703,672,653,680,711,727
"38060","Phoenix-Mesa-Scottsdale, AZ (MSA)",74,"   Accommodation and food services",900,Real GDP by Metropolitan Area (millions of chained 2001 dollars),3767,3824,3986,4182,4425,4680
"38060","Phoenix-Mesa-Scottsdale, AZ (MSA)",75,"     Accommodation",900,Real GDP by Metropolitan Area (millions of chained 2001 dollars),1300,1316,1353,1421,1473,1560
"38060","Phoenix-Mesa-Scottsdale, AZ (MSA)",76,"     Food services and drinking places",900,Real GDP by Metropolitan Area (millions of chained 2001 dollars),2468,2508,2632,2759,2951,3119
"38060","Phoenix-Mesa-Scottsdale, AZ (MSA)",77,"   Other services, except government",900,Real GDP by Metropolitan Area (millions of chained 2001 dollars),2450,2410,2408,2453,2538,2604
"38060","Phoenix-Mesa-Scottsdale, AZ (MSA)",78," Government",900,Real GDP by Metropolitan Area (millions of chained 2001 dollars),11209,11545,11846,12186,12521,12809
"38060","Phoenix-Mesa-Scottsdale, AZ (MSA)",79,"   Federal civilian",900,Real GDP by Metropolitan Area (millions of chained 2001 dollars),1570,1548,1571,1599,1627,1600
"38060","Phoenix-Mesa-Scottsdale, AZ (MSA)",80,"   Federal military",900,Real GDP by Metropolitan Area (millions of chained 2001 dollars),557,619,675,665,649,595
"38060","Phoenix-Mesa-Scottsdale, AZ (MSA)",81,"   State and local",900,Real GDP by Metropolitan Area (millions of chained 2001 dollars),9082,9378,9598,9924,10253,10636
"38060","Phoenix-Mesa-Scottsdale, AZ (MSA)",99,"Natural resources and mining",900,Real GDP by Metropolitan Area (millions of chained 2001 dollars),1354,"(D)",1358,1513,1838,2003
"38060","Phoenix-Mesa-Scottsdale, AZ (MSA)",100,"Trade",900,Real GDP by Metropolitan Area (millions of chained 2001 dollars),18485,18831,19674,20828,22539,23744
"38060","Phoenix-Mesa-Scottsdale, AZ (MSA)",101,"Transportation and utilities",900,Real GDP by Metropolitan Area (millions of chained 2001 dollars),5522,5952,6384,6868,7202,7462
"38060","Phoenix-Mesa-Scottsdale, AZ (MSA)",102,"Financial activities",900,Real GDP by Metropolitan Area (millions of chained 2001 dollars),29557,31251,31992,34332,37937,42130
"38060","Phoenix-Mesa-Scottsdale, AZ (MSA)",103,"Professional and business services",900,Real GDP by Metropolitan Area (millions of chained 2001 dollars),15265,"(D)",15697,16789,17985,19465
"38060","Phoenix-Mesa-Scottsdale, AZ (MSA)",104,"Education and health services",900,Real GDP by Metropolitan Area (millions of chained 2001 dollars),7582,8119,8858,9494,10139,11041
"38060","Phoenix-Mesa-Scottsdale, AZ (MSA)",105,"Leisure and hospitality",900,Real GDP by Metropolitan Area (millions of chained 2001 dollars),5192,5266,5381,5586,5866,6259
"38060","Phoenix-Mesa-Scottsdale, AZ (MSA)",106,"Information, Communication, and Technology (ICT)",900,Real GDP by Metropolitan Area (millions of chained 2001 dollars),9391,"(D)",13879,"(D)","(D)","(D)"
"38060","Phoenix-Mesa-Scottsdale, AZ (MSA)",108,"Private goods-producing industries",900,Real GDP by Metropolitan Area (millions of chained 2001 dollars),25406,"(D)",27643,26154,28145,30252
"38060","Phoenix-Mesa-Scottsdale, AZ (MSA)",109,"Private services-providing industries",900,Real GDP by Metropolitan Area (millions of chained 2001 dollars),88680,"(D)",95158,101434,109864,119001
"FIPS","Metropolitan Area","Industry Code","Industry","Component Code","Component","2001","2002","2003","2004","2005","2006"
"38060","Phoenix-Mesa-Scottsdale, AZ (MSA)",1,"Total Gross Domestic Product by Metropolitan Area",1000,Per capita real GDP by Metropolitan Area (chained 2001 dollars),36971,36783,37387,37581,38793,40065
"38060","Phoenix-Mesa-Scottsdale, AZ (MSA)",2," Private industries",1000,Per capita real GDP by Metropolitan Area (chained 2001 dollars),"n/a","n/a","n/a","n/a","n/a","n/a"
"38060","Phoenix-Mesa-Scottsdale, AZ (MSA)",3,"   Agriculture, forestry, fishing, and hunting",1000,Per capita real GDP by Metropolitan Area (chained 2001 dollars),"n/a","n/a","n/a","n/a","n/a","n/a"
"38060","Phoenix-Mesa-Scottsdale, AZ (MSA)",4,"     Crop and animal production (Farms)",1000,Per capita real GDP by Metropolitan Area (chained 2001 dollars),"n/a","n/a","n/a","n/a","n/a","n/a"
"38060","Phoenix-Mesa-Scottsdale, AZ (MSA)",5,"     Forestry, fishing, and related activities",1000,Per capita real GDP by Metropolitan Area (chained 2001 dollars),"n/a","n/a","n/a","n/a","n/a","n/a"
"38060","Phoenix-Mesa-Scottsdale, AZ (MSA)",6,"   Mining",1000,Per capita real GDP by Metropolitan Area (chained 2001 dollars),"n/a","n/a","n/a","n/a","n/a","n/a"
"38060","Phoenix-Mesa-Scottsdale, AZ (MSA)",7,"     Oil and gas extraction",1000,Per capita real GDP by Metropolitan Area (chained 2001 dollars),"n/a","n/a","n/a","n/a","n/a","n/a"
"38060","Phoenix-Mesa-Scottsdale, AZ (MSA)",8,"     Mining, except oil and gas",1000,Per capita real GDP by Metropolitan Area (chained 2001 dollars),"n/a","n/a","n/a","n/a","n/a","n/a"
"38060","Phoenix-Mesa-Scottsdale, AZ (MSA)",9,"     Support activities for mining",1000,Per capita real GDP by Metropolitan Area (chained 2001 dollars),"n/a","n/a","n/a","n/a","n/a","n/a"
"38060","Phoenix-Mesa-Scottsdale, AZ (MSA)",10,"   Utilities",1000,Per capita real GDP by Metropolitan Area (chained 2001 dollars),"n/a","n/a","n/a","n/a","n/a","n/a"
"38060","Phoenix-Mesa-Scottsdale, AZ (MSA)",11,"   Construction",1000,Per capita real GDP by Metropolitan Area (chained 2001 dollars),"n/a","n/a","n/a","n/a","n/a","n/a"
"38060","Phoenix-Mesa-Scottsdale, AZ (MSA)",12,"   Manufacturing",1000,Per capita real GDP by Metropolitan Area (chained 2001 dollars),"n/a","n/a","n/a","n/a","n/a","n/a"
"38060","Phoenix-Mesa-Scottsdale, AZ (MSA)",13,"     Durable goods",1000,Per capita real GDP by Metropolitan Area (chained 2001 dollars),"n/a","n/a","n/a","n/a","n/a","n/a"
"38060","Phoenix-Mesa-Scottsdale, AZ (MSA)",14,"       Wood product manufacturing",1000,Per capita real GDP by Metropolitan Area (chained 2001 dollars),"n/a","n/a","n/a","n/a","n/a","n/a"
"38060","Phoenix-Mesa-Scottsdale, AZ (MSA)",15,"       Nonmetallic mineral product manufacturing",1000,Per capita real GDP by Metropolitan Area (chained 2001 dollars),"n/a","n/a","n/a","n/a","n/a","n/a"
"38060","Phoenix-Mesa-Scottsdale, AZ (MSA)",16,"       Primary metal manufacturing",1000,Per capita real GDP by Metropolitan Area (chained 2001 dollars),"n/a","n/a","n/a","n/a","n/a","n/a"
"38060","Phoenix-Mesa-Scottsdale, AZ (MSA)",17,"       Fabricated metal product manufacturing",1000,Per capita real GDP by Metropolitan Area (chained 2001 dollars),"n/a","n/a","n/a","n/a","n/a","n/a"
"38060","Phoenix-Mesa-Scottsdale, AZ (MSA)",18,"       Machinery manufacturing",1000,Per capita real GDP by Metropolitan Area (chained 2001 dollars),"n/a","n/a","n/a","n/a","n/a","n/a"
"38060","Phoenix-Mesa-Scottsdale, AZ (MSA)",19,"       Computer and electronic product manufacturing",1000,Per capita real GDP by Metropolitan Area (chained 2001 dollars),"n/a","n/a","n/a","n/a","n/a","n/a"
"38060","Phoenix-Mesa-Scottsdale, AZ (MSA)",20,"       Electrical equipment and appliance manufacturing",1000,Per capita real GDP by Metropolitan Area (chained 2001 dollars),"n/a","n/a","n/a","n/a","n/a","n/a"
"38060","Phoenix-Mesa-Scottsdale, AZ (MSA)",21,"       Motor vehicle, body, trailer, and parts manufacturing",1000,Per capita real GDP by Metropolitan Area (chained 2001 dollars),"n/a","n/a","n/a","n/a","n/a","n/a"
"38060","Phoenix-Mesa-Scottsdale, AZ (MSA)",22,"       Other transportation equipment manufacturing",1000,Per capita real GDP by Metropolitan Area (chained 2001 dollars),"n/a","n/a","n/a","n/a","n/a","n/a"
"38060","Phoenix-Mesa-Scottsdale, AZ (MSA)",23,"       Furniture and related product manufacturing",1000,Per capita real GDP by Metropolitan Area (chained 2001 dollars),"n/a","n/a","n/a","n/a","n/a","n/a"
"38060","Phoenix-Mesa-Scottsdale, AZ (MSA)",24,"       Miscellaneous manufacturing",1000,Per capita real GDP by Metropolitan Area (chained 2001 dollars),"n/a","n/a","n/a","n/a","n/a","n/a"
"38060","Phoenix-Mesa-Scottsdale, AZ (MSA)",25,"     Nondurable goods",1000,Per capita real GDP by Metropolitan Area (chained 2001 dollars),"n/a","n/a","n/a","n/a","n/a","n/a"
"38060","Phoenix-Mesa-Scottsdale, AZ (MSA)",26,"       Food product manufacturing",1000,Per capita real GDP by Metropolitan Area (chained 2001 dollars),"n/a","n/a","n/a","n/a","n/a","n/a"
"38060","Phoenix-Mesa-Scottsdale, AZ (MSA)",27,"       Textile and textile product mills",1000,Per capita real GDP by Metropolitan Area (chained 2001 dollars),"n/a","n/a","n/a","n/a","n/a","n/a"
"38060","Phoenix-Mesa-Scottsdale, AZ (MSA)",28,"       Apparel manufacturing",1000,Per capita real GDP by Metropolitan Area (chained 2001 dollars),"n/a","n/a","n/a","n/a","n/a","n/a"
"38060","Phoenix-Mesa-Scottsdale, AZ (MSA)",29,"       Paper manufacturing",1000,Per capita real GDP by Metropolitan Area (chained 2001 dollars),"n/a","n/a","n/a","n/a","n/a","n/a"
"38060","Phoenix-Mesa-Scottsdale, AZ (MSA)",30,"       Printing and related support activities",1000,Per capita real GDP by Metropolitan Area (chained 2001 dollars),"n/a","n/a","n/a","n/a","n/a","n/a"
"38060","Phoenix-Mesa-Scottsdale, AZ (MSA)",31,"       Petroleum and coal products manufacturing",1000,Per capita real GDP by Metropolitan Area (chained 2001 dollars),"n/a","n/a","n/a","n/a","n/a","n/a"
"38060","Phoenix-Mesa-Scottsdale, AZ (MSA)",32,"       Chemical manufacturing",1000,Per capita real GDP by Metropolitan Area (chained 2001 dollars),"n/a","n/a","n/a","n/a","n/a","n/a"
"38060","Phoenix-Mesa-Scottsdale, AZ (MSA)",33,"       Plastics and rubber products manufacturing",1000,Per capita real GDP by Metropolitan Area (chained 2001 dollars),"n/a","n/a","n/a","n/a","n/a","n/a"
"38060","Phoenix-Mesa-Scottsdale, AZ (MSA)",34,"   Wholesale trade",1000,Per capita real GDP by Metropolitan Area (chained 2001 dollars),"n/a","n/a","n/a","n/a","n/a","n/a"
"38060","Phoenix-Mesa-Scottsdale, AZ (MSA)",35,"   Retail trade",1000,Per capita real GDP by Metropolitan Area (chained 2001 dollars),"n/a","n/a","n/a","n/a","n/a","n/a"
"38060","Phoenix-Mesa-Scottsdale, AZ (MSA)",36,"   Transportation and warehousing, excluding Postal Service",1000,Per capita real GDP by Metropolitan Area (chained 2001 dollars),"n/a","n/a","n/a","n/a","n/a","n/a"
"38060","Phoenix-Mesa-Scottsdale, AZ (MSA)",37,"     Air transportation",1000,Per capita real GDP by Metropolitan Area (chained 2001 dollars),"n/a","n/a","n/a","n/a","n/a","n/a"
"38060","Phoenix-Mesa-Scottsdale, AZ (MSA)",38,"     Rail transportation",1000,Per capita real GDP by Metropolitan Area (chained 2001 dollars),"n/a","n/a","n/a","n/a","n/a","n/a"
"38060","Phoenix-Mesa-Scottsdale, AZ (MSA)",39,"     Water transportation",1000,Per capita real GDP by Metropolitan Area (chained 2001 dollars),"n/a","n/a","n/a","n/a","n/a","n/a"
"38060","Phoenix-Mesa-Scottsdale, AZ (MSA)",40,"     Truck transportation",1000,Per capita real GDP by Metropolitan Area (chained 2001 dollars),"n/a","n/a","n/a","n/a","n/a","n/a"
"38060","Phoenix-Mesa-Scottsdale, AZ (MSA)",41,"     Transit and ground passenger transportation",1000,Per capita real GDP by Metropolitan Area (chained 2001 dollars),"n/a","n/a","n/a","n/a","n/a","n/a"
"38060","Phoenix-Mesa-Scottsdale, AZ (MSA)",42,"     Pipeline transportation",1000,Per capita real GDP by Metropolitan Area (chained 2001 dollars),"n/a","n/a","n/a","n/a","n/a","n/a"
"38060","Phoenix-Mesa-Scottsdale, AZ (MSA)",43,"     Other transportation and support activities",1000,Per capita real GDP by Metropolitan Area (chained 2001 dollars),"n/a","n/a","n/a","n/a","n/a","n/a"
"38060","Phoenix-Mesa-Scottsdale, AZ (MSA)",44,"     Warehousing and storage",1000,Per capita real GDP by Metropolitan Area (chained 2001 dollars),"n/a","n/a","n/a","n/a","n/a","n/a"
"38060","Phoenix-Mesa-Scottsdale, AZ (MSA)",45,"   Information",1000,Per capita real GDP by Metropolitan Area (chained 2001 dollars),"n/a","n/a","n/a","n/a","n/a","n/a"
"38060","Phoenix-Mesa-Scottsdale, AZ (MSA)",46,"     Publishing including software",1000,Per capita real GDP by Metropolitan Area (chained 2001 dollars),"n/a","n/a","n/a","n/a","n/a","n/a"
"38060","Phoenix-Mesa-Scottsdale, AZ (MSA)",47,"     Motion picture and sound recording industries",1000,Per capita real GDP by Metropolitan Area (chained 2001 dollars),"n/a","n/a","n/a","n/a","n/a","n/a"
"38060","Phoenix-Mesa-Scottsdale, AZ (MSA)",48,"     Broadcasting and telecommunications",1000,Per capita real GDP by Metropolitan Area (chained 2001 dollars),"n/a","n/a","n/a","n/a","n/a","n/a"
"38060","Phoenix-Mesa-Scottsdale, AZ (MSA)",49,"     Information and data processing services",1000,Per capita real GDP by Metropolitan Area (chained 2001 dollars),"n/a","n/a","n/a","n/a","n/a","n/a"
"38060","Phoenix-Mesa-Scottsdale, AZ (MSA)",50,"   Finance and insurance",1000,Per capita real GDP by Metropolitan Area (chained 2001 dollars),"n/a","n/a","n/a","n/a","n/a","n/a"
"38060","Phoenix-Mesa-Scottsdale, AZ (MSA)",51,"     Federal Reserve banks, credit intermediation and related services",1000,Per capita real GDP by Metropolitan Area (chained 2001 dollars),"n/a","n/a","n/a","n/a","n/a","n/a"
"38060","Phoenix-Mesa-Scottsdale, AZ (MSA)",52,"     Securities, commodity contracts, investments",1000,Per capita real GDP by Metropolitan Area (chained 2001 dollars),"n/a","n/a","n/a","n/a","n/a","n/a"
"38060","Phoenix-Mesa-Scottsdale, AZ (MSA)",53,"     Insurance carriers and related activities",1000,Per capita real GDP by Metropolitan Area (chained 2001 dollars),"n/a","n/a","n/a","n/a","n/a","n/a"
"38060","Phoenix-Mesa-Scottsdale, AZ (MSA)",54,"     Funds, trusts, and other financial vehicles",1000,Per capita real GDP by Metropolitan Area (chained 2001 dollars),"n/a","n/a","n/a","n/a","n/a","n/a"
"38060","Phoenix-Mesa-Scottsdale, AZ (MSA)",55,"   Real estate and rental and leasing",1000,Per capita real GDP by Metropolitan Area (chained 2001 dollars),"n/a","n/a","n/a","n/a","n/a","n/a"
"38060","Phoenix-Mesa-Scottsdale, AZ (MSA)",56,"     Real estate",1000,Per capita real GDP by Metropolitan Area (chained 2001 dollars),"n/a","n/a","n/a","n/a","n/a","n/a"
"38060","Phoenix-Mesa-Scottsdale, AZ (MSA)",57,"     Rental and leasing services and lessors of intangible assets",1000,Per capita real GDP by Metropolitan Area (chained 2001 dollars),"n/a","n/a","n/a","n/a","n/a","n/a"
"38060","Phoenix-Mesa-Scottsdale, AZ (MSA)",58,"   Professional and technical services",1000,Per capita real GDP by Metropolitan Area (chained 2001 dollars),"n/a","n/a","n/a","n/a","n/a","n/a"
"38060","Phoenix-Mesa-Scottsdale, AZ (MSA)",62,"   Management of companies and enterprises",1000,Per capita real GDP by Metropolitan Area (chained 2001 dollars),"n/a","n/a","n/a","n/a","n/a","n/a"
"38060","Phoenix-Mesa-Scottsdale, AZ (MSA)",63,"   Administrative and waste services",1000,Per capita real GDP by Metropolitan Area (chained 2001 dollars),"n/a","n/a","n/a","n/a","n/a","n/a"
"38060","Phoenix-Mesa-Scottsdale, AZ (MSA)",64,"     Administrative and support services",1000,Per capita real GDP by Metropolitan Area (chained 2001 dollars),"n/a","n/a","n/a","n/a","n/a","n/a"
"38060","Phoenix-Mesa-Scottsdale, AZ (MSA)",65,"     Waste management and remediation services",1000,Per capita real GDP by Metropolitan Area (chained 2001 dollars),"n/a","n/a","n/a","n/a","n/a","n/a"
"38060","Phoenix-Mesa-Scottsdale, AZ (MSA)",66,"   Educational services",1000,Per capita real GDP by Metropolitan Area (chained 2001 dollars),"n/a","n/a","n/a","n/a","n/a","n/a"
"38060","Phoenix-Mesa-Scottsdale, AZ (MSA)",67,"   Health care and social assistance",1000,Per capita real GDP by Metropolitan Area (chained 2001 dollars),"n/a","n/a","n/a","n/a","n/a","n/a"
"38060","Phoenix-Mesa-Scottsdale, AZ (MSA)",68,"     Ambulatory health care services",1000,Per capita real GDP by Metropolitan Area (chained 2001 dollars),"n/a","n/a","n/a","n/a","n/a","n/a"
"38060","Phoenix-Mesa-Scottsdale, AZ (MSA)",69,"     Hospitals and nursing and residential care facilities",1000,Per capita real GDP by Metropolitan Area (chained 2001 dollars),"n/a","n/a","n/a","n/a","n/a","n/a"
"38060","Phoenix-Mesa-Scottsdale, AZ (MSA)",70,"     Social assistance",1000,Per capita real GDP by Metropolitan Area (chained 2001 dollars),"n/a","n/a","n/a","n/a","n/a","n/a"
"38060","Phoenix-Mesa-Scottsdale, AZ (MSA)",71,"   Arts, entertainment, and recreation",1000,Per capita real GDP by Metropolitan Area (chained 2001 dollars),"n/a","n/a","n/a","n/a","n/a","n/a"
"38060","Phoenix-Mesa-Scottsdale, AZ (MSA)",72,"     Performing arts, museums, and related activities",1000,Per capita real GDP by Metropolitan Area (chained 2001 dollars),"n/a","n/a","n/a","n/a","n/a","n/a"
"38060","Phoenix-Mesa-Scottsdale, AZ (MSA)",73,"     Amusement, gambling, and recreation",1000,Per capita real GDP by Metropolitan Area (chained 2001 dollars),"n/a","n/a","n/a","n/a","n/a","n/a"
"38060","Phoenix-Mesa-Scottsdale, AZ (MSA)",74,"   Accommodation and food services",1000,Per capita real GDP by Metropolitan Area (chained 2001 dollars),"n/a","n/a","n/a","n/a","n/a","n/a"
"38060","Phoenix-Mesa-Scottsdale, AZ (MSA)",75,"     Accommodation",1000,Per capita real GDP by Metropolitan Area (chained 2001 dollars),"n/a","n/a","n/a","n/a","n/a","n/a"
"38060","Phoenix-Mesa-Scottsdale, AZ (MSA)",76,"     Food services and drinking places",1000,Per capita real GDP by Metropolitan Area (chained 2001 dollars),"n/a","n/a","n/a","n/a","n/a","n/a"
"38060","Phoenix-Mesa-Scottsdale, AZ (MSA)",77,"   Other services, except government",1000,Per capita real GDP by Metropolitan Area (chained 2001 dollars),"n/a","n/a","n/a","n/a","n/a","n/a"
"38060","Phoenix-Mesa-Scottsdale, AZ (MSA)",78," Government",1000,Per capita real GDP by Metropolitan Area (chained 2001 dollars),"n/a","n/a","n/a","n/a","n/a","n/a"
"38060","Phoenix-Mesa-Scottsdale, AZ (MSA)",79,"   Federal civilian",1000,Per capita real GDP by Metropolitan Area (chained 2001 dollars),"n/a","n/a","n/a","n/a","n/a","n/a"
"38060","Phoenix-Mesa-Scottsdale, AZ (MSA)",80,"   Federal military",1000,Per capita real GDP by Metropolitan Area (chained 2001 dollars),"n/a","n/a","n/a","n/a","n/a","n/a"
"38060","Phoenix-Mesa-Scottsdale, AZ (MSA)",81,"   State and local",1000,Per capita real GDP by Metropolitan Area (chained 2001 dollars),"n/a","n/a","n/a","n/a","n/a","n/a"
"38060","Phoenix-Mesa-Scottsdale, AZ (MSA)",99,"Natural resources and mining",1000,Per capita real GDP by Metropolitan Area (chained 2001 dollars),"n/a","n/a","n/a","n/a","n/a","n/a"
"38060","Phoenix-Mesa-Scottsdale, AZ (MSA)",100,"Trade",1000,Per capita real GDP by Metropolitan Area (chained 2001 dollars),"n/a","n/a","n/a","n/a","n/a","n/a"
"38060","Phoenix-Mesa-Scottsdale, AZ (MSA)",101,"Transportation and utilities",1000,Per capita real GDP by Metropolitan Area (chained 2001 dollars),"n/a","n/a","n/a","n/a","n/a","n/a"
"38060","Phoenix-Mesa-Scottsdale, AZ (MSA)",102,"Financial activities",1000,Per capita real GDP by Metropolitan Area (chained 2001 dollars),"n/a","n/a","n/a","n/a","n/a","n/a"
"38060","Phoenix-Mesa-Scottsdale, AZ (MSA)",103,"Professional and business services",1000,Per capita real GDP by Metropolitan Area (chained 2001 dollars),"n/a","n/a","n/a","n/a","n/a","n/a"
"38060","Phoenix-Mesa-Scottsdale, AZ (MSA)",104,"Education and health services",1000,Per capita real GDP by Metropolitan Area (chained 2001 dollars),"n/a","n/a","n/a","n/a","n/a","n/a"
"38060","Phoenix-Mesa-Scottsdale, AZ (MSA)",105,"Leisure and hospitality",1000,Per capita real GDP by Metropolitan Area (chained 2001 dollars),"n/a","n/a","n/a","n/a","n/a","n/a"
"38060","Phoenix-Mesa-Scottsdale, AZ (MSA)",106,"Information, Communication, and Technology (ICT)",1000,Per capita real GDP by Metropolitan Area (chained 2001 dollars),"n/a","n/a","n/a","n/a","n/a","n/a"
"38060","Phoenix-Mesa-Scottsdale, AZ (MSA)",108,"Private goods-producing industries",1000,Per capita real GDP by Metropolitan Area (chained 2001 dollars),"n/a","n/a","n/a","n/a","n/a","n/a"
"38060","Phoenix-Mesa-Scottsdale, AZ (MSA)",109,"Private services-providing industries",1000,Per capita real GDP by Metropolitan Area (chained 2001 dollars),"n/a","n/a","n/a","n/a","n/a","n/a"
Source: Bureau of Economic Analysis, U.S. Department of Commerce
