"FIPS","Metropolitan Area","Industry Code","Industry","Component Code","Component","2001","2002","2003","2004","2005","2006"
"38900","Portland-Vancouver-Beaverton, OR-WA (MSA)",1,"Total Gross Domestic Product by Metropolitan Area",200,GDP by Metropolitan Area (millions of current dollars),77181,79407,81556,89377,93816,103413
"38900","Portland-Vancouver-Beaverton, OR-WA (MSA)",2," Private industries",200,GDP by Metropolitan Area (millions of current dollars),69637,70737,72383,80531,85007,93973
"38900","Portland-Vancouver-Beaverton, OR-WA (MSA)",3,"   Agriculture, forestry, fishing, and hunting",200,GDP by Metropolitan Area (millions of current dollars),"(D)","(D)","(D)","(D)","(D)","(D)"
"38900","Portland-Vancouver-Beaverton, OR-WA (MSA)",4,"     Crop and animal production (Farms)",200,GDP by Metropolitan Area (millions of current dollars),624,678,733,920,857,858
"38900","Portland-Vancouver-Beaverton, OR-WA (MSA)",5,"     Forestry, fishing, and related activities",200,GDP by Metropolitan Area (millions of current dollars),"(D)","(D)","(D)","(D)","(D)","(D)"
"38900","Portland-Vancouver-Beaverton, OR-WA (MSA)",6,"   Mining",200,GDP by Metropolitan Area (millions of current dollars),"(D)","(D)","(D)","(D)","(D)","(D)"
"38900","Portland-Vancouver-Beaverton, OR-WA (MSA)",7,"     Oil and gas extraction",200,GDP by Metropolitan Area (millions of current dollars),"(L)","(L)","(L)","(L)","(L)","(D)"
"38900","Portland-Vancouver-Beaverton, OR-WA (MSA)",8,"     Mining, except oil and gas",200,GDP by Metropolitan Area (millions of current dollars),"(D)","(D)","(D)","(D)","(D)","(D)"
"38900","Portland-Vancouver-Beaverton, OR-WA (MSA)",9,"     Support activities for mining",200,GDP by Metropolitan Area (millions of current dollars),"(D)","(D)","(D)","(D)","(D)","(D)"
"38900","Portland-Vancouver-Beaverton, OR-WA (MSA)",10,"   Utilities",200,GDP by Metropolitan Area (millions of current dollars),"(D)","(D)","(D)","(D)","(D)","(D)"
"38900","Portland-Vancouver-Beaverton, OR-WA (MSA)",11,"   Construction",200,GDP by Metropolitan Area (millions of current dollars),"(D)",3732,3482,3744,4339,4680
"38900","Portland-Vancouver-Beaverton, OR-WA (MSA)",12,"   Manufacturing",200,GDP by Metropolitan Area (millions of current dollars),11983,12477,12611,17444,16870,21008
"38900","Portland-Vancouver-Beaverton, OR-WA (MSA)",13,"     Durable goods",200,GDP by Metropolitan Area (millions of current dollars),"(D)","(D)","(D)","(D)","(D)","(D)"
"38900","Portland-Vancouver-Beaverton, OR-WA (MSA)",14,"       Wood product manufacturing",200,GDP by Metropolitan Area (millions of current dollars),"(D)","(D)","(D)","(D)","(D)","(D)"
"38900","Portland-Vancouver-Beaverton, OR-WA (MSA)",15,"       Nonmetallic mineral product manufacturing",200,GDP by Metropolitan Area (millions of current dollars),"(D)","(D)","(D)","(D)","(D)","(D)"
"38900","Portland-Vancouver-Beaverton, OR-WA (MSA)",16,"       Primary metal manufacturing",200,GDP by Metropolitan Area (millions of current dollars),"(D)","(D)","(D)","(D)","(D)","(D)"
"38900","Portland-Vancouver-Beaverton, OR-WA (MSA)",17,"       Fabricated metal product manufacturing",200,GDP by Metropolitan Area (millions of current dollars),"(D)","(D)","(D)","(D)","(D)","(D)"
"38900","Portland-Vancouver-Beaverton, OR-WA (MSA)",18,"       Machinery manufacturing",200,GDP by Metropolitan Area (millions of current dollars),"(D)","(D)","(D)","(D)","(D)","(D)"
"38900","Portland-Vancouver-Beaverton, OR-WA (MSA)",19,"       Computer and electronic product manufacturing",200,GDP by Metropolitan Area (millions of current dollars),"(D)","(D)","(D)","(D)","(D)","(D)"
"38900","Portland-Vancouver-Beaverton, OR-WA (MSA)",20,"       Electrical equipment and appliance manufacturing",200,GDP by Metropolitan Area (millions of current dollars),"(D)","(D)","(D)","(D)","(D)","(D)"
"38900","Portland-Vancouver-Beaverton, OR-WA (MSA)",21,"       Motor vehicle, body, trailer, and parts manufacturing",200,GDP by Metropolitan Area (millions of current dollars),"(D)","(D)","(D)","(D)","(D)","(D)"
"38900","Portland-Vancouver-Beaverton, OR-WA (MSA)",22,"       Other transportation equipment manufacturing",200,GDP by Metropolitan Area (millions of current dollars),"(D)","(D)","(D)","(D)","(D)","(D)"
"38900","Portland-Vancouver-Beaverton, OR-WA (MSA)",23,"       Furniture and related product manufacturing",200,GDP by Metropolitan Area (millions of current dollars),"(D)",231,277,217,239,244
"38900","Portland-Vancouver-Beaverton, OR-WA (MSA)",24,"       Miscellaneous manufacturing",200,GDP by Metropolitan Area (millions of current dollars),"(D)","(D)","(D)","(D)","(D)","(D)"
"38900","Portland-Vancouver-Beaverton, OR-WA (MSA)",25,"     Nondurable goods",200,GDP by Metropolitan Area (millions of current dollars),"(D)","(D)","(D)","(D)","(D)","(D)"
"38900","Portland-Vancouver-Beaverton, OR-WA (MSA)",26,"       Food product manufacturing",200,GDP by Metropolitan Area (millions of current dollars),"(D)","(D)","(D)","(D)","(D)","(D)"
"38900","Portland-Vancouver-Beaverton, OR-WA (MSA)",27,"       Textile and textile product mills",200,GDP by Metropolitan Area (millions of current dollars),"(D)","(D)","(D)","(D)","(D)","(D)"
"38900","Portland-Vancouver-Beaverton, OR-WA (MSA)",28,"       Apparel manufacturing",200,GDP by Metropolitan Area (millions of current dollars),"(D)","(D)","(D)","(D)","(D)","(D)"
"38900","Portland-Vancouver-Beaverton, OR-WA (MSA)",29,"       Paper manufacturing",200,GDP by Metropolitan Area (millions of current dollars),"(D)","(D)","(D)","(D)","(D)","(D)"
"38900","Portland-Vancouver-Beaverton, OR-WA (MSA)",30,"       Printing and related support activities",200,GDP by Metropolitan Area (millions of current dollars),"(D)","(D)","(D)","(D)","(D)","(D)"
"38900","Portland-Vancouver-Beaverton, OR-WA (MSA)",31,"       Petroleum and coal products manufacturing",200,GDP by Metropolitan Area (millions of current dollars),"(D)","(D)","(D)","(D)","(D)","(D)"
"38900","Portland-Vancouver-Beaverton, OR-WA (MSA)",32,"       Chemical manufacturing",200,GDP by Metropolitan Area (millions of current dollars),"(D)",259,"(D)","(D)",252,290
"38900","Portland-Vancouver-Beaverton, OR-WA (MSA)",33,"       Plastics and rubber products manufacturing",200,GDP by Metropolitan Area (millions of current dollars),"(D)","(D)","(D)","(D)","(D)","(D)"
"38900","Portland-Vancouver-Beaverton, OR-WA (MSA)",34,"   Wholesale trade",200,GDP by Metropolitan Area (millions of current dollars),"(D)","(D)","(D)","(D)","(D)","(D)"
"38900","Portland-Vancouver-Beaverton, OR-WA (MSA)",35,"   Retail trade",200,GDP by Metropolitan Area (millions of current dollars),4291,4285,4369,4566,4690,4943
"38900","Portland-Vancouver-Beaverton, OR-WA (MSA)",36,"   Transportation and warehousing, excluding Postal Service",200,GDP by Metropolitan Area (millions of current dollars),"(D)","(D)","(D)","(D)","(D)","(D)"
"38900","Portland-Vancouver-Beaverton, OR-WA (MSA)",37,"     Air transportation",200,GDP by Metropolitan Area (millions of current dollars),"(D)","(D)","(D)","(D)","(D)","(D)"
"38900","Portland-Vancouver-Beaverton, OR-WA (MSA)",38,"     Rail transportation",200,GDP by Metropolitan Area (millions of current dollars),"(D)","(D)",186,199,208,229
"38900","Portland-Vancouver-Beaverton, OR-WA (MSA)",39,"     Water transportation",200,GDP by Metropolitan Area (millions of current dollars),"(D)","(D)","(D)","(D)","(D)","(D)"
"38900","Portland-Vancouver-Beaverton, OR-WA (MSA)",40,"     Truck transportation",200,GDP by Metropolitan Area (millions of current dollars),"(D)",847,825,"(D)","(D)","(D)"
"38900","Portland-Vancouver-Beaverton, OR-WA (MSA)",41,"     Transit and ground passenger transportation",200,GDP by Metropolitan Area (millions of current dollars),"(D)",108,106,114,107,112
"38900","Portland-Vancouver-Beaverton, OR-WA (MSA)",42,"     Pipeline transportation",200,GDP by Metropolitan Area (millions of current dollars),3,"(D)",3,3,1,2
"38900","Portland-Vancouver-Beaverton, OR-WA (MSA)",43,"     Other transportation and support activities",200,GDP by Metropolitan Area (millions of current dollars),"(D)","(D)","(D)","(D)","(D)","(D)"
"38900","Portland-Vancouver-Beaverton, OR-WA (MSA)",44,"     Warehousing and storage",200,GDP by Metropolitan Area (millions of current dollars),"(D)","(D)","(D)","(D)","(D)","(D)"
"38900","Portland-Vancouver-Beaverton, OR-WA (MSA)",45,"   Information",200,GDP by Metropolitan Area (millions of current dollars),3084,2872,2954,3290,3530,3905
"38900","Portland-Vancouver-Beaverton, OR-WA (MSA)",46,"     Publishing including software",200,GDP by Metropolitan Area (millions of current dollars),"(D)","(D)","(D)","(D)","(D)","(D)"
"38900","Portland-Vancouver-Beaverton, OR-WA (MSA)",47,"     Motion picture and sound recording industries",200,GDP by Metropolitan Area (millions of current dollars),109,105,93,"(D)","(D)",152
"38900","Portland-Vancouver-Beaverton, OR-WA (MSA)",48,"     Broadcasting and telecommunications",200,GDP by Metropolitan Area (millions of current dollars),"(D)","(D)","(D)","(D)","(D)","(D)"
"38900","Portland-Vancouver-Beaverton, OR-WA (MSA)",49,"     Information and data processing services",200,GDP by Metropolitan Area (millions of current dollars),"(D)","(D)","(D)","(D)","(D)","(D)"
"38900","Portland-Vancouver-Beaverton, OR-WA (MSA)",50,"   Finance and insurance",200,GDP by Metropolitan Area (millions of current dollars),"(D)","(D)","(D)","(D)","(D)",6961
"38900","Portland-Vancouver-Beaverton, OR-WA (MSA)",51,"     Federal Reserve banks, credit intermediation and related services",200,GDP by Metropolitan Area (millions of current dollars),"(D)","(D)","(D)","(D)","(D)","(D)"
"38900","Portland-Vancouver-Beaverton, OR-WA (MSA)",52,"     Securities, commodity contracts, investments",200,GDP by Metropolitan Area (millions of current dollars),"(D)","(D)","(D)","(D)","(D)","(D)"
"38900","Portland-Vancouver-Beaverton, OR-WA (MSA)",53,"     Insurance carriers and related activities",200,GDP by Metropolitan Area (millions of current dollars),"(D)","(D)","(D)","(D)","(D)","(D)"
"38900","Portland-Vancouver-Beaverton, OR-WA (MSA)",54,"     Funds, trusts, and other financial vehicles",200,GDP by Metropolitan Area (millions of current dollars),"(D)","(D)","(D)","(D)","(D)","(D)"
"38900","Portland-Vancouver-Beaverton, OR-WA (MSA)",55,"   Real estate and rental and leasing",200,GDP by Metropolitan Area (millions of current dollars),"(D)","(D)","(D)","(D)","(D)","(D)"
"38900","Portland-Vancouver-Beaverton, OR-WA (MSA)",56,"     Real estate",200,GDP by Metropolitan Area (millions of current dollars),"(D)","(D)","(D)","(D)","(D)","(D)"
"38900","Portland-Vancouver-Beaverton, OR-WA (MSA)",57,"     Rental and leasing services and lessors of intangible assets",200,GDP by Metropolitan Area (millions of current dollars),526,650,689,"(D)","(D)","(D)"
"38900","Portland-Vancouver-Beaverton, OR-WA (MSA)",58,"   Professional and technical services",200,GDP by Metropolitan Area (millions of current dollars),"(D)",4903,4921,5261,"(D)","(D)"
"38900","Portland-Vancouver-Beaverton, OR-WA (MSA)",62,"   Management of companies and enterprises",200,GDP by Metropolitan Area (millions of current dollars),"(D)","(D)","(D)","(D)","(D)","(D)"
"38900","Portland-Vancouver-Beaverton, OR-WA (MSA)",63,"   Administrative and waste services",200,GDP by Metropolitan Area (millions of current dollars),"(D)","(D)","(D)","(D)","(D)","(D)"
"38900","Portland-Vancouver-Beaverton, OR-WA (MSA)",64,"     Administrative and support services",200,GDP by Metropolitan Area (millions of current dollars),"(D)",2080,2110,"(D)","(D)",2561
"38900","Portland-Vancouver-Beaverton, OR-WA (MSA)",65,"     Waste management and remediation services",200,GDP by Metropolitan Area (millions of current dollars),"(D)","(D)","(D)","(D)",201,"(D)"
"38900","Portland-Vancouver-Beaverton, OR-WA (MSA)",66,"   Educational services",200,GDP by Metropolitan Area (millions of current dollars),541,589,"(D)","(D)","(D)","(D)"
"38900","Portland-Vancouver-Beaverton, OR-WA (MSA)",67,"   Health care and social assistance",200,GDP by Metropolitan Area (millions of current dollars),4833,5216,"(D)","(D)","(D)","(D)"
"38900","Portland-Vancouver-Beaverton, OR-WA (MSA)",68,"     Ambulatory health care services",200,GDP by Metropolitan Area (millions of current dollars),"(D)","(D)","(D)",3160,3430,3763
"38900","Portland-Vancouver-Beaverton, OR-WA (MSA)",69,"     Hospitals and nursing and residential care facilities",200,GDP by Metropolitan Area (millions of current dollars),"(D)","(D)","(D)","(D)","(D)","(D)"
"38900","Portland-Vancouver-Beaverton, OR-WA (MSA)",70,"     Social assistance",200,GDP by Metropolitan Area (millions of current dollars),"(D)","(D)","(D)","(D)","(D)","(D)"
"38900","Portland-Vancouver-Beaverton, OR-WA (MSA)",71,"   Arts, entertainment, and recreation",200,GDP by Metropolitan Area (millions of current dollars),575,618,598,621,654,691
"38900","Portland-Vancouver-Beaverton, OR-WA (MSA)",72,"     Performing arts, museums, and related activities",200,GDP by Metropolitan Area (millions of current dollars),"(D)","(D)","(D)","(D)","(D)","(D)"
"38900","Portland-Vancouver-Beaverton, OR-WA (MSA)",73,"     Amusement, gambling, and recreation",200,GDP by Metropolitan Area (millions of current dollars),"(D)","(D)","(D)","(D)","(D)","(D)"
"38900","Portland-Vancouver-Beaverton, OR-WA (MSA)",74,"   Accommodation and food services",200,GDP by Metropolitan Area (millions of current dollars),1721,1779,1862,2003,2117,2300
"38900","Portland-Vancouver-Beaverton, OR-WA (MSA)",75,"     Accommodation",200,GDP by Metropolitan Area (millions of current dollars),"(D)",415,409,433,443,473
"38900","Portland-Vancouver-Beaverton, OR-WA (MSA)",76,"     Food services and drinking places",200,GDP by Metropolitan Area (millions of current dollars),"(D)",1363,1453,1569,1675,1826
"38900","Portland-Vancouver-Beaverton, OR-WA (MSA)",77,"   Other services, except government",200,GDP by Metropolitan Area (millions of current dollars),1748,1802,1922,2046,2183,2311
"38900","Portland-Vancouver-Beaverton, OR-WA (MSA)",78," Government",200,GDP by Metropolitan Area (millions of current dollars),7544,8670,9173,8846,8809,9440
"38900","Portland-Vancouver-Beaverton, OR-WA (MSA)",79,"   Federal civilian",200,GDP by Metropolitan Area (millions of current dollars),1539,1711,1828,1839,1737,1984
"38900","Portland-Vancouver-Beaverton, OR-WA (MSA)",80,"   Federal military",200,GDP by Metropolitan Area (millions of current dollars),187,234,309,322,353,337
"38900","Portland-Vancouver-Beaverton, OR-WA (MSA)",81,"   State and local",200,GDP by Metropolitan Area (millions of current dollars),5818,6725,7036,6684,6719,7119
"38900","Portland-Vancouver-Beaverton, OR-WA (MSA)",99,"Natural resources and mining",200,GDP by Metropolitan Area (millions of current dollars),1169,"(D)","(D)","(D)","(D)",1478
"38900","Portland-Vancouver-Beaverton, OR-WA (MSA)",100,"Trade",200,GDP by Metropolitan Area (millions of current dollars),"(D)","(D)","(D)","(D)","(D)","(D)"
"38900","Portland-Vancouver-Beaverton, OR-WA (MSA)",101,"Transportation and utilities",200,GDP by Metropolitan Area (millions of current dollars),3565,"(D)","(D)","(D)","(D)",4305
"38900","Portland-Vancouver-Beaverton, OR-WA (MSA)",102,"Financial activities",200,GDP by Metropolitan Area (millions of current dollars),17001,"(D)","(D)","(D)","(D)","(D)"
"38900","Portland-Vancouver-Beaverton, OR-WA (MSA)",103,"Professional and business services",200,GDP by Metropolitan Area (millions of current dollars),8747,"(D)","(D)","(D)","(D)",11036
"38900","Portland-Vancouver-Beaverton, OR-WA (MSA)",104,"Education and health services",200,GDP by Metropolitan Area (millions of current dollars),5374,5805,"(D)","(D)","(D)",7629
"38900","Portland-Vancouver-Beaverton, OR-WA (MSA)",105,"Leisure and hospitality",200,GDP by Metropolitan Area (millions of current dollars),2296,2397,2461,2624,2772,2991
"38900","Portland-Vancouver-Beaverton, OR-WA (MSA)",106,"Information, Communication, and Technology (ICT)",200,GDP by Metropolitan Area (millions of current dollars),8227,8322,8716,12737,11968,15828
"38900","Portland-Vancouver-Beaverton, OR-WA (MSA)",108,"Private goods-producing industries",200,GDP by Metropolitan Area (millions of current dollars),16558,16987,16926,22221,22208,26698
"38900","Portland-Vancouver-Beaverton, OR-WA (MSA)",109,"Private services-providing industries",200,GDP by Metropolitan Area (millions of current dollars),53079,53751,55457,58310,62799,67275
"FIPS","Metropolitan Area","Industry Code","Industry","Component Code","Component","2001","2002","2003","2004","2005","2006"
"38900","Portland-Vancouver-Beaverton, OR-WA (MSA)",1,"Total Gross Domestic Product by Metropolitan Area",800,Quantity Indexes for Real GDP by Metropolitan Area (2001=100.000),100.000,101.610,103.514,111.579,115.815,126.109
"38900","Portland-Vancouver-Beaverton, OR-WA (MSA)",2," Private industries",800,Quantity Indexes for Real GDP by Metropolitan Area (2001=100.000),100.000,100.697,102.701,112.790,118.142,129.431
"38900","Portland-Vancouver-Beaverton, OR-WA (MSA)",3,"   Agriculture, forestry, fishing, and hunting",800,Quantity Indexes for Real GDP by Metropolitan Area (2001=100.000),"(D)","(D)","(D)","(D)","(D)","(D)"
"38900","Portland-Vancouver-Beaverton, OR-WA (MSA)",4,"     Crop and animal production (Farms)",800,Quantity Indexes for Real GDP by Metropolitan Area (2001=100.000),100.000,119.752,112.683,117.619,131.918,140.095
"38900","Portland-Vancouver-Beaverton, OR-WA (MSA)",5,"     Forestry, fishing, and related activities",800,Quantity Indexes for Real GDP by Metropolitan Area (2001=100.000),"(D)","(D)","(D)","(D)","(D)","(D)"
"38900","Portland-Vancouver-Beaverton, OR-WA (MSA)",6,"   Mining",800,Quantity Indexes for Real GDP by Metropolitan Area (2001=100.000),"(D)","(D)","(D)","(D)","(D)","(D)"
"38900","Portland-Vancouver-Beaverton, OR-WA (MSA)",7,"     Oil and gas extraction",800,Quantity Indexes for Real GDP by Metropolitan Area (2001=100.000),100.000,216.839,140.681,17.192,12.816,"(D)"
"38900","Portland-Vancouver-Beaverton, OR-WA (MSA)",8,"     Mining, except oil and gas",800,Quantity Indexes for Real GDP by Metropolitan Area (2001=100.000),"(D)","(D)","(D)","(D)","(D)","(D)"
"38900","Portland-Vancouver-Beaverton, OR-WA (MSA)",9,"     Support activities for mining",800,Quantity Indexes for Real GDP by Metropolitan Area (2001=100.000),"(D)","(D)","(D)","(D)","(D)","(D)"
"38900","Portland-Vancouver-Beaverton, OR-WA (MSA)",10,"   Utilities",800,Quantity Indexes for Real GDP by Metropolitan Area (2001=100.000),"(D)","(D)","(D)","(D)","(D)","(D)"
"38900","Portland-Vancouver-Beaverton, OR-WA (MSA)",11,"   Construction",800,Quantity Indexes for Real GDP by Metropolitan Area (2001=100.000),"(D)","(D)","(D)","(D)","(D)","(D)"
"38900","Portland-Vancouver-Beaverton, OR-WA (MSA)",12,"   Manufacturing",800,Quantity Indexes for Real GDP by Metropolitan Area (2001=100.000),100.000,109.996,119.765,177.023,182.306,243.182
"38900","Portland-Vancouver-Beaverton, OR-WA (MSA)",13,"     Durable goods",800,Quantity Indexes for Real GDP by Metropolitan Area (2001=100.000),"(D)","(D)","(D)","(D)","(D)","(D)"
"38900","Portland-Vancouver-Beaverton, OR-WA (MSA)",14,"       Wood product manufacturing",800,Quantity Indexes for Real GDP by Metropolitan Area (2001=100.000),"(D)","(D)","(D)","(D)","(D)","(D)"
"38900","Portland-Vancouver-Beaverton, OR-WA (MSA)",15,"       Nonmetallic mineral product manufacturing",800,Quantity Indexes for Real GDP by Metropolitan Area (2001=100.000),"(D)","(D)","(D)","(D)","(D)","(D)"
"38900","Portland-Vancouver-Beaverton, OR-WA (MSA)",16,"       Primary metal manufacturing",800,Quantity Indexes for Real GDP by Metropolitan Area (2001=100.000),"(D)","(D)","(D)","(D)","(D)","(D)"
"38900","Portland-Vancouver-Beaverton, OR-WA (MSA)",17,"       Fabricated metal product manufacturing",800,Quantity Indexes for Real GDP by Metropolitan Area (2001=100.000),"(D)","(D)","(D)","(D)","(D)","(D)"
"38900","Portland-Vancouver-Beaverton, OR-WA (MSA)",18,"       Machinery manufacturing",800,Quantity Indexes for Real GDP by Metropolitan Area (2001=100.000),"(D)","(D)","(D)","(D)","(D)","(D)"
"38900","Portland-Vancouver-Beaverton, OR-WA (MSA)",19,"       Computer and electronic product manufacturing",800,Quantity Indexes for Real GDP by Metropolitan Area (2001=100.000),"(D)","(D)","(D)","(D)","(D)","(D)"
"38900","Portland-Vancouver-Beaverton, OR-WA (MSA)",20,"       Electrical equipment and appliance manufacturing",800,Quantity Indexes for Real GDP by Metropolitan Area (2001=100.000),"(D)","(D)","(D)","(D)","(D)","(D)"
"38900","Portland-Vancouver-Beaverton, OR-WA (MSA)",21,"       Motor vehicle, body, trailer, and parts manufacturing",800,Quantity Indexes for Real GDP by Metropolitan Area (2001=100.000),"(D)","(D)","(D)","(D)","(D)","(D)"
"38900","Portland-Vancouver-Beaverton, OR-WA (MSA)",22,"       Other transportation equipment manufacturing",800,Quantity Indexes for Real GDP by Metropolitan Area (2001=100.000),"(D)","(D)","(D)","(D)","(D)","(D)"
"38900","Portland-Vancouver-Beaverton, OR-WA (MSA)",23,"       Furniture and related product manufacturing",800,Quantity Indexes for Real GDP by Metropolitan Area (2001=100.000),"(D)","(D)","(D)","(D)","(D)","(D)"
"38900","Portland-Vancouver-Beaverton, OR-WA (MSA)",24,"       Miscellaneous manufacturing",800,Quantity Indexes for Real GDP by Metropolitan Area (2001=100.000),"(D)","(D)","(D)","(D)","(D)","(D)"
"38900","Portland-Vancouver-Beaverton, OR-WA (MSA)",25,"     Nondurable goods",800,Quantity Indexes for Real GDP by Metropolitan Area (2001=100.000),"(D)","(D)","(D)","(D)","(D)","(D)"
"38900","Portland-Vancouver-Beaverton, OR-WA (MSA)",26,"       Food product manufacturing",800,Quantity Indexes for Real GDP by Metropolitan Area (2001=100.000),"(D)","(D)","(D)","(D)","(D)","(D)"
"38900","Portland-Vancouver-Beaverton, OR-WA (MSA)",27,"       Textile and textile product mills",800,Quantity Indexes for Real GDP by Metropolitan Area (2001=100.000),"(D)","(D)","(D)","(D)","(D)","(D)"
"38900","Portland-Vancouver-Beaverton, OR-WA (MSA)",28,"       Apparel manufacturing",800,Quantity Indexes for Real GDP by Metropolitan Area (2001=100.000),"(D)","(D)","(D)","(D)","(D)","(D)"
"38900","Portland-Vancouver-Beaverton, OR-WA (MSA)",29,"       Paper manufacturing",800,Quantity Indexes for Real GDP by Metropolitan Area (2001=100.000),"(D)","(D)","(D)","(D)","(D)","(D)"
"38900","Portland-Vancouver-Beaverton, OR-WA (MSA)",30,"       Printing and related support activities",800,Quantity Indexes for Real GDP by Metropolitan Area (2001=100.000),"(D)","(D)","(D)","(D)","(D)","(D)"
"38900","Portland-Vancouver-Beaverton, OR-WA (MSA)",31,"       Petroleum and coal products manufacturing",800,Quantity Indexes for Real GDP by Metropolitan Area (2001=100.000),"(D)","(D)","(D)","(D)","(D)","(D)"
"38900","Portland-Vancouver-Beaverton, OR-WA (MSA)",32,"       Chemical manufacturing",800,Quantity Indexes for Real GDP by Metropolitan Area (2001=100.000),"(D)","(D)","(D)","(D)","(D)","(D)"
"38900","Portland-Vancouver-Beaverton, OR-WA (MSA)",33,"       Plastics and rubber products manufacturing",800,Quantity Indexes for Real GDP by Metropolitan Area (2001=100.000),"(D)","(D)","(D)","(D)","(D)","(D)"
"38900","Portland-Vancouver-Beaverton, OR-WA (MSA)",34,"   Wholesale trade",800,Quantity Indexes for Real GDP by Metropolitan Area (2001=100.000),"(D)","(D)","(D)","(D)","(D)","(D)"
"38900","Portland-Vancouver-Beaverton, OR-WA (MSA)",35,"   Retail trade",800,Quantity Indexes for Real GDP by Metropolitan Area (2001=100.000),100.000,98.061,99.468,103.190,107.526,114.009
"38900","Portland-Vancouver-Beaverton, OR-WA (MSA)",36,"   Transportation and warehousing, excluding Postal Service",800,Quantity Indexes for Real GDP by Metropolitan Area (2001=100.000),"(D)","(D)","(D)","(D)","(D)","(D)"
"38900","Portland-Vancouver-Beaverton, OR-WA (MSA)",37,"     Air transportation",800,Quantity Indexes for Real GDP by Metropolitan Area (2001=100.000),"(D)","(D)","(D)","(D)","(D)","(D)"
"38900","Portland-Vancouver-Beaverton, OR-WA (MSA)",38,"     Rail transportation",800,Quantity Indexes for Real GDP by Metropolitan Area (2001=100.000),"(D)","(D)","(D)","(D)","(D)","(D)"
"38900","Portland-Vancouver-Beaverton, OR-WA (MSA)",39,"     Water transportation",800,Quantity Indexes for Real GDP by Metropolitan Area (2001=100.000),"(D)","(D)","(D)","(D)","(D)","(D)"
"38900","Portland-Vancouver-Beaverton, OR-WA (MSA)",40,"     Truck transportation",800,Quantity Indexes for Real GDP by Metropolitan Area (2001=100.000),"(D)","(D)","(D)","(D)","(D)","(D)"
"38900","Portland-Vancouver-Beaverton, OR-WA (MSA)",41,"     Transit and ground passenger transportation",800,Quantity Indexes for Real GDP by Metropolitan Area (2001=100.000),"(D)","(D)","(D)","(D)","(D)","(D)"
"38900","Portland-Vancouver-Beaverton, OR-WA (MSA)",42,"     Pipeline transportation",800,Quantity Indexes for Real GDP by Metropolitan Area (2001=100.000),100.000,"(D)",80.983,100.244,58.185,59.109
"38900","Portland-Vancouver-Beaverton, OR-WA (MSA)",43,"     Other transportation and support activities",800,Quantity Indexes for Real GDP by Metropolitan Area (2001=100.000),"(D)","(D)","(D)","(D)","(D)","(D)"
"38900","Portland-Vancouver-Beaverton, OR-WA (MSA)",44,"     Warehousing and storage",800,Quantity Indexes for Real GDP by Metropolitan Area (2001=100.000),"(D)","(D)","(D)","(D)","(D)","(D)"
"38900","Portland-Vancouver-Beaverton, OR-WA (MSA)",45,"   Information",800,Quantity Indexes for Real GDP by Metropolitan Area (2001=100.000),100.000,93.843,98.402,113.288,125.311,141.035
"38900","Portland-Vancouver-Beaverton, OR-WA (MSA)",46,"     Publishing including software",800,Quantity Indexes for Real GDP by Metropolitan Area (2001=100.000),"(D)","(D)","(D)","(D)","(D)","(D)"
"38900","Portland-Vancouver-Beaverton, OR-WA (MSA)",47,"     Motion picture and sound recording industries",800,Quantity Indexes for Real GDP by Metropolitan Area (2001=100.000),100.000,93.215,84.991,"(D)","(D)",128.085
"38900","Portland-Vancouver-Beaverton, OR-WA (MSA)",48,"     Broadcasting and telecommunications",800,Quantity Indexes for Real GDP by Metropolitan Area (2001=100.000),"(D)","(D)","(D)","(D)","(D)","(D)"
"38900","Portland-Vancouver-Beaverton, OR-WA (MSA)",49,"     Information and data processing services",800,Quantity Indexes for Real GDP by Metropolitan Area (2001=100.000),"(D)","(D)","(D)","(D)","(D)","(D)"
"38900","Portland-Vancouver-Beaverton, OR-WA (MSA)",50,"   Finance and insurance",800,Quantity Indexes for Real GDP by Metropolitan Area (2001=100.000),"(D)","(D)","(D)","(D)","(D)","(D)"
"38900","Portland-Vancouver-Beaverton, OR-WA (MSA)",51,"     Federal Reserve banks, credit intermediation and related services",800,Quantity Indexes for Real GDP by Metropolitan Area (2001=100.000),"(D)","(D)","(D)","(D)","(D)","(D)"
"38900","Portland-Vancouver-Beaverton, OR-WA (MSA)",52,"     Securities, commodity contracts, investments",800,Quantity Indexes for Real GDP by Metropolitan Area (2001=100.000),"(D)","(D)","(D)","(D)","(D)","(D)"
"38900","Portland-Vancouver-Beaverton, OR-WA (MSA)",53,"     Insurance carriers and related activities",800,Quantity Indexes for Real GDP by Metropolitan Area (2001=100.000),"(D)","(D)","(D)","(D)","(D)","(D)"
"38900","Portland-Vancouver-Beaverton, OR-WA (MSA)",54,"     Funds, trusts, and other financial vehicles",800,Quantity Indexes for Real GDP by Metropolitan Area (2001=100.000),"(D)","(D)","(D)","(D)","(D)","(D)"
"38900","Portland-Vancouver-Beaverton, OR-WA (MSA)",55,"   Real estate and rental and leasing",800,Quantity Indexes for Real GDP by Metropolitan Area (2001=100.000),"(D)","(D)","(D)","(D)","(D)","(D)"
"38900","Portland-Vancouver-Beaverton, OR-WA (MSA)",56,"     Real estate",800,Quantity Indexes for Real GDP by Metropolitan Area (2001=100.000),"(D)","(D)","(D)","(D)","(D)","(D)"
"38900","Portland-Vancouver-Beaverton, OR-WA (MSA)",57,"     Rental and leasing services and lessors of intangible assets",800,Quantity Indexes for Real GDP by Metropolitan Area (2001=100.000),100.000,124.991,126.145,"(D)","(D)","(D)"
"38900","Portland-Vancouver-Beaverton, OR-WA (MSA)",58,"   Professional and technical services",800,Quantity Indexes for Real GDP by Metropolitan Area (2001=100.000),"(D)","(D)","(D)","(D)","(D)","(D)"
"38900","Portland-Vancouver-Beaverton, OR-WA (MSA)",62,"   Management of companies and enterprises",800,Quantity Indexes for Real GDP by Metropolitan Area (2001=100.000),"(D)","(D)","(D)","(D)","(D)","(D)"
"38900","Portland-Vancouver-Beaverton, OR-WA (MSA)",63,"   Administrative and waste services",800,Quantity Indexes for Real GDP by Metropolitan Area (2001=100.000),"(D)","(D)","(D)","(D)","(D)","(D)"
"38900","Portland-Vancouver-Beaverton, OR-WA (MSA)",64,"     Administrative and support services",800,Quantity Indexes for Real GDP by Metropolitan Area (2001=100.000),"(D)","(D)","(D)","(D)","(D)","(D)"
"38900","Portland-Vancouver-Beaverton, OR-WA (MSA)",65,"     Waste management and remediation services",800,Quantity Indexes for Real GDP by Metropolitan Area (2001=100.000),"(D)","(D)","(D)","(D)","(D)","(D)"
"38900","Portland-Vancouver-Beaverton, OR-WA (MSA)",66,"   Educational services",800,Quantity Indexes for Real GDP by Metropolitan Area (2001=100.000),100.000,101.923,"(D)","(D)","(D)","(D)"
"38900","Portland-Vancouver-Beaverton, OR-WA (MSA)",67,"   Health care and social assistance",800,Quantity Indexes for Real GDP by Metropolitan Area (2001=100.000),100.000,104.562,"(D)","(D)","(D)","(D)"
"38900","Portland-Vancouver-Beaverton, OR-WA (MSA)",68,"     Ambulatory health care services",800,Quantity Indexes for Real GDP by Metropolitan Area (2001=100.000),"(D)","(D)","(D)","(D)","(D)","(D)"
"38900","Portland-Vancouver-Beaverton, OR-WA (MSA)",69,"     Hospitals and nursing and residential care facilities",800,Quantity Indexes for Real GDP by Metropolitan Area (2001=100.000),"(D)","(D)","(D)","(D)","(D)","(D)"
"38900","Portland-Vancouver-Beaverton, OR-WA (MSA)",70,"     Social assistance",800,Quantity Indexes for Real GDP by Metropolitan Area (2001=100.000),"(D)","(D)","(D)","(D)","(D)","(D)"
"38900","Portland-Vancouver-Beaverton, OR-WA (MSA)",71,"   Arts, entertainment, and recreation",800,Quantity Indexes for Real GDP by Metropolitan Area (2001=100.000),100.000,103.926,97.881,98.697,100.678,102.840
"38900","Portland-Vancouver-Beaverton, OR-WA (MSA)",72,"     Performing arts, museums, and related activities",800,Quantity Indexes for Real GDP by Metropolitan Area (2001=100.000),"(D)","(D)","(D)","(D)","(D)","(D)"
"38900","Portland-Vancouver-Beaverton, OR-WA (MSA)",73,"     Amusement, gambling, and recreation",800,Quantity Indexes for Real GDP by Metropolitan Area (2001=100.000),"(D)","(D)","(D)","(D)","(D)","(D)"
"38900","Portland-Vancouver-Beaverton, OR-WA (MSA)",74,"   Accommodation and food services",800,Quantity Indexes for Real GDP by Metropolitan Area (2001=100.000),100.000,99.052,102.774,107.282,109.652,114.409
"38900","Portland-Vancouver-Beaverton, OR-WA (MSA)",75,"     Accommodation",800,Quantity Indexes for Real GDP by Metropolitan Area (2001=100.000),"(D)","(D)","(D)","(D)","(D)","(D)"
"38900","Portland-Vancouver-Beaverton, OR-WA (MSA)",76,"     Food services and drinking places",800,Quantity Indexes for Real GDP by Metropolitan Area (2001=100.000),"(D)","(D)","(D)","(D)","(D)","(D)"
"38900","Portland-Vancouver-Beaverton, OR-WA (MSA)",77,"   Other services, except government",800,Quantity Indexes for Real GDP by Metropolitan Area (2001=100.000),100.000,98.922,102.409,105.745,106.644,107.696
"38900","Portland-Vancouver-Beaverton, OR-WA (MSA)",78," Government",800,Quantity Indexes for Real GDP by Metropolitan Area (2001=100.000),100.000,109.881,110.918,102.023,97.244,99.714
"38900","Portland-Vancouver-Beaverton, OR-WA (MSA)",79,"   Federal civilian",800,Quantity Indexes for Real GDP by Metropolitan Area (2001=100.000),100.000,104.449,105.787,99.265,89.981,98.780
"38900","Portland-Vancouver-Beaverton, OR-WA (MSA)",80,"   Federal military",800,Quantity Indexes for Real GDP by Metropolitan Area (2001=100.000),100.000,115.306,140.444,137.488,138.618,125.119
"38900","Portland-Vancouver-Beaverton, OR-WA (MSA)",81,"   State and local",800,Quantity Indexes for Real GDP by Metropolitan Area (2001=100.000),100.000,111.157,111.287,101.527,97.799,99.092
"38900","Portland-Vancouver-Beaverton, OR-WA (MSA)",99,"Natural resources and mining",800,Quantity Indexes for Real GDP by Metropolitan Area (2001=100.000),100.000,"(D)","(D)","(D)","(D)",120.358
"38900","Portland-Vancouver-Beaverton, OR-WA (MSA)",100,"Trade",800,Quantity Indexes for Real GDP by Metropolitan Area (2001=100.000),"(D)","(D)","(D)","(D)","(D)","(D)"
"38900","Portland-Vancouver-Beaverton, OR-WA (MSA)",101,"Transportation and utilities",800,Quantity Indexes for Real GDP by Metropolitan Area (2001=100.000),100.000,"(D)","(D)","(D)","(D)",109.632
"38900","Portland-Vancouver-Beaverton, OR-WA (MSA)",102,"Financial activities",800,Quantity Indexes for Real GDP by Metropolitan Area (2001=100.000),100.000,"(D)","(D)","(D)","(D)","(D)"
"38900","Portland-Vancouver-Beaverton, OR-WA (MSA)",103,"Professional and business services",800,Quantity Indexes for Real GDP by Metropolitan Area (2001=100.000),100.000,"(D)","(D)","(D)","(D)",109.742
"38900","Portland-Vancouver-Beaverton, OR-WA (MSA)",104,"Education and health services",800,Quantity Indexes for Real GDP by Metropolitan Area (2001=100.000),100.000,104.293,"(D)","(D)","(D)",122.498
"38900","Portland-Vancouver-Beaverton, OR-WA (MSA)",105,"Leisure and hospitality",800,Quantity Indexes for Real GDP by Metropolitan Area (2001=100.000),100.000,100.269,101.543,105.120,107.392,111.497
"38900","Portland-Vancouver-Beaverton, OR-WA (MSA)",106,"Information, Communication, and Technology (ICT)",800,Quantity Indexes for Real GDP by Metropolitan Area (2001=100.000),100.000,110.210,129.190,211.470,221.306,327.827
"38900","Portland-Vancouver-Beaverton, OR-WA (MSA)",108,"Private goods-producing industries",800,Quantity Indexes for Real GDP by Metropolitan Area (2001=100.000),100.000,106.028,109.821,148.195,153.887,191.888
"38900","Portland-Vancouver-Beaverton, OR-WA (MSA)",109,"Private services-providing industries",800,Quantity Indexes for Real GDP by Metropolitan Area (2001=100.000),100.000,99.075,100.558,102.884,108.109,112.788
"FIPS","Metropolitan Area","Industry Code","Industry","Component Code","Component","2001","2002","2003","2004","2005","2006"
"38900","Portland-Vancouver-Beaverton, OR-WA (MSA)",1,"Total Gross Domestic Product by Metropolitan Area",900,Real GDP by Metropolitan Area (millions of chained 2001 dollars),77181,78424,79893,86118,89387,97332
"38900","Portland-Vancouver-Beaverton, OR-WA (MSA)",2," Private industries",900,Real GDP by Metropolitan Area (millions of chained 2001 dollars),69637,70123,71518,78544,82271,90133
"38900","Portland-Vancouver-Beaverton, OR-WA (MSA)",3,"   Agriculture, forestry, fishing, and hunting",900,Real GDP by Metropolitan Area (millions of chained 2001 dollars),"(D)","(D)","(D)","(D)","(D)","(D)"
"38900","Portland-Vancouver-Beaverton, OR-WA (MSA)",4,"     Crop and animal production (Farms)",900,Real GDP by Metropolitan Area (millions of chained 2001 dollars),624,748,704,734,824,875
"38900","Portland-Vancouver-Beaverton, OR-WA (MSA)",5,"     Forestry, fishing, and related activities",900,Real GDP by Metropolitan Area (millions of chained 2001 dollars),"(D)","(D)","(D)","(D)","(D)","(D)"
"38900","Portland-Vancouver-Beaverton, OR-WA (MSA)",6,"   Mining",900,Real GDP by Metropolitan Area (millions of chained 2001 dollars),"(D)","(D)","(D)","(D)","(D)","(D)"
"38900","Portland-Vancouver-Beaverton, OR-WA (MSA)",7,"     Oil and gas extraction",900,Real GDP by Metropolitan Area (millions of chained 2001 dollars),"(L)","(L)","(L)","(L)","(L)","(D)"
"38900","Portland-Vancouver-Beaverton, OR-WA (MSA)",8,"     Mining, except oil and gas",900,Real GDP by Metropolitan Area (millions of chained 2001 dollars),"(D)","(D)","(D)","(D)","(D)","(D)"
"38900","Portland-Vancouver-Beaverton, OR-WA (MSA)",9,"     Support activities for mining",900,Real GDP by Metropolitan Area (millions of chained 2001 dollars),"(D)","(D)","(D)","(D)","(D)","(D)"
"38900","Portland-Vancouver-Beaverton, OR-WA (MSA)",10,"   Utilities",900,Real GDP by Metropolitan Area (millions of chained 2001 dollars),"(D)","(D)","(D)","(D)","(D)","(D)"
"38900","Portland-Vancouver-Beaverton, OR-WA (MSA)",11,"   Construction",900,Real GDP by Metropolitan Area (millions of chained 2001 dollars),"(D)",3563,3164,3138,3314,3241
"38900","Portland-Vancouver-Beaverton, OR-WA (MSA)",12,"   Manufacturing",900,Real GDP by Metropolitan Area (millions of chained 2001 dollars),11983,13181,14352,21213,21847,29142
"38900","Portland-Vancouver-Beaverton, OR-WA (MSA)",13,"     Durable goods",900,Real GDP by Metropolitan Area (millions of chained 2001 dollars),"(D)","(D)","(D)","(D)","(D)","(D)"
"38900","Portland-Vancouver-Beaverton, OR-WA (MSA)",14,"       Wood product manufacturing",900,Real GDP by Metropolitan Area (millions of chained 2001 dollars),"(D)","(D)","(D)","(D)","(D)","(D)"
"38900","Portland-Vancouver-Beaverton, OR-WA (MSA)",15,"       Nonmetallic mineral product manufacturing",900,Real GDP by Metropolitan Area (millions of chained 2001 dollars),"(D)","(D)","(D)","(D)","(D)","(D)"
"38900","Portland-Vancouver-Beaverton, OR-WA (MSA)",16,"       Primary metal manufacturing",900,Real GDP by Metropolitan Area (millions of chained 2001 dollars),"(D)","(D)","(D)","(D)","(D)","(D)"
"38900","Portland-Vancouver-Beaverton, OR-WA (MSA)",17,"       Fabricated metal product manufacturing",900,Real GDP by Metropolitan Area (millions of chained 2001 dollars),"(D)","(D)","(D)","(D)","(D)","(D)"
"38900","Portland-Vancouver-Beaverton, OR-WA (MSA)",18,"       Machinery manufacturing",900,Real GDP by Metropolitan Area (millions of chained 2001 dollars),"(D)","(D)","(D)","(D)","(D)","(D)"
"38900","Portland-Vancouver-Beaverton, OR-WA (MSA)",19,"       Computer and electronic product manufacturing",900,Real GDP by Metropolitan Area (millions of chained 2001 dollars),"(D)","(D)","(D)","(D)","(D)","(D)"
"38900","Portland-Vancouver-Beaverton, OR-WA (MSA)",20,"       Electrical equipment and appliance manufacturing",900,Real GDP by Metropolitan Area (millions of chained 2001 dollars),"(D)","(D)","(D)","(D)","(D)","(D)"
"38900","Portland-Vancouver-Beaverton, OR-WA (MSA)",21,"       Motor vehicle, body, trailer, and parts manufacturing",900,Real GDP by Metropolitan Area (millions of chained 2001 dollars),"(D)","(D)","(D)","(D)","(D)","(D)"
"38900","Portland-Vancouver-Beaverton, OR-WA (MSA)",22,"       Other transportation equipment manufacturing",900,Real GDP by Metropolitan Area (millions of chained 2001 dollars),"(D)","(D)","(D)","(D)","(D)","(D)"
"38900","Portland-Vancouver-Beaverton, OR-WA (MSA)",23,"       Furniture and related product manufacturing",900,Real GDP by Metropolitan Area (millions of chained 2001 dollars),"(D)",225,270,220,234,233
"38900","Portland-Vancouver-Beaverton, OR-WA (MSA)",24,"       Miscellaneous manufacturing",900,Real GDP by Metropolitan Area (millions of chained 2001 dollars),"(D)","(D)","(D)","(D)","(D)","(D)"
"38900","Portland-Vancouver-Beaverton, OR-WA (MSA)",25,"     Nondurable goods",900,Real GDP by Metropolitan Area (millions of chained 2001 dollars),"(D)","(D)","(D)","(D)","(D)","(D)"
"38900","Portland-Vancouver-Beaverton, OR-WA (MSA)",26,"       Food product manufacturing",900,Real GDP by Metropolitan Area (millions of chained 2001 dollars),"(D)","(D)","(D)","(D)","(D)","(D)"
"38900","Portland-Vancouver-Beaverton, OR-WA (MSA)",27,"       Textile and textile product mills",900,Real GDP by Metropolitan Area (millions of chained 2001 dollars),"(D)","(D)","(D)","(D)","(D)","(D)"
"38900","Portland-Vancouver-Beaverton, OR-WA (MSA)",28,"       Apparel manufacturing",900,Real GDP by Metropolitan Area (millions of chained 2001 dollars),"(D)","(D)","(D)","(D)","(D)","(D)"
"38900","Portland-Vancouver-Beaverton, OR-WA (MSA)",29,"       Paper manufacturing",900,Real GDP by Metropolitan Area (millions of chained 2001 dollars),"(D)","(D)","(D)","(D)","(D)","(D)"
"38900","Portland-Vancouver-Beaverton, OR-WA (MSA)",30,"       Printing and related support activities",900,Real GDP by Metropolitan Area (millions of chained 2001 dollars),"(D)","(D)","(D)","(D)","(D)","(D)"
"38900","Portland-Vancouver-Beaverton, OR-WA (MSA)",31,"       Petroleum and coal products manufacturing",900,Real GDP by Metropolitan Area (millions of chained 2001 dollars),"(D)","(D)","(D)","(D)","(D)","(D)"
"38900","Portland-Vancouver-Beaverton, OR-WA (MSA)",32,"       Chemical manufacturing",900,Real GDP by Metropolitan Area (millions of chained 2001 dollars),"(D)",260,"(D)","(D)",221,241
"38900","Portland-Vancouver-Beaverton, OR-WA (MSA)",33,"       Plastics and rubber products manufacturing",900,Real GDP by Metropolitan Area (millions of chained 2001 dollars),"(D)","(D)","(D)","(D)","(D)","(D)"
"38900","Portland-Vancouver-Beaverton, OR-WA (MSA)",34,"   Wholesale trade",900,Real GDP by Metropolitan Area (millions of chained 2001 dollars),"(D)","(D)","(D)","(D)","(D)","(D)"
"38900","Portland-Vancouver-Beaverton, OR-WA (MSA)",35,"   Retail trade",900,Real GDP by Metropolitan Area (millions of chained 2001 dollars),4291,4208,4268,4428,4614,4892
"38900","Portland-Vancouver-Beaverton, OR-WA (MSA)",36,"   Transportation and warehousing, excluding Postal Service",900,Real GDP by Metropolitan Area (millions of chained 2001 dollars),"(D)","(D)","(D)","(D)","(D)","(D)"
"38900","Portland-Vancouver-Beaverton, OR-WA (MSA)",37,"     Air transportation",900,Real GDP by Metropolitan Area (millions of chained 2001 dollars),"(D)","(D)","(D)","(D)","(D)","(D)"
"38900","Portland-Vancouver-Beaverton, OR-WA (MSA)",38,"     Rail transportation",900,Real GDP by Metropolitan Area (millions of chained 2001 dollars),"(D)","(D)",175,180,166,207
"38900","Portland-Vancouver-Beaverton, OR-WA (MSA)",39,"     Water transportation",900,Real GDP by Metropolitan Area (millions of chained 2001 dollars),"(D)","(D)","(D)","(D)","(D)","(D)"
"38900","Portland-Vancouver-Beaverton, OR-WA (MSA)",40,"     Truck transportation",900,Real GDP by Metropolitan Area (millions of chained 2001 dollars),"(D)",822,791,"(D)","(D)","(D)"
"38900","Portland-Vancouver-Beaverton, OR-WA (MSA)",41,"     Transit and ground passenger transportation",900,Real GDP by Metropolitan Area (millions of chained 2001 dollars),"(D)",105,99,104,95,98
"38900","Portland-Vancouver-Beaverton, OR-WA (MSA)",42,"     Pipeline transportation",900,Real GDP by Metropolitan Area (millions of chained 2001 dollars),3,"(D)",3,3,2,2
"38900","Portland-Vancouver-Beaverton, OR-WA (MSA)",43,"     Other transportation and support activities",900,Real GDP by Metropolitan Area (millions of chained 2001 dollars),"(D)","(D)","(D)","(D)","(D)","(D)"
"38900","Portland-Vancouver-Beaverton, OR-WA (MSA)",44,"     Warehousing and storage",900,Real GDP by Metropolitan Area (millions of chained 2001 dollars),"(D)","(D)","(D)","(D)","(D)","(D)"
"38900","Portland-Vancouver-Beaverton, OR-WA (MSA)",45,"   Information",900,Real GDP by Metropolitan Area (millions of chained 2001 dollars),3084,2894,3035,3494,3865,4350
"38900","Portland-Vancouver-Beaverton, OR-WA (MSA)",46,"     Publishing including software",900,Real GDP by Metropolitan Area (millions of chained 2001 dollars),"(D)","(D)","(D)","(D)","(D)","(D)"
"38900","Portland-Vancouver-Beaverton, OR-WA (MSA)",47,"     Motion picture and sound recording industries",900,Real GDP by Metropolitan Area (millions of chained 2001 dollars),109,102,93,"(D)","(D)",140
"38900","Portland-Vancouver-Beaverton, OR-WA (MSA)",48,"     Broadcasting and telecommunications",900,Real GDP by Metropolitan Area (millions of chained 2001 dollars),"(D)","(D)","(D)","(D)","(D)","(D)"
"38900","Portland-Vancouver-Beaverton, OR-WA (MSA)",49,"     Information and data processing services",900,Real GDP by Metropolitan Area (millions of chained 2001 dollars),"(D)","(D)","(D)","(D)","(D)","(D)"
"38900","Portland-Vancouver-Beaverton, OR-WA (MSA)",50,"   Finance and insurance",900,Real GDP by Metropolitan Area (millions of chained 2001 dollars),"(D)","(D)","(D)","(D)","(D)",6000
"38900","Portland-Vancouver-Beaverton, OR-WA (MSA)",51,"     Federal Reserve banks, credit intermediation and related services",900,Real GDP by Metropolitan Area (millions of chained 2001 dollars),"(D)","(D)","(D)","(D)","(D)","(D)"
"38900","Portland-Vancouver-Beaverton, OR-WA (MSA)",52,"     Securities, commodity contracts, investments",900,Real GDP by Metropolitan Area (millions of chained 2001 dollars),"(D)","(D)","(D)","(D)","(D)","(D)"
"38900","Portland-Vancouver-Beaverton, OR-WA (MSA)",53,"     Insurance carriers and related activities",900,Real GDP by Metropolitan Area (millions of chained 2001 dollars),"(D)","(D)","(D)","(D)","(D)","(D)"
"38900","Portland-Vancouver-Beaverton, OR-WA (MSA)",54,"     Funds, trusts, and other financial vehicles",900,Real GDP by Metropolitan Area (millions of chained 2001 dollars),"(D)","(D)","(D)","(D)","(D)","(D)"
"38900","Portland-Vancouver-Beaverton, OR-WA (MSA)",55,"   Real estate and rental and leasing",900,Real GDP by Metropolitan Area (millions of chained 2001 dollars),"(D)","(D)","(D)","(D)","(D)","(D)"
"38900","Portland-Vancouver-Beaverton, OR-WA (MSA)",56,"     Real estate",900,Real GDP by Metropolitan Area (millions of chained 2001 dollars),"(D)","(D)","(D)","(D)","(D)","(D)"
"38900","Portland-Vancouver-Beaverton, OR-WA (MSA)",57,"     Rental and leasing services and lessors of intangible assets",900,Real GDP by Metropolitan Area (millions of chained 2001 dollars),526,657,663,"(D)","(D)","(D)"
"38900","Portland-Vancouver-Beaverton, OR-WA (MSA)",58,"   Professional and technical services",900,Real GDP by Metropolitan Area (millions of chained 2001 dollars),"(D)",4793,4814,5140,"(D)","(D)"
"38900","Portland-Vancouver-Beaverton, OR-WA (MSA)",62,"   Management of companies and enterprises",900,Real GDP by Metropolitan Area (millions of chained 2001 dollars),"(D)","(D)","(D)","(D)","(D)","(D)"
"38900","Portland-Vancouver-Beaverton, OR-WA (MSA)",63,"   Administrative and waste services",900,Real GDP by Metropolitan Area (millions of chained 2001 dollars),"(D)","(D)","(D)","(D)","(D)","(D)"
"38900","Portland-Vancouver-Beaverton, OR-WA (MSA)",64,"     Administrative and support services",900,Real GDP by Metropolitan Area (millions of chained 2001 dollars),"(D)",2034,2060,"(D)","(D)",2231
"38900","Portland-Vancouver-Beaverton, OR-WA (MSA)",65,"     Waste management and remediation services",900,Real GDP by Metropolitan Area (millions of chained 2001 dollars),"(D)","(D)","(D)","(D)",181,"(D)"
"38900","Portland-Vancouver-Beaverton, OR-WA (MSA)",66,"   Educational services",900,Real GDP by Metropolitan Area (millions of chained 2001 dollars),541,551,"(D)","(D)","(D)","(D)"
"38900","Portland-Vancouver-Beaverton, OR-WA (MSA)",67,"   Health care and social assistance",900,Real GDP by Metropolitan Area (millions of chained 2001 dollars),4833,5054,"(D)","(D)","(D)","(D)"
"38900","Portland-Vancouver-Beaverton, OR-WA (MSA)",68,"     Ambulatory health care services",900,Real GDP by Metropolitan Area (millions of chained 2001 dollars),"(D)","(D)","(D)",2988,3182,3453
"38900","Portland-Vancouver-Beaverton, OR-WA (MSA)",69,"     Hospitals and nursing and residential care facilities",900,Real GDP by Metropolitan Area (millions of chained 2001 dollars),"(D)","(D)","(D)","(D)","(D)","(D)"
"38900","Portland-Vancouver-Beaverton, OR-WA (MSA)",70,"     Social assistance",900,Real GDP by Metropolitan Area (millions of chained 2001 dollars),"(D)","(D)","(D)","(D)","(D)","(D)"
"38900","Portland-Vancouver-Beaverton, OR-WA (MSA)",71,"   Arts, entertainment, and recreation",900,Real GDP by Metropolitan Area (millions of chained 2001 dollars),575,598,563,568,579,592
"38900","Portland-Vancouver-Beaverton, OR-WA (MSA)",72,"     Performing arts, museums, and related activities",900,Real GDP by Metropolitan Area (millions of chained 2001 dollars),"(D)","(D)","(D)","(D)","(D)","(D)"
"38900","Portland-Vancouver-Beaverton, OR-WA (MSA)",73,"     Amusement, gambling, and recreation",900,Real GDP by Metropolitan Area (millions of chained 2001 dollars),"(D)","(D)","(D)","(D)","(D)","(D)"
"38900","Portland-Vancouver-Beaverton, OR-WA (MSA)",74,"   Accommodation and food services",900,Real GDP by Metropolitan Area (millions of chained 2001 dollars),1721,1704,1768,1846,1887,1969
"38900","Portland-Vancouver-Beaverton, OR-WA (MSA)",75,"     Accommodation",900,Real GDP by Metropolitan Area (millions of chained 2001 dollars),"(D)",414,403,405,394,410
"38900","Portland-Vancouver-Beaverton, OR-WA (MSA)",76,"     Food services and drinking places",900,Real GDP by Metropolitan Area (millions of chained 2001 dollars),"(D)",1291,1365,1440,1492,1557
"38900","Portland-Vancouver-Beaverton, OR-WA (MSA)",77,"   Other services, except government",900,Real GDP by Metropolitan Area (millions of chained 2001 dollars),1748,1729,1790,1848,1864,1882
"38900","Portland-Vancouver-Beaverton, OR-WA (MSA)",78," Government",900,Real GDP by Metropolitan Area (millions of chained 2001 dollars),7544,8289,8367,7697,7336,7522
"38900","Portland-Vancouver-Beaverton, OR-WA (MSA)",79,"   Federal civilian",900,Real GDP by Metropolitan Area (millions of chained 2001 dollars),1539,1607,1628,1527,1385,1520
"38900","Portland-Vancouver-Beaverton, OR-WA (MSA)",80,"   Federal military",900,Real GDP by Metropolitan Area (millions of chained 2001 dollars),187,216,263,257,259,234
"38900","Portland-Vancouver-Beaverton, OR-WA (MSA)",81,"   State and local",900,Real GDP by Metropolitan Area (millions of chained 2001 dollars),5818,6467,6475,5907,5690,5765
"38900","Portland-Vancouver-Beaverton, OR-WA (MSA)",99,"Natural resources and mining",900,Real GDP by Metropolitan Area (millions of chained 2001 dollars),1169,"(D)","(D)","(D)","(D)",1407
"38900","Portland-Vancouver-Beaverton, OR-WA (MSA)",100,"Trade",900,Real GDP by Metropolitan Area (millions of chained 2001 dollars),"(D)","(D)","(D)","(D)","(D)","(D)"
"38900","Portland-Vancouver-Beaverton, OR-WA (MSA)",101,"Transportation and utilities",900,Real GDP by Metropolitan Area (millions of chained 2001 dollars),3565,"(D)","(D)","(D)","(D)",3909
"38900","Portland-Vancouver-Beaverton, OR-WA (MSA)",102,"Financial activities",900,Real GDP by Metropolitan Area (millions of chained 2001 dollars),17001,"(D)","(D)","(D)","(D)","(D)"
"38900","Portland-Vancouver-Beaverton, OR-WA (MSA)",103,"Professional and business services",900,Real GDP by Metropolitan Area (millions of chained 2001 dollars),8747,"(D)","(D)","(D)","(D)",9599
"38900","Portland-Vancouver-Beaverton, OR-WA (MSA)",104,"Education and health services",900,Real GDP by Metropolitan Area (millions of chained 2001 dollars),5374,5605,"(D)","(D)","(D)",6583
"38900","Portland-Vancouver-Beaverton, OR-WA (MSA)",105,"Leisure and hospitality",900,Real GDP by Metropolitan Area (millions of chained 2001 dollars),2296,2302,2332,2414,2466,2560
"38900","Portland-Vancouver-Beaverton, OR-WA (MSA)",106,"Information, Communication, and Technology (ICT)",900,Real GDP by Metropolitan Area (millions of chained 2001 dollars),8227,9066,10628,17397,18206,26969
"38900","Portland-Vancouver-Beaverton, OR-WA (MSA)",108,"Private goods-producing industries",900,Real GDP by Metropolitan Area (millions of chained 2001 dollars),16558,17556,18184,24538,25480,31773
"38900","Portland-Vancouver-Beaverton, OR-WA (MSA)",109,"Private services-providing industries",900,Real GDP by Metropolitan Area (millions of chained 2001 dollars),53079,52588,53375,54610,57384,59867
"FIPS","Metropolitan Area","Industry Code","Industry","Component Code","Component","2001","2002","2003","2004","2005","2006"
"38900","Portland-Vancouver-Beaverton, OR-WA (MSA)",1,"Total Gross Domestic Product by Metropolitan Area",1000,Per capita real GDP by Metropolitan Area (chained 2001 dollars),39038,38938,39180,41808,42710,45615
"38900","Portland-Vancouver-Beaverton, OR-WA (MSA)",2," Private industries",1000,Per capita real GDP by Metropolitan Area (chained 2001 dollars),"n/a","n/a","n/a","n/a","n/a","n/a"
"38900","Portland-Vancouver-Beaverton, OR-WA (MSA)",3,"   Agriculture, forestry, fishing, and hunting",1000,Per capita real GDP by Metropolitan Area (chained 2001 dollars),"n/a","n/a","n/a","n/a","n/a","n/a"
"38900","Portland-Vancouver-Beaverton, OR-WA (MSA)",4,"     Crop and animal production (Farms)",1000,Per capita real GDP by Metropolitan Area (chained 2001 dollars),"n/a","n/a","n/a","n/a","n/a","n/a"
"38900","Portland-Vancouver-Beaverton, OR-WA (MSA)",5,"     Forestry, fishing, and related activities",1000,Per capita real GDP by Metropolitan Area (chained 2001 dollars),"n/a","n/a","n/a","n/a","n/a","n/a"
"38900","Portland-Vancouver-Beaverton, OR-WA (MSA)",6,"   Mining",1000,Per capita real GDP by Metropolitan Area (chained 2001 dollars),"n/a","n/a","n/a","n/a","n/a","n/a"
"38900","Portland-Vancouver-Beaverton, OR-WA (MSA)",7,"     Oil and gas extraction",1000,Per capita real GDP by Metropolitan Area (chained 2001 dollars),"n/a","n/a","n/a","n/a","n/a","n/a"
"38900","Portland-Vancouver-Beaverton, OR-WA (MSA)",8,"     Mining, except oil and gas",1000,Per capita real GDP by Metropolitan Area (chained 2001 dollars),"n/a","n/a","n/a","n/a","n/a","n/a"
"38900","Portland-Vancouver-Beaverton, OR-WA (MSA)",9,"     Support activities for mining",1000,Per capita real GDP by Metropolitan Area (chained 2001 dollars),"n/a","n/a","n/a","n/a","n/a","n/a"
"38900","Portland-Vancouver-Beaverton, OR-WA (MSA)",10,"   Utilities",1000,Per capita real GDP by Metropolitan Area (chained 2001 dollars),"n/a","n/a","n/a","n/a","n/a","n/a"
"38900","Portland-Vancouver-Beaverton, OR-WA (MSA)",11,"   Construction",1000,Per capita real GDP by Metropolitan Area (chained 2001 dollars),"n/a","n/a","n/a","n/a","n/a","n/a"
"38900","Portland-Vancouver-Beaverton, OR-WA (MSA)",12,"   Manufacturing",1000,Per capita real GDP by Metropolitan Area (chained 2001 dollars),"n/a","n/a","n/a","n/a","n/a","n/a"
"38900","Portland-Vancouver-Beaverton, OR-WA (MSA)",13,"     Durable goods",1000,Per capita real GDP by Metropolitan Area (chained 2001 dollars),"n/a","n/a","n/a","n/a","n/a","n/a"
"38900","Portland-Vancouver-Beaverton, OR-WA (MSA)",14,"       Wood product manufacturing",1000,Per capita real GDP by Metropolitan Area (chained 2001 dollars),"n/a","n/a","n/a","n/a","n/a","n/a"
"38900","Portland-Vancouver-Beaverton, OR-WA (MSA)",15,"       Nonmetallic mineral product manufacturing",1000,Per capita real GDP by Metropolitan Area (chained 2001 dollars),"n/a","n/a","n/a","n/a","n/a","n/a"
"38900","Portland-Vancouver-Beaverton, OR-WA (MSA)",16,"       Primary metal manufacturing",1000,Per capita real GDP by Metropolitan Area (chained 2001 dollars),"n/a","n/a","n/a","n/a","n/a","n/a"
"38900","Portland-Vancouver-Beaverton, OR-WA (MSA)",17,"       Fabricated metal product manufacturing",1000,Per capita real GDP by Metropolitan Area (chained 2001 dollars),"n/a","n/a","n/a","n/a","n/a","n/a"
"38900","Portland-Vancouver-Beaverton, OR-WA (MSA)",18,"       Machinery manufacturing",1000,Per capita real GDP by Metropolitan Area (chained 2001 dollars),"n/a","n/a","n/a","n/a","n/a","n/a"
"38900","Portland-Vancouver-Beaverton, OR-WA (MSA)",19,"       Computer and electronic product manufacturing",1000,Per capita real GDP by Metropolitan Area (chained 2001 dollars),"n/a","n/a","n/a","n/a","n/a","n/a"
"38900","Portland-Vancouver-Beaverton, OR-WA (MSA)",20,"       Electrical equipment and appliance manufacturing",1000,Per capita real GDP by Metropolitan Area (chained 2001 dollars),"n/a","n/a","n/a","n/a","n/a","n/a"
"38900","Portland-Vancouver-Beaverton, OR-WA (MSA)",21,"       Motor vehicle, body, trailer, and parts manufacturing",1000,Per capita real GDP by Metropolitan Area (chained 2001 dollars),"n/a","n/a","n/a","n/a","n/a","n/a"
"38900","Portland-Vancouver-Beaverton, OR-WA (MSA)",22,"       Other transportation equipment manufacturing",1000,Per capita real GDP by Metropolitan Area (chained 2001 dollars),"n/a","n/a","n/a","n/a","n/a","n/a"
"38900","Portland-Vancouver-Beaverton, OR-WA (MSA)",23,"       Furniture and related product manufacturing",1000,Per capita real GDP by Metropolitan Area (chained 2001 dollars),"n/a","n/a","n/a","n/a","n/a","n/a"
"38900","Portland-Vancouver-Beaverton, OR-WA (MSA)",24,"       Miscellaneous manufacturing",1000,Per capita real GDP by Metropolitan Area (chained 2001 dollars),"n/a","n/a","n/a","n/a","n/a","n/a"
"38900","Portland-Vancouver-Beaverton, OR-WA (MSA)",25,"     Nondurable goods",1000,Per capita real GDP by Metropolitan Area (chained 2001 dollars),"n/a","n/a","n/a","n/a","n/a","n/a"
"38900","Portland-Vancouver-Beaverton, OR-WA (MSA)",26,"       Food product manufacturing",1000,Per capita real GDP by Metropolitan Area (chained 2001 dollars),"n/a","n/a","n/a","n/a","n/a","n/a"
"38900","Portland-Vancouver-Beaverton, OR-WA (MSA)",27,"       Textile and textile product mills",1000,Per capita real GDP by Metropolitan Area (chained 2001 dollars),"n/a","n/a","n/a","n/a","n/a","n/a"
"38900","Portland-Vancouver-Beaverton, OR-WA (MSA)",28,"       Apparel manufacturing",1000,Per capita real GDP by Metropolitan Area (chained 2001 dollars),"n/a","n/a","n/a","n/a","n/a","n/a"
"38900","Portland-Vancouver-Beaverton, OR-WA (MSA)",29,"       Paper manufacturing",1000,Per capita real GDP by Metropolitan Area (chained 2001 dollars),"n/a","n/a","n/a","n/a","n/a","n/a"
"38900","Portland-Vancouver-Beaverton, OR-WA (MSA)",30,"       Printing and related support activities",1000,Per capita real GDP by Metropolitan Area (chained 2001 dollars),"n/a","n/a","n/a","n/a","n/a","n/a"
"38900","Portland-Vancouver-Beaverton, OR-WA (MSA)",31,"       Petroleum and coal products manufacturing",1000,Per capita real GDP by Metropolitan Area (chained 2001 dollars),"n/a","n/a","n/a","n/a","n/a","n/a"
"38900","Portland-Vancouver-Beaverton, OR-WA (MSA)",32,"       Chemical manufacturing",1000,Per capita real GDP by Metropolitan Area (chained 2001 dollars),"n/a","n/a","n/a","n/a","n/a","n/a"
"38900","Portland-Vancouver-Beaverton, OR-WA (MSA)",33,"       Plastics and rubber products manufacturing",1000,Per capita real GDP by Metropolitan Area (chained 2001 dollars),"n/a","n/a","n/a","n/a","n/a","n/a"
"38900","Portland-Vancouver-Beaverton, OR-WA (MSA)",34,"   Wholesale trade",1000,Per capita real GDP by Metropolitan Area (chained 2001 dollars),"n/a","n/a","n/a","n/a","n/a","n/a"
"38900","Portland-Vancouver-Beaverton, OR-WA (MSA)",35,"   Retail trade",1000,Per capita real GDP by Metropolitan Area (chained 2001 dollars),"n/a","n/a","n/a","n/a","n/a","n/a"
"38900","Portland-Vancouver-Beaverton, OR-WA (MSA)",36,"   Transportation and warehousing, excluding Postal Service",1000,Per capita real GDP by Metropolitan Area (chained 2001 dollars),"n/a","n/a","n/a","n/a","n/a","n/a"
"38900","Portland-Vancouver-Beaverton, OR-WA (MSA)",37,"     Air transportation",1000,Per capita real GDP by Metropolitan Area (chained 2001 dollars),"n/a","n/a","n/a","n/a","n/a","n/a"
"38900","Portland-Vancouver-Beaverton, OR-WA (MSA)",38,"     Rail transportation",1000,Per capita real GDP by Metropolitan Area (chained 2001 dollars),"n/a","n/a","n/a","n/a","n/a","n/a"
"38900","Portland-Vancouver-Beaverton, OR-WA (MSA)",39,"     Water transportation",1000,Per capita real GDP by Metropolitan Area (chained 2001 dollars),"n/a","n/a","n/a","n/a","n/a","n/a"
"38900","Portland-Vancouver-Beaverton, OR-WA (MSA)",40,"     Truck transportation",1000,Per capita real GDP by Metropolitan Area (chained 2001 dollars),"n/a","n/a","n/a","n/a","n/a","n/a"
"38900","Portland-Vancouver-Beaverton, OR-WA (MSA)",41,"     Transit and ground passenger transportation",1000,Per capita real GDP by Metropolitan Area (chained 2001 dollars),"n/a","n/a","n/a","n/a","n/a","n/a"
"38900","Portland-Vancouver-Beaverton, OR-WA (MSA)",42,"     Pipeline transportation",1000,Per capita real GDP by Metropolitan Area (chained 2001 dollars),"n/a","n/a","n/a","n/a","n/a","n/a"
"38900","Portland-Vancouver-Beaverton, OR-WA (MSA)",43,"     Other transportation and support activities",1000,Per capita real GDP by Metropolitan Area (chained 2001 dollars),"n/a","n/a","n/a","n/a","n/a","n/a"
"38900","Portland-Vancouver-Beaverton, OR-WA (MSA)",44,"     Warehousing and storage",1000,Per capita real GDP by Metropolitan Area (chained 2001 dollars),"n/a","n/a","n/a","n/a","n/a","n/a"
"38900","Portland-Vancouver-Beaverton, OR-WA (MSA)",45,"   Information",1000,Per capita real GDP by Metropolitan Area (chained 2001 dollars),"n/a","n/a","n/a","n/a","n/a","n/a"
"38900","Portland-Vancouver-Beaverton, OR-WA (MSA)",46,"     Publishing including software",1000,Per capita real GDP by Metropolitan Area (chained 2001 dollars),"n/a","n/a","n/a","n/a","n/a","n/a"
"38900","Portland-Vancouver-Beaverton, OR-WA (MSA)",47,"     Motion picture and sound recording industries",1000,Per capita real GDP by Metropolitan Area (chained 2001 dollars),"n/a","n/a","n/a","n/a","n/a","n/a"
"38900","Portland-Vancouver-Beaverton, OR-WA (MSA)",48,"     Broadcasting and telecommunications",1000,Per capita real GDP by Metropolitan Area (chained 2001 dollars),"n/a","n/a","n/a","n/a","n/a","n/a"
"38900","Portland-Vancouver-Beaverton, OR-WA (MSA)",49,"     Information and data processing services",1000,Per capita real GDP by Metropolitan Area (chained 2001 dollars),"n/a","n/a","n/a","n/a","n/a","n/a"
"38900","Portland-Vancouver-Beaverton, OR-WA (MSA)",50,"   Finance and insurance",1000,Per capita real GDP by Metropolitan Area (chained 2001 dollars),"n/a","n/a","n/a","n/a","n/a","n/a"
"38900","Portland-Vancouver-Beaverton, OR-WA (MSA)",51,"     Federal Reserve banks, credit intermediation and related services",1000,Per capita real GDP by Metropolitan Area (chained 2001 dollars),"n/a","n/a","n/a","n/a","n/a","n/a"
"38900","Portland-Vancouver-Beaverton, OR-WA (MSA)",52,"     Securities, commodity contracts, investments",1000,Per capita real GDP by Metropolitan Area (chained 2001 dollars),"n/a","n/a","n/a","n/a","n/a","n/a"
"38900","Portland-Vancouver-Beaverton, OR-WA (MSA)",53,"     Insurance carriers and related activities",1000,Per capita real GDP by Metropolitan Area (chained 2001 dollars),"n/a","n/a","n/a","n/a","n/a","n/a"
"38900","Portland-Vancouver-Beaverton, OR-WA (MSA)",54,"     Funds, trusts, and other financial vehicles",1000,Per capita real GDP by Metropolitan Area (chained 2001 dollars),"n/a","n/a","n/a","n/a","n/a","n/a"
"38900","Portland-Vancouver-Beaverton, OR-WA (MSA)",55,"   Real estate and rental and leasing",1000,Per capita real GDP by Metropolitan Area (chained 2001 dollars),"n/a","n/a","n/a","n/a","n/a","n/a"
"38900","Portland-Vancouver-Beaverton, OR-WA (MSA)",56,"     Real estate",1000,Per capita real GDP by Metropolitan Area (chained 2001 dollars),"n/a","n/a","n/a","n/a","n/a","n/a"
"38900","Portland-Vancouver-Beaverton, OR-WA (MSA)",57,"     Rental and leasing services and lessors of intangible assets",1000,Per capita real GDP by Metropolitan Area (chained 2001 dollars),"n/a","n/a","n/a","n/a","n/a","n/a"
"38900","Portland-Vancouver-Beaverton, OR-WA (MSA)",58,"   Professional and technical services",1000,Per capita real GDP by Metropolitan Area (chained 2001 dollars),"n/a","n/a","n/a","n/a","n/a","n/a"
"38900","Portland-Vancouver-Beaverton, OR-WA (MSA)",62,"   Management of companies and enterprises",1000,Per capita real GDP by Metropolitan Area (chained 2001 dollars),"n/a","n/a","n/a","n/a","n/a","n/a"
"38900","Portland-Vancouver-Beaverton, OR-WA (MSA)",63,"   Administrative and waste services",1000,Per capita real GDP by Metropolitan Area (chained 2001 dollars),"n/a","n/a","n/a","n/a","n/a","n/a"
"38900","Portland-Vancouver-Beaverton, OR-WA (MSA)",64,"     Administrative and support services",1000,Per capita real GDP by Metropolitan Area (chained 2001 dollars),"n/a","n/a","n/a","n/a","n/a","n/a"
"38900","Portland-Vancouver-Beaverton, OR-WA (MSA)",65,"     Waste management and remediation services",1000,Per capita real GDP by Metropolitan Area (chained 2001 dollars),"n/a","n/a","n/a","n/a","n/a","n/a"
"38900","Portland-Vancouver-Beaverton, OR-WA (MSA)",66,"   Educational services",1000,Per capita real GDP by Metropolitan Area (chained 2001 dollars),"n/a","n/a","n/a","n/a","n/a","n/a"
"38900","Portland-Vancouver-Beaverton, OR-WA (MSA)",67,"   Health care and social assistance",1000,Per capita real GDP by Metropolitan Area (chained 2001 dollars),"n/a","n/a","n/a","n/a","n/a","n/a"
"38900","Portland-Vancouver-Beaverton, OR-WA (MSA)",68,"     Ambulatory health care services",1000,Per capita real GDP by Metropolitan Area (chained 2001 dollars),"n/a","n/a","n/a","n/a","n/a","n/a"
"38900","Portland-Vancouver-Beaverton, OR-WA (MSA)",69,"     Hospitals and nursing and residential care facilities",1000,Per capita real GDP by Metropolitan Area (chained 2001 dollars),"n/a","n/a","n/a","n/a","n/a","n/a"
"38900","Portland-Vancouver-Beaverton, OR-WA (MSA)",70,"     Social assistance",1000,Per capita real GDP by Metropolitan Area (chained 2001 dollars),"n/a","n/a","n/a","n/a","n/a","n/a"
"38900","Portland-Vancouver-Beaverton, OR-WA (MSA)",71,"   Arts, entertainment, and recreation",1000,Per capita real GDP by Metropolitan Area (chained 2001 dollars),"n/a","n/a","n/a","n/a","n/a","n/a"
"38900","Portland-Vancouver-Beaverton, OR-WA (MSA)",72,"     Performing arts, museums, and related activities",1000,Per capita real GDP by Metropolitan Area (chained 2001 dollars),"n/a","n/a","n/a","n/a","n/a","n/a"
"38900","Portland-Vancouver-Beaverton, OR-WA (MSA)",73,"     Amusement, gambling, and recreation",1000,Per capita real GDP by Metropolitan Area (chained 2001 dollars),"n/a","n/a","n/a","n/a","n/a","n/a"
"38900","Portland-Vancouver-Beaverton, OR-WA (MSA)",74,"   Accommodation and food services",1000,Per capita real GDP by Metropolitan Area (chained 2001 dollars),"n/a","n/a","n/a","n/a","n/a","n/a"
"38900","Portland-Vancouver-Beaverton, OR-WA (MSA)",75,"     Accommodation",1000,Per capita real GDP by Metropolitan Area (chained 2001 dollars),"n/a","n/a","n/a","n/a","n/a","n/a"
"38900","Portland-Vancouver-Beaverton, OR-WA (MSA)",76,"     Food services and drinking places",1000,Per capita real GDP by Metropolitan Area (chained 2001 dollars),"n/a","n/a","n/a","n/a","n/a","n/a"
"38900","Portland-Vancouver-Beaverton, OR-WA (MSA)",77,"   Other services, except government",1000,Per capita real GDP by Metropolitan Area (chained 2001 dollars),"n/a","n/a","n/a","n/a","n/a","n/a"
"38900","Portland-Vancouver-Beaverton, OR-WA (MSA)",78," Government",1000,Per capita real GDP by Metropolitan Area (chained 2001 dollars),"n/a","n/a","n/a","n/a","n/a","n/a"
"38900","Portland-Vancouver-Beaverton, OR-WA (MSA)",79,"   Federal civilian",1000,Per capita real GDP by Metropolitan Area (chained 2001 dollars),"n/a","n/a","n/a","n/a","n/a","n/a"
"38900","Portland-Vancouver-Beaverton, OR-WA (MSA)",80,"   Federal military",1000,Per capita real GDP by Metropolitan Area (chained 2001 dollars),"n/a","n/a","n/a","n/a","n/a","n/a"
"38900","Portland-Vancouver-Beaverton, OR-WA (MSA)",81,"   State and local",1000,Per capita real GDP by Metropolitan Area (chained 2001 dollars),"n/a","n/a","n/a","n/a","n/a","n/a"
"38900","Portland-Vancouver-Beaverton, OR-WA (MSA)",99,"Natural resources and mining",1000,Per capita real GDP by Metropolitan Area (chained 2001 dollars),"n/a","n/a","n/a","n/a","n/a","n/a"
"38900","Portland-Vancouver-Beaverton, OR-WA (MSA)",100,"Trade",1000,Per capita real GDP by Metropolitan Area (chained 2001 dollars),"n/a","n/a","n/a","n/a","n/a","n/a"
"38900","Portland-Vancouver-Beaverton, OR-WA (MSA)",101,"Transportation and utilities",1000,Per capita real GDP by Metropolitan Area (chained 2001 dollars),"n/a","n/a","n/a","n/a","n/a","n/a"
"38900","Portland-Vancouver-Beaverton, OR-WA (MSA)",102,"Financial activities",1000,Per capita real GDP by Metropolitan Area (chained 2001 dollars),"n/a","n/a","n/a","n/a","n/a","n/a"
"38900","Portland-Vancouver-Beaverton, OR-WA (MSA)",103,"Professional and business services",1000,Per capita real GDP by Metropolitan Area (chained 2001 dollars),"n/a","n/a","n/a","n/a","n/a","n/a"
"38900","Portland-Vancouver-Beaverton, OR-WA (MSA)",104,"Education and health services",1000,Per capita real GDP by Metropolitan Area (chained 2001 dollars),"n/a","n/a","n/a","n/a","n/a","n/a"
"38900","Portland-Vancouver-Beaverton, OR-WA (MSA)",105,"Leisure and hospitality",1000,Per capita real GDP by Metropolitan Area (chained 2001 dollars),"n/a","n/a","n/a","n/a","n/a","n/a"
"38900","Portland-Vancouver-Beaverton, OR-WA (MSA)",106,"Information, Communication, and Technology (ICT)",1000,Per capita real GDP by Metropolitan Area (chained 2001 dollars),"n/a","n/a","n/a","n/a","n/a","n/a"
"38900","Portland-Vancouver-Beaverton, OR-WA (MSA)",108,"Private goods-producing industries",1000,Per capita real GDP by Metropolitan Area (chained 2001 dollars),"n/a","n/a","n/a","n/a","n/a","n/a"
"38900","Portland-Vancouver-Beaverton, OR-WA (MSA)",109,"Private services-providing industries",1000,Per capita real GDP by Metropolitan Area (chained 2001 dollars),"n/a","n/a","n/a","n/a","n/a","n/a"
Source: Bureau of Economic Analysis, U.S. Department of Commerce
