"FIPS","Metropolitan Area","Industry Code","Industry","Component Code","Component","2001","2002","2003","2004","2005","2006"
"43780","South Bend-Mishawaka, IN-MI (MSA)",1,"Total Gross Domestic Product by Metropolitan Area",200,GDP by Metropolitan Area (millions of current dollars),8759,9597,10212,11033,11033,11327
"43780","South Bend-Mishawaka, IN-MI (MSA)",2," Private industries",200,GDP by Metropolitan Area (millions of current dollars),7994,8807,9371,10164,10122,10396
"43780","South Bend-Mishawaka, IN-MI (MSA)",3,"   Agriculture, forestry, fishing, and hunting",200,GDP by Metropolitan Area (millions of current dollars),"(D)","(D)","(D)","(D)","(D)","(D)"
"43780","South Bend-Mishawaka, IN-MI (MSA)",4,"     Crop and animal production (Farms)",200,GDP by Metropolitan Area (millions of current dollars),40,30,52,92,65,77
"43780","South Bend-Mishawaka, IN-MI (MSA)",5,"     Forestry, fishing, and related activities",200,GDP by Metropolitan Area (millions of current dollars),"(D)","(D)","(D)","(D)","(D)","(D)"
"43780","South Bend-Mishawaka, IN-MI (MSA)",6,"   Mining",200,GDP by Metropolitan Area (millions of current dollars),"(D)","(D)","(D)","(D)","(D)",4
"43780","South Bend-Mishawaka, IN-MI (MSA)",7,"     Oil and gas extraction",200,GDP by Metropolitan Area (millions of current dollars),"(L)","(L)","(L)","(L)","(L)","(L)"
"43780","South Bend-Mishawaka, IN-MI (MSA)",8,"     Mining, except oil and gas",200,GDP by Metropolitan Area (millions of current dollars),"(D)","(D)","(D)","(D)","(D)","(D)"
"43780","South Bend-Mishawaka, IN-MI (MSA)",9,"     Support activities for mining",200,GDP by Metropolitan Area (millions of current dollars),"(D)","(D)","(D)","(D)","(D)","(D)"
"43780","South Bend-Mishawaka, IN-MI (MSA)",10,"   Utilities",200,GDP by Metropolitan Area (millions of current dollars),"(D)","(D)","(D)","(D)","(D)","(D)"
"43780","South Bend-Mishawaka, IN-MI (MSA)",11,"   Construction",200,GDP by Metropolitan Area (millions of current dollars),455,432,410,416,425,415
"43780","South Bend-Mishawaka, IN-MI (MSA)",12,"   Manufacturing",200,GDP by Metropolitan Area (millions of current dollars),1881,2396,2666,3069,2793,2735
"43780","South Bend-Mishawaka, IN-MI (MSA)",13,"     Durable goods",200,GDP by Metropolitan Area (millions of current dollars),1424,1816,2041,2268,2057,2014
"43780","South Bend-Mishawaka, IN-MI (MSA)",14,"       Wood product manufacturing",200,GDP by Metropolitan Area (millions of current dollars),51,51,55,62,71,52
"43780","South Bend-Mishawaka, IN-MI (MSA)",15,"       Nonmetallic mineral product manufacturing",200,GDP by Metropolitan Area (millions of current dollars),31,40,40,41,44,44
"43780","South Bend-Mishawaka, IN-MI (MSA)",16,"       Primary metal manufacturing",200,GDP by Metropolitan Area (millions of current dollars),148,189,156,"(D)",198,174
"43780","South Bend-Mishawaka, IN-MI (MSA)",17,"       Fabricated metal product manufacturing",200,GDP by Metropolitan Area (millions of current dollars),264,325,328,394,448,482
"43780","South Bend-Mishawaka, IN-MI (MSA)",18,"       Machinery manufacturing",200,GDP by Metropolitan Area (millions of current dollars),136,110,89,99,116,123
"43780","South Bend-Mishawaka, IN-MI (MSA)",19,"       Computer and electronic product manufacturing",200,GDP by Metropolitan Area (millions of current dollars),"(D)","(D)","(D)","(D)","(D)","(D)"
"43780","South Bend-Mishawaka, IN-MI (MSA)",20,"       Electrical equipment and appliance manufacturing",200,GDP by Metropolitan Area (millions of current dollars),"(D)","(D)","(D)","(D)","(D)","(D)"
"43780","South Bend-Mishawaka, IN-MI (MSA)",21,"       Motor vehicle, body, trailer, and parts manufacturing",200,GDP by Metropolitan Area (millions of current dollars),"(D)","(D)","(D)","(D)","(D)","(D)"
"43780","South Bend-Mishawaka, IN-MI (MSA)",22,"       Other transportation equipment manufacturing",200,GDP by Metropolitan Area (millions of current dollars),132,151,148,194,194,214
"43780","South Bend-Mishawaka, IN-MI (MSA)",23,"       Furniture and related product manufacturing",200,GDP by Metropolitan Area (millions of current dollars),"(D)","(D)","(D)",55,"(D)","(D)"
"43780","South Bend-Mishawaka, IN-MI (MSA)",24,"       Miscellaneous manufacturing",200,GDP by Metropolitan Area (millions of current dollars),247,347,410,"(D)","(D)","(D)"
"43780","South Bend-Mishawaka, IN-MI (MSA)",25,"     Nondurable goods",200,GDP by Metropolitan Area (millions of current dollars),457,581,624,800,737,721
"43780","South Bend-Mishawaka, IN-MI (MSA)",26,"       Food product manufacturing",200,GDP by Metropolitan Area (millions of current dollars),44,"(D)",92,85,65,"(D)"
"43780","South Bend-Mishawaka, IN-MI (MSA)",27,"       Textile and textile product mills",200,GDP by Metropolitan Area (millions of current dollars),3,"(D)","(D)","(D)","(D)","(D)"
"43780","South Bend-Mishawaka, IN-MI (MSA)",28,"       Apparel manufacturing",200,GDP by Metropolitan Area (millions of current dollars),"(D)",3,"(D)","(D)","(D)","(D)"
"43780","South Bend-Mishawaka, IN-MI (MSA)",29,"       Paper manufacturing",200,GDP by Metropolitan Area (millions of current dollars),65,99,"(D)","(D)","(D)","(D)"
"43780","South Bend-Mishawaka, IN-MI (MSA)",30,"       Printing and related support activities",200,GDP by Metropolitan Area (millions of current dollars),54,51,50,57,53,58
"43780","South Bend-Mishawaka, IN-MI (MSA)",31,"       Petroleum and coal products manufacturing",200,GDP by Metropolitan Area (millions of current dollars),9,9,12,17,15,"(D)"
"43780","South Bend-Mishawaka, IN-MI (MSA)",32,"       Chemical manufacturing",200,GDP by Metropolitan Area (millions of current dollars),"(D)",168,209,"(D)","(D)","(D)"
"43780","South Bend-Mishawaka, IN-MI (MSA)",33,"       Plastics and rubber products manufacturing",200,GDP by Metropolitan Area (millions of current dollars),153,164,156,164,157,160
"43780","South Bend-Mishawaka, IN-MI (MSA)",34,"   Wholesale trade",200,GDP by Metropolitan Area (millions of current dollars),646,652,690,694,728,767
"43780","South Bend-Mishawaka, IN-MI (MSA)",35,"   Retail trade",200,GDP by Metropolitan Area (millions of current dollars),676,713,764,761,764,767
"43780","South Bend-Mishawaka, IN-MI (MSA)",36,"   Transportation and warehousing, excluding Postal Service",200,GDP by Metropolitan Area (millions of current dollars),"(D)","(D)","(D)","(D)","(D)","(D)"
"43780","South Bend-Mishawaka, IN-MI (MSA)",37,"     Air transportation",200,GDP by Metropolitan Area (millions of current dollars),"(D)",6,22,27,28,25
"43780","South Bend-Mishawaka, IN-MI (MSA)",38,"     Rail transportation",200,GDP by Metropolitan Area (millions of current dollars),7,8,9,10,13,15
"43780","South Bend-Mishawaka, IN-MI (MSA)",39,"     Water transportation",200,GDP by Metropolitan Area (millions of current dollars),1,"(D)","(D)","(D)","(D)","(D)"
"43780","South Bend-Mishawaka, IN-MI (MSA)",40,"     Truck transportation",200,GDP by Metropolitan Area (millions of current dollars),129,155,154,178,186,197
"43780","South Bend-Mishawaka, IN-MI (MSA)",41,"     Transit and ground passenger transportation",200,GDP by Metropolitan Area (millions of current dollars),5,"(D)","(D)",7,7,7
"43780","South Bend-Mishawaka, IN-MI (MSA)",42,"     Pipeline transportation",200,GDP by Metropolitan Area (millions of current dollars),"(D)",1,1,1,"(D)","(D)"
"43780","South Bend-Mishawaka, IN-MI (MSA)",43,"     Other transportation and support activities",200,GDP by Metropolitan Area (millions of current dollars),"(D)","(D)","(D)","(D)","(D)","(D)"
"43780","South Bend-Mishawaka, IN-MI (MSA)",44,"     Warehousing and storage",200,GDP by Metropolitan Area (millions of current dollars),4,"(D)",9,16,21,21
"43780","South Bend-Mishawaka, IN-MI (MSA)",45,"   Information",200,GDP by Metropolitan Area (millions of current dollars),189,193,213,269,279,293
"43780","South Bend-Mishawaka, IN-MI (MSA)",46,"     Publishing including software",200,GDP by Metropolitan Area (millions of current dollars),"(D)","(D)","(D)","(D)","(D)","(D)"
"43780","South Bend-Mishawaka, IN-MI (MSA)",47,"     Motion picture and sound recording industries",200,GDP by Metropolitan Area (millions of current dollars),"(D)","(D)","(D)","(D)","(D)","(D)"
"43780","South Bend-Mishawaka, IN-MI (MSA)",48,"     Broadcasting and telecommunications",200,GDP by Metropolitan Area (millions of current dollars),"(D)","(D)","(D)","(D)","(D)","(D)"
"43780","South Bend-Mishawaka, IN-MI (MSA)",49,"     Information and data processing services",200,GDP by Metropolitan Area (millions of current dollars),"(D)","(D)","(D)","(D)","(D)","(D)"
"43780","South Bend-Mishawaka, IN-MI (MSA)",50,"   Finance and insurance",200,GDP by Metropolitan Area (millions of current dollars),511,522,589,616,616,700
"43780","South Bend-Mishawaka, IN-MI (MSA)",51,"     Federal Reserve banks, credit intermediation and related services",200,GDP by Metropolitan Area (millions of current dollars),"(D)",329,"(D)","(D)",376,435
"43780","South Bend-Mishawaka, IN-MI (MSA)",52,"     Securities, commodity contracts, investments",200,GDP by Metropolitan Area (millions of current dollars),31,31,48,49,46,55
"43780","South Bend-Mishawaka, IN-MI (MSA)",53,"     Insurance carriers and related activities",200,GDP by Metropolitan Area (millions of current dollars),173,"(D)",167,178,"(D)","(D)"
"43780","South Bend-Mishawaka, IN-MI (MSA)",54,"     Funds, trusts, and other financial vehicles",200,GDP by Metropolitan Area (millions of current dollars),"(D)","(D)","(D)","(D)","(D)","(D)"
"43780","South Bend-Mishawaka, IN-MI (MSA)",55,"   Real estate and rental and leasing",200,GDP by Metropolitan Area (millions of current dollars),776,902,898,956,999,1037
"43780","South Bend-Mishawaka, IN-MI (MSA)",56,"     Real estate",200,GDP by Metropolitan Area (millions of current dollars),712,837,827,"(D)",927,969
"43780","South Bend-Mishawaka, IN-MI (MSA)",57,"     Rental and leasing services and lessors of intangible assets",200,GDP by Metropolitan Area (millions of current dollars),64,65,71,"(D)",72,68
"43780","South Bend-Mishawaka, IN-MI (MSA)",58,"   Professional and technical services",200,GDP by Metropolitan Area (millions of current dollars),479,484,516,549,"(D)","(D)"
"43780","South Bend-Mishawaka, IN-MI (MSA)",62,"   Management of companies and enterprises",200,GDP by Metropolitan Area (millions of current dollars),99,102,96,"(D)","(D)","(D)"
"43780","South Bend-Mishawaka, IN-MI (MSA)",63,"   Administrative and waste services",200,GDP by Metropolitan Area (millions of current dollars),236,232,231,"(D)",284,307
"43780","South Bend-Mishawaka, IN-MI (MSA)",64,"     Administrative and support services",200,GDP by Metropolitan Area (millions of current dollars),"(D)",215,"(D)",221,265,286
"43780","South Bend-Mishawaka, IN-MI (MSA)",65,"     Waste management and remediation services",200,GDP by Metropolitan Area (millions of current dollars),"(D)",17,"(D)","(D)",20,21
"43780","South Bend-Mishawaka, IN-MI (MSA)",66,"   Educational services",200,GDP by Metropolitan Area (millions of current dollars),"(D)","(D)","(D)","(D)","(D)",501
"43780","South Bend-Mishawaka, IN-MI (MSA)",67,"   Health care and social assistance",200,GDP by Metropolitan Area (millions of current dollars),"(D)","(D)","(D)","(D)","(D)",1029
"43780","South Bend-Mishawaka, IN-MI (MSA)",68,"     Ambulatory health care services",200,GDP by Metropolitan Area (millions of current dollars),410,393,422,440,480,498
"43780","South Bend-Mishawaka, IN-MI (MSA)",69,"     Hospitals and nursing and residential care facilities",200,GDP by Metropolitan Area (millions of current dollars),"(D)","(D)","(D)","(D)","(D)",415
"43780","South Bend-Mishawaka, IN-MI (MSA)",70,"     Social assistance",200,GDP by Metropolitan Area (millions of current dollars),64,118,116,118,111,116
"43780","South Bend-Mishawaka, IN-MI (MSA)",71,"   Arts, entertainment, and recreation",200,GDP by Metropolitan Area (millions of current dollars),50,59,63,61,61,64
"43780","South Bend-Mishawaka, IN-MI (MSA)",72,"     Performing arts, museums, and related activities",200,GDP by Metropolitan Area (millions of current dollars),"(D)","(D)","(D)","(D)","(D)",20
"43780","South Bend-Mishawaka, IN-MI (MSA)",73,"     Amusement, gambling, and recreation",200,GDP by Metropolitan Area (millions of current dollars),"(D)","(D)","(D)","(D)","(D)",44
"43780","South Bend-Mishawaka, IN-MI (MSA)",74,"   Accommodation and food services",200,GDP by Metropolitan Area (millions of current dollars),192,198,208,224,233,242
"43780","South Bend-Mishawaka, IN-MI (MSA)",75,"     Accommodation",200,GDP by Metropolitan Area (millions of current dollars),31,30,30,34,36,38
"43780","South Bend-Mishawaka, IN-MI (MSA)",76,"     Food services and drinking places",200,GDP by Metropolitan Area (millions of current dollars),161,168,178,190,197,204
"43780","South Bend-Mishawaka, IN-MI (MSA)",77,"   Other services, except government",200,GDP by Metropolitan Area (millions of current dollars),262,265,276,286,298,307
"43780","South Bend-Mishawaka, IN-MI (MSA)",78," Government",200,GDP by Metropolitan Area (millions of current dollars),765,790,841,869,911,931
"43780","South Bend-Mishawaka, IN-MI (MSA)",79,"   Federal civilian",200,GDP by Metropolitan Area (millions of current dollars),99,102,107,112,112,115
"43780","South Bend-Mishawaka, IN-MI (MSA)",80,"   Federal military",200,GDP by Metropolitan Area (millions of current dollars),27,33,46,44,47,50
"43780","South Bend-Mishawaka, IN-MI (MSA)",81,"   State and local",200,GDP by Metropolitan Area (millions of current dollars),639,656,689,712,751,766
"43780","South Bend-Mishawaka, IN-MI (MSA)",99,"Natural resources and mining",200,GDP by Metropolitan Area (millions of current dollars),48,39,56,97,71,"(D)"
"43780","South Bend-Mishawaka, IN-MI (MSA)",100,"Trade",200,GDP by Metropolitan Area (millions of current dollars),1321,1365,1454,1455,1492,1535
"43780","South Bend-Mishawaka, IN-MI (MSA)",101,"Transportation and utilities",200,GDP by Metropolitan Area (millions of current dollars),296,321,342,394,414,"(D)"
"43780","South Bend-Mishawaka, IN-MI (MSA)",102,"Financial activities",200,GDP by Metropolitan Area (millions of current dollars),1287,1424,1487,1572,1614,1737
"43780","South Bend-Mishawaka, IN-MI (MSA)",103,"Professional and business services",200,GDP by Metropolitan Area (millions of current dollars),814,818,843,896,967,"(D)"
"43780","South Bend-Mishawaka, IN-MI (MSA)",104,"Education and health services",200,GDP by Metropolitan Area (millions of current dollars),1198,1297,1353,1426,1475,1530
"43780","South Bend-Mishawaka, IN-MI (MSA)",105,"Leisure and hospitality",200,GDP by Metropolitan Area (millions of current dollars),242,258,271,285,294,306
"43780","South Bend-Mishawaka, IN-MI (MSA)",106,"Information, Communication, and Technology (ICT)",200,GDP by Metropolitan Area (millions of current dollars),121,120,135,135,135,156
"43780","South Bend-Mishawaka, IN-MI (MSA)",108,"Private goods-producing industries",200,GDP by Metropolitan Area (millions of current dollars),2382,2864,3129,3578,3286,"(D)"
"43780","South Bend-Mishawaka, IN-MI (MSA)",109,"Private services-providing industries",200,GDP by Metropolitan Area (millions of current dollars),5612,5943,6241,6586,6836,"(D)"
"FIPS","Metropolitan Area","Industry Code","Industry","Component Code","Component","2001","2002","2003","2004","2005","2006"
"43780","South Bend-Mishawaka, IN-MI (MSA)",1,"Total Gross Domestic Product by Metropolitan Area",800,Quantity Indexes for Real GDP by Metropolitan Area (2001=100.000),100.000,107.246,112.424,118.427,115.712,115.797
"43780","South Bend-Mishawaka, IN-MI (MSA)",2," Private industries",800,Quantity Indexes for Real GDP by Metropolitan Area (2001=100.000),100.000,108.053,113.595,120.343,117.316,117.650
"43780","South Bend-Mishawaka, IN-MI (MSA)",3,"   Agriculture, forestry, fishing, and hunting",800,Quantity Indexes for Real GDP by Metropolitan Area (2001=100.000),"(D)","(D)","(D)","(D)","(D)","(D)"
"43780","South Bend-Mishawaka, IN-MI (MSA)",4,"     Crop and animal production (Farms)",800,Quantity Indexes for Real GDP by Metropolitan Area (2001=100.000),100.000,83.891,125.118,185.683,156.800,197.691
"43780","South Bend-Mishawaka, IN-MI (MSA)",5,"     Forestry, fishing, and related activities",800,Quantity Indexes for Real GDP by Metropolitan Area (2001=100.000),"(D)","(D)","(D)","(D)","(D)","(D)"
"43780","South Bend-Mishawaka, IN-MI (MSA)",6,"   Mining",800,Quantity Indexes for Real GDP by Metropolitan Area (2001=100.000),"(D)","(D)","(D)","(D)","(D)","(D)"
"43780","South Bend-Mishawaka, IN-MI (MSA)",7,"     Oil and gas extraction",800,Quantity Indexes for Real GDP by Metropolitan Area (2001=100.000),100.000,80.637,298.047,146.292,178.819,387.074
"43780","South Bend-Mishawaka, IN-MI (MSA)",8,"     Mining, except oil and gas",800,Quantity Indexes for Real GDP by Metropolitan Area (2001=100.000),"(D)","(D)","(D)","(D)","(D)","(D)"
"43780","South Bend-Mishawaka, IN-MI (MSA)",9,"     Support activities for mining",800,Quantity Indexes for Real GDP by Metropolitan Area (2001=100.000),"(D)","(D)","(D)","(D)","(D)","(D)"
"43780","South Bend-Mishawaka, IN-MI (MSA)",10,"   Utilities",800,Quantity Indexes for Real GDP by Metropolitan Area (2001=100.000),"(D)","(D)","(D)","(D)","(D)","(D)"
"43780","South Bend-Mishawaka, IN-MI (MSA)",11,"   Construction",800,Quantity Indexes for Real GDP by Metropolitan Area (2001=100.000),100.000,90.449,81.732,76.479,71.207,63.023
"43780","South Bend-Mishawaka, IN-MI (MSA)",12,"   Manufacturing",800,Quantity Indexes for Real GDP by Metropolitan Area (2001=100.000),100.000,128.227,143.896,165.227,148.865,144.404
"43780","South Bend-Mishawaka, IN-MI (MSA)",13,"     Durable goods",800,Quantity Indexes for Real GDP by Metropolitan Area (2001=100.000),100.000,128.500,146.376,161.894,147.015,145.147
"43780","South Bend-Mishawaka, IN-MI (MSA)",14,"       Wood product manufacturing",800,Quantity Indexes for Real GDP by Metropolitan Area (2001=100.000),100.000,101.054,102.715,99.803,115.751,90.243
"43780","South Bend-Mishawaka, IN-MI (MSA)",15,"       Nonmetallic mineral product manufacturing",800,Quantity Indexes for Real GDP by Metropolitan Area (2001=100.000),100.000,127.275,127.652,126.820,126.097,113.046
"43780","South Bend-Mishawaka, IN-MI (MSA)",16,"       Primary metal manufacturing",800,Quantity Indexes for Real GDP by Metropolitan Area (2001=100.000),100.000,127.612,110.544,"(D)",99.260,72.284
"43780","South Bend-Mishawaka, IN-MI (MSA)",17,"       Fabricated metal product manufacturing",800,Quantity Indexes for Real GDP by Metropolitan Area (2001=100.000),100.000,122.283,125.156,146.331,158.729,169.442
"43780","South Bend-Mishawaka, IN-MI (MSA)",18,"       Machinery manufacturing",800,Quantity Indexes for Real GDP by Metropolitan Area (2001=100.000),100.000,80.189,65.743,74.889,86.045,90.262
"43780","South Bend-Mishawaka, IN-MI (MSA)",19,"       Computer and electronic product manufacturing",800,Quantity Indexes for Real GDP by Metropolitan Area (2001=100.000),"(D)","(D)","(D)","(D)","(D)","(D)"
"43780","South Bend-Mishawaka, IN-MI (MSA)",20,"       Electrical equipment and appliance manufacturing",800,Quantity Indexes for Real GDP by Metropolitan Area (2001=100.000),"(D)","(D)","(D)","(D)","(D)","(D)"
"43780","South Bend-Mishawaka, IN-MI (MSA)",21,"       Motor vehicle, body, trailer, and parts manufacturing",800,Quantity Indexes for Real GDP by Metropolitan Area (2001=100.000),"(D)","(D)","(D)","(D)","(D)","(D)"
"43780","South Bend-Mishawaka, IN-MI (MSA)",22,"       Other transportation equipment manufacturing",800,Quantity Indexes for Real GDP by Metropolitan Area (2001=100.000),100.000,111.679,105.528,134.495,130.978,139.465
"43780","South Bend-Mishawaka, IN-MI (MSA)",23,"       Furniture and related product manufacturing",800,Quantity Indexes for Real GDP by Metropolitan Area (2001=100.000),"(D)","(D)","(D)","(D)","(D)","(D)"
"43780","South Bend-Mishawaka, IN-MI (MSA)",24,"       Miscellaneous manufacturing",800,Quantity Indexes for Real GDP by Metropolitan Area (2001=100.000),100.000,136.559,161.178,"(D)","(D)","(D)"
"43780","South Bend-Mishawaka, IN-MI (MSA)",25,"     Nondurable goods",800,Quantity Indexes for Real GDP by Metropolitan Area (2001=100.000),100.000,127.378,136.264,175.347,154.538,142.683
"43780","South Bend-Mishawaka, IN-MI (MSA)",26,"       Food product manufacturing",800,Quantity Indexes for Real GDP by Metropolitan Area (2001=100.000),100.000,"(D)",200.902,191.474,144.831,"(D)"
"43780","South Bend-Mishawaka, IN-MI (MSA)",27,"       Textile and textile product mills",800,Quantity Indexes for Real GDP by Metropolitan Area (2001=100.000),100.000,"(D)","(D)","(D)","(D)","(D)"
"43780","South Bend-Mishawaka, IN-MI (MSA)",28,"       Apparel manufacturing",800,Quantity Indexes for Real GDP by Metropolitan Area (2001=100.000),"(D)","(D)","(D)","(D)","(D)","(D)"
"43780","South Bend-Mishawaka, IN-MI (MSA)",29,"       Paper manufacturing",800,Quantity Indexes for Real GDP by Metropolitan Area (2001=100.000),100.000,153.233,"(D)","(D)","(D)","(D)"
"43780","South Bend-Mishawaka, IN-MI (MSA)",30,"       Printing and related support activities",800,Quantity Indexes for Real GDP by Metropolitan Area (2001=100.000),100.000,93.799,91.590,106.674,100.149,108.957
"43780","South Bend-Mishawaka, IN-MI (MSA)",31,"       Petroleum and coal products manufacturing",800,Quantity Indexes for Real GDP by Metropolitan Area (2001=100.000),100.000,157.642,140.324,170.139,99.302,"(D)"
"43780","South Bend-Mishawaka, IN-MI (MSA)",32,"       Chemical manufacturing",800,Quantity Indexes for Real GDP by Metropolitan Area (2001=100.000),"(D)","(D)","(D)","(D)","(D)","(D)"
"43780","South Bend-Mishawaka, IN-MI (MSA)",33,"       Plastics and rubber products manufacturing",800,Quantity Indexes for Real GDP by Metropolitan Area (2001=100.000),100.000,106.157,103.600,112.788,105.781,96.423
"43780","South Bend-Mishawaka, IN-MI (MSA)",34,"   Wholesale trade",800,Quantity Indexes for Real GDP by Metropolitan Area (2001=100.000),100.000,100.586,105.002,100.028,101.297,103.129
"43780","South Bend-Mishawaka, IN-MI (MSA)",35,"   Retail trade",800,Quantity Indexes for Real GDP by Metropolitan Area (2001=100.000),100.000,103.600,110.520,109.232,111.231,112.422
"43780","South Bend-Mishawaka, IN-MI (MSA)",36,"   Transportation and warehousing, excluding Postal Service",800,Quantity Indexes for Real GDP by Metropolitan Area (2001=100.000),"(D)","(D)","(D)","(D)","(D)","(D)"
"43780","South Bend-Mishawaka, IN-MI (MSA)",37,"     Air transportation",800,Quantity Indexes for Real GDP by Metropolitan Area (2001=100.000),"(D)","(D)","(D)","(D)","(D)","(D)"
"43780","South Bend-Mishawaka, IN-MI (MSA)",38,"     Rail transportation",800,Quantity Indexes for Real GDP by Metropolitan Area (2001=100.000),100.000,110.324,122.552,136.127,150.399,193.781
"43780","South Bend-Mishawaka, IN-MI (MSA)",39,"     Water transportation",800,Quantity Indexes for Real GDP by Metropolitan Area (2001=100.000),100.000,"(D)","(D)","(D)","(D)","(D)"
"43780","South Bend-Mishawaka, IN-MI (MSA)",40,"     Truck transportation",800,Quantity Indexes for Real GDP by Metropolitan Area (2001=100.000),100.000,116.656,114.578,128.118,131.047,134.512
"43780","South Bend-Mishawaka, IN-MI (MSA)",41,"     Transit and ground passenger transportation",800,Quantity Indexes for Real GDP by Metropolitan Area (2001=100.000),100.000,"(D)","(D)",122.897,124.297,122.409
"43780","South Bend-Mishawaka, IN-MI (MSA)",42,"     Pipeline transportation",800,Quantity Indexes for Real GDP by Metropolitan Area (2001=100.000),"(D)","(D)","(D)","(D)","(D)","(D)"
"43780","South Bend-Mishawaka, IN-MI (MSA)",43,"     Other transportation and support activities",800,Quantity Indexes for Real GDP by Metropolitan Area (2001=100.000),"(D)","(D)","(D)","(D)","(D)","(D)"
"43780","South Bend-Mishawaka, IN-MI (MSA)",44,"     Warehousing and storage",800,Quantity Indexes for Real GDP by Metropolitan Area (2001=100.000),100.000,"(D)",243.541,406.498,528.370,512.273
"43780","South Bend-Mishawaka, IN-MI (MSA)",45,"   Information",800,Quantity Indexes for Real GDP by Metropolitan Area (2001=100.000),100.000,103.092,115.531,150.542,163.688,176.749
"43780","South Bend-Mishawaka, IN-MI (MSA)",46,"     Publishing including software",800,Quantity Indexes for Real GDP by Metropolitan Area (2001=100.000),"(D)","(D)","(D)","(D)","(D)","(D)"
"43780","South Bend-Mishawaka, IN-MI (MSA)",47,"     Motion picture and sound recording industries",800,Quantity Indexes for Real GDP by Metropolitan Area (2001=100.000),"(D)","(D)","(D)","(D)","(D)","(D)"
"43780","South Bend-Mishawaka, IN-MI (MSA)",48,"     Broadcasting and telecommunications",800,Quantity Indexes for Real GDP by Metropolitan Area (2001=100.000),"(D)","(D)","(D)","(D)","(D)","(D)"
"43780","South Bend-Mishawaka, IN-MI (MSA)",49,"     Information and data processing services",800,Quantity Indexes for Real GDP by Metropolitan Area (2001=100.000),"(D)","(D)","(D)","(D)","(D)","(D)"
"43780","South Bend-Mishawaka, IN-MI (MSA)",50,"   Finance and insurance",800,Quantity Indexes for Real GDP by Metropolitan Area (2001=100.000),100.000,98.199,107.981,108.739,106.140,117.797
"43780","South Bend-Mishawaka, IN-MI (MSA)",51,"     Federal Reserve banks, credit intermediation and related services",800,Quantity Indexes for Real GDP by Metropolitan Area (2001=100.000),"(D)","(D)","(D)","(D)","(D)","(D)"
"43780","South Bend-Mishawaka, IN-MI (MSA)",52,"     Securities, commodity contracts, investments",800,Quantity Indexes for Real GDP by Metropolitan Area (2001=100.000),100.000,105.211,171.903,173.679,165.522,206.014
"43780","South Bend-Mishawaka, IN-MI (MSA)",53,"     Insurance carriers and related activities",800,Quantity Indexes for Real GDP by Metropolitan Area (2001=100.000),100.000,"(D)",87.144,86.647,"(D)","(D)"
"43780","South Bend-Mishawaka, IN-MI (MSA)",54,"     Funds, trusts, and other financial vehicles",800,Quantity Indexes for Real GDP by Metropolitan Area (2001=100.000),"(D)","(D)","(D)","(D)","(D)","(D)"
"43780","South Bend-Mishawaka, IN-MI (MSA)",55,"   Real estate and rental and leasing",800,Quantity Indexes for Real GDP by Metropolitan Area (2001=100.000),100.000,112.509,108.877,113.196,115.477,116.808
"43780","South Bend-Mishawaka, IN-MI (MSA)",56,"     Real estate",800,Quantity Indexes for Real GDP by Metropolitan Area (2001=100.000),100.000,113.420,109.082,"(D)",116.867,118.910
"43780","South Bend-Mishawaka, IN-MI (MSA)",57,"     Rental and leasing services and lessors of intangible assets",800,Quantity Indexes for Real GDP by Metropolitan Area (2001=100.000),100.000,102.133,106.635,"(D)",99.802,93.235
"43780","South Bend-Mishawaka, IN-MI (MSA)",58,"   Professional and technical services",800,Quantity Indexes for Real GDP by Metropolitan Area (2001=100.000),100.000,98.367,105.396,112.557,"(D)","(D)"
"43780","South Bend-Mishawaka, IN-MI (MSA)",62,"   Management of companies and enterprises",800,Quantity Indexes for Real GDP by Metropolitan Area (2001=100.000),100.000,102.634,92.940,"(D)","(D)","(D)"
"43780","South Bend-Mishawaka, IN-MI (MSA)",63,"   Administrative and waste services",800,Quantity Indexes for Real GDP by Metropolitan Area (2001=100.000),100.000,95.878,95.059,"(D)",109.254,112.787
"43780","South Bend-Mishawaka, IN-MI (MSA)",64,"     Administrative and support services",800,Quantity Indexes for Real GDP by Metropolitan Area (2001=100.000),"(D)","(D)","(D)","(D)","(D)","(D)"
"43780","South Bend-Mishawaka, IN-MI (MSA)",65,"     Waste management and remediation services",800,Quantity Indexes for Real GDP by Metropolitan Area (2001=100.000),"(D)","(D)","(D)","(D)","(D)","(D)"
"43780","South Bend-Mishawaka, IN-MI (MSA)",66,"   Educational services",800,Quantity Indexes for Real GDP by Metropolitan Area (2001=100.000),"(D)","(D)","(D)","(D)","(D)","(D)"
"43780","South Bend-Mishawaka, IN-MI (MSA)",67,"   Health care and social assistance",800,Quantity Indexes for Real GDP by Metropolitan Area (2001=100.000),"(D)","(D)","(D)","(D)","(D)","(D)"
"43780","South Bend-Mishawaka, IN-MI (MSA)",68,"     Ambulatory health care services",800,Quantity Indexes for Real GDP by Metropolitan Area (2001=100.000),100.000,94.385,99.500,101.390,108.511,111.356
"43780","South Bend-Mishawaka, IN-MI (MSA)",69,"     Hospitals and nursing and residential care facilities",800,Quantity Indexes for Real GDP by Metropolitan Area (2001=100.000),"(D)","(D)","(D)","(D)","(D)","(D)"
"43780","South Bend-Mishawaka, IN-MI (MSA)",70,"     Social assistance",800,Quantity Indexes for Real GDP by Metropolitan Area (2001=100.000),100.000,181.835,177.065,180.150,169.627,174.134
"43780","South Bend-Mishawaka, IN-MI (MSA)",71,"   Arts, entertainment, and recreation",800,Quantity Indexes for Real GDP by Metropolitan Area (2001=100.000),100.000,114.673,117.791,111.585,107.761,110.836
"43780","South Bend-Mishawaka, IN-MI (MSA)",72,"     Performing arts, museums, and related activities",800,Quantity Indexes for Real GDP by Metropolitan Area (2001=100.000),"(D)","(D)","(D)","(D)","(D)","(D)"
"43780","South Bend-Mishawaka, IN-MI (MSA)",73,"     Amusement, gambling, and recreation",800,Quantity Indexes for Real GDP by Metropolitan Area (2001=100.000),"(D)","(D)","(D)","(D)","(D)","(D)"
"43780","South Bend-Mishawaka, IN-MI (MSA)",74,"   Accommodation and food services",800,Quantity Indexes for Real GDP by Metropolitan Area (2001=100.000),100.000,98.870,102.765,107.692,108.550,108.035
"43780","South Bend-Mishawaka, IN-MI (MSA)",75,"     Accommodation",800,Quantity Indexes for Real GDP by Metropolitan Area (2001=100.000),100.000,98.038,97.488,102.574,106.021,106.989
"43780","South Bend-Mishawaka, IN-MI (MSA)",76,"     Food services and drinking places",800,Quantity Indexes for Real GDP by Metropolitan Area (2001=100.000),100.000,99.025,103.724,108.620,108.990,108.196
"43780","South Bend-Mishawaka, IN-MI (MSA)",77,"   Other services, except government",800,Quantity Indexes for Real GDP by Metropolitan Area (2001=100.000),100.000,96.960,98.112,98.407,97.022,95.332
"43780","South Bend-Mishawaka, IN-MI (MSA)",78," Government",800,Quantity Indexes for Real GDP by Metropolitan Area (2001=100.000),100.000,98.909,100.423,99.142,99.415,97.175
"43780","South Bend-Mishawaka, IN-MI (MSA)",79,"   Federal civilian",800,Quantity Indexes for Real GDP by Metropolitan Area (2001=100.000),100.000,96.465,95.600,93.924,90.093,88.572
"43780","South Bend-Mishawaka, IN-MI (MSA)",80,"   Federal military",800,Quantity Indexes for Real GDP by Metropolitan Area (2001=100.000),100.000,112.220,144.329,130.854,129.593,130.759
"43780","South Bend-Mishawaka, IN-MI (MSA)",81,"   State and local",800,Quantity Indexes for Real GDP by Metropolitan Area (2001=100.000),100.000,98.723,99.252,98.596,99.621,97.094
"43780","South Bend-Mishawaka, IN-MI (MSA)",99,"Natural resources and mining",800,Quantity Indexes for Real GDP by Metropolitan Area (2001=100.000),100.000,86.036,110.753,159.916,138.487,"(D)"
"43780","South Bend-Mishawaka, IN-MI (MSA)",100,"Trade",800,Quantity Indexes for Real GDP by Metropolitan Area (2001=100.000),100.000,102.133,107.835,104.729,106.361,107.886
"43780","South Bend-Mishawaka, IN-MI (MSA)",101,"Transportation and utilities",800,Quantity Indexes for Real GDP by Metropolitan Area (2001=100.000),100.000,107.538,113.345,128.278,131.919,"(D)"
"43780","South Bend-Mishawaka, IN-MI (MSA)",102,"Financial activities",800,Quantity Indexes for Real GDP by Metropolitan Area (2001=100.000),100.000,106.817,108.532,111.428,111.748,117.224
"43780","South Bend-Mishawaka, IN-MI (MSA)",103,"Professional and business services",800,Quantity Indexes for Real GDP by Metropolitan Area (2001=100.000),100.000,98.159,100.882,105.088,109.116,"(D)"
"43780","South Bend-Mishawaka, IN-MI (MSA)",104,"Education and health services",800,Quantity Indexes for Real GDP by Metropolitan Area (2001=100.000),100.000,103.585,105.010,106.397,106.184,106.717
"43780","South Bend-Mishawaka, IN-MI (MSA)",105,"Leisure and hospitality",800,Quantity Indexes for Real GDP by Metropolitan Area (2001=100.000),100.000,102.128,105.862,108.473,108.358,108.585
"43780","South Bend-Mishawaka, IN-MI (MSA)",106,"Information, Communication, and Technology (ICT)",800,Quantity Indexes for Real GDP by Metropolitan Area (2001=100.000),100.000,100.319,116.336,120.558,123.539,146.544
"43780","South Bend-Mishawaka, IN-MI (MSA)",108,"Private goods-producing industries",800,Quantity Indexes for Real GDP by Metropolitan Area (2001=100.000),100.000,120.055,130.970,147.375,133.164,"(D)"
"43780","South Bend-Mishawaka, IN-MI (MSA)",109,"Private services-providing industries",800,Quantity Indexes for Real GDP by Metropolitan Area (2001=100.000),100.000,103.016,106.347,109.178,110.645,"(D)"
"FIPS","Metropolitan Area","Industry Code","Industry","Component Code","Component","2001","2002","2003","2004","2005","2006"
"43780","South Bend-Mishawaka, IN-MI (MSA)",1,"Total Gross Domestic Product by Metropolitan Area",900,Real GDP by Metropolitan Area (millions of chained 2001 dollars),8759,9394,9847,10373,10135,10143
"43780","South Bend-Mishawaka, IN-MI (MSA)",2," Private industries",900,Real GDP by Metropolitan Area (millions of chained 2001 dollars),7994,8638,9081,9621,9379,9406
"43780","South Bend-Mishawaka, IN-MI (MSA)",3,"   Agriculture, forestry, fishing, and hunting",900,Real GDP by Metropolitan Area (millions of chained 2001 dollars),"(D)","(D)","(D)","(D)","(D)","(D)"
"43780","South Bend-Mishawaka, IN-MI (MSA)",4,"     Crop and animal production (Farms)",900,Real GDP by Metropolitan Area (millions of chained 2001 dollars),40,33,50,74,62,78
"43780","South Bend-Mishawaka, IN-MI (MSA)",5,"     Forestry, fishing, and related activities",900,Real GDP by Metropolitan Area (millions of chained 2001 dollars),"(D)","(D)","(D)","(D)","(D)","(D)"
"43780","South Bend-Mishawaka, IN-MI (MSA)",6,"   Mining",900,Real GDP by Metropolitan Area (millions of chained 2001 dollars),"(D)","(D)","(D)","(D)","(D)",2
"43780","South Bend-Mishawaka, IN-MI (MSA)",7,"     Oil and gas extraction",900,Real GDP by Metropolitan Area (millions of chained 2001 dollars),"(L)","(L)","(L)","(L)","(L)","(L)"
"43780","South Bend-Mishawaka, IN-MI (MSA)",8,"     Mining, except oil and gas",900,Real GDP by Metropolitan Area (millions of chained 2001 dollars),"(D)","(D)","(D)","(D)","(D)","(D)"
"43780","South Bend-Mishawaka, IN-MI (MSA)",9,"     Support activities for mining",900,Real GDP by Metropolitan Area (millions of chained 2001 dollars),"(D)","(D)","(D)","(D)","(D)","(D)"
"43780","South Bend-Mishawaka, IN-MI (MSA)",10,"   Utilities",900,Real GDP by Metropolitan Area (millions of chained 2001 dollars),"(D)","(D)","(D)","(D)","(D)","(D)"
"43780","South Bend-Mishawaka, IN-MI (MSA)",11,"   Construction",900,Real GDP by Metropolitan Area (millions of chained 2001 dollars),455,412,372,348,324,287
"43780","South Bend-Mishawaka, IN-MI (MSA)",12,"   Manufacturing",900,Real GDP by Metropolitan Area (millions of chained 2001 dollars),1881,2412,2707,3108,2800,2716
"43780","South Bend-Mishawaka, IN-MI (MSA)",13,"     Durable goods",900,Real GDP by Metropolitan Area (millions of chained 2001 dollars),1424,1829,2084,2305,2093,2067
"43780","South Bend-Mishawaka, IN-MI (MSA)",14,"       Wood product manufacturing",900,Real GDP by Metropolitan Area (millions of chained 2001 dollars),51,52,53,51,60,46
"43780","South Bend-Mishawaka, IN-MI (MSA)",15,"       Nonmetallic mineral product manufacturing",900,Real GDP by Metropolitan Area (millions of chained 2001 dollars),31,40,40,40,39,35
"43780","South Bend-Mishawaka, IN-MI (MSA)",16,"       Primary metal manufacturing",900,Real GDP by Metropolitan Area (millions of chained 2001 dollars),148,189,164,"(D)",147,107
"43780","South Bend-Mishawaka, IN-MI (MSA)",17,"       Fabricated metal product manufacturing",900,Real GDP by Metropolitan Area (millions of chained 2001 dollars),264,323,331,387,419,448
"43780","South Bend-Mishawaka, IN-MI (MSA)",18,"       Machinery manufacturing",900,Real GDP by Metropolitan Area (millions of chained 2001 dollars),136,109,89,102,117,123
"43780","South Bend-Mishawaka, IN-MI (MSA)",19,"       Computer and electronic product manufacturing",900,Real GDP by Metropolitan Area (millions of chained 2001 dollars),"(D)","(D)","(D)","(D)","(D)","(D)"
"43780","South Bend-Mishawaka, IN-MI (MSA)",20,"       Electrical equipment and appliance manufacturing",900,Real GDP by Metropolitan Area (millions of chained 2001 dollars),"(D)","(D)","(D)","(D)","(D)","(D)"
"43780","South Bend-Mishawaka, IN-MI (MSA)",21,"       Motor vehicle, body, trailer, and parts manufacturing",900,Real GDP by Metropolitan Area (millions of chained 2001 dollars),"(D)","(D)","(D)","(D)","(D)","(D)"
"43780","South Bend-Mishawaka, IN-MI (MSA)",22,"       Other transportation equipment manufacturing",900,Real GDP by Metropolitan Area (millions of chained 2001 dollars),132,148,140,178,173,184
"43780","South Bend-Mishawaka, IN-MI (MSA)",23,"       Furniture and related product manufacturing",900,Real GDP by Metropolitan Area (millions of chained 2001 dollars),"(D)","(D)","(D)",56,"(D)","(D)"
"43780","South Bend-Mishawaka, IN-MI (MSA)",24,"       Miscellaneous manufacturing",900,Real GDP by Metropolitan Area (millions of chained 2001 dollars),247,338,399,"(D)","(D)","(D)"
"43780","South Bend-Mishawaka, IN-MI (MSA)",25,"     Nondurable goods",900,Real GDP by Metropolitan Area (millions of chained 2001 dollars),457,582,623,802,707,652
"43780","South Bend-Mishawaka, IN-MI (MSA)",26,"       Food product manufacturing",900,Real GDP by Metropolitan Area (millions of chained 2001 dollars),44,"(D)",88,84,64,"(D)"
"43780","South Bend-Mishawaka, IN-MI (MSA)",27,"       Textile and textile product mills",900,Real GDP by Metropolitan Area (millions of chained 2001 dollars),3,"(D)","(D)","(D)","(D)","(D)"
"43780","South Bend-Mishawaka, IN-MI (MSA)",28,"       Apparel manufacturing",900,Real GDP by Metropolitan Area (millions of chained 2001 dollars),"(D)",3,"(D)","(D)","(D)","(D)"
"43780","South Bend-Mishawaka, IN-MI (MSA)",29,"       Paper manufacturing",900,Real GDP by Metropolitan Area (millions of chained 2001 dollars),65,100,"(D)","(D)","(D)","(D)"
"43780","South Bend-Mishawaka, IN-MI (MSA)",30,"       Printing and related support activities",900,Real GDP by Metropolitan Area (millions of chained 2001 dollars),54,51,49,57,54,59
"43780","South Bend-Mishawaka, IN-MI (MSA)",31,"       Petroleum and coal products manufacturing",900,Real GDP by Metropolitan Area (millions of chained 2001 dollars),9,15,13,16,9,"(D)"
"43780","South Bend-Mishawaka, IN-MI (MSA)",32,"       Chemical manufacturing",900,Real GDP by Metropolitan Area (millions of chained 2001 dollars),"(D)",168,203,"(D)","(D)","(D)"
"43780","South Bend-Mishawaka, IN-MI (MSA)",33,"       Plastics and rubber products manufacturing",900,Real GDP by Metropolitan Area (millions of chained 2001 dollars),153,162,158,172,161,147
"43780","South Bend-Mishawaka, IN-MI (MSA)",34,"   Wholesale trade",900,Real GDP by Metropolitan Area (millions of chained 2001 dollars),646,650,678,646,654,666
"43780","South Bend-Mishawaka, IN-MI (MSA)",35,"   Retail trade",900,Real GDP by Metropolitan Area (millions of chained 2001 dollars),676,700,747,738,751,760
"43780","South Bend-Mishawaka, IN-MI (MSA)",36,"   Transportation and warehousing, excluding Postal Service",900,Real GDP by Metropolitan Area (millions of chained 2001 dollars),"(D)","(D)","(D)","(D)","(D)","(D)"
"43780","South Bend-Mishawaka, IN-MI (MSA)",37,"     Air transportation",900,Real GDP by Metropolitan Area (millions of chained 2001 dollars),"(D)",7,25,37,43,36
"43780","South Bend-Mishawaka, IN-MI (MSA)",38,"     Rail transportation",900,Real GDP by Metropolitan Area (millions of chained 2001 dollars),7,8,8,9,10,13
"43780","South Bend-Mishawaka, IN-MI (MSA)",39,"     Water transportation",900,Real GDP by Metropolitan Area (millions of chained 2001 dollars),1,"(D)","(D)","(D)","(D)","(D)"
"43780","South Bend-Mishawaka, IN-MI (MSA)",40,"     Truck transportation",900,Real GDP by Metropolitan Area (millions of chained 2001 dollars),129,150,148,165,169,173
"43780","South Bend-Mishawaka, IN-MI (MSA)",41,"     Transit and ground passenger transportation",900,Real GDP by Metropolitan Area (millions of chained 2001 dollars),5,"(D)","(D)",6,6,6
"43780","South Bend-Mishawaka, IN-MI (MSA)",42,"     Pipeline transportation",900,Real GDP by Metropolitan Area (millions of chained 2001 dollars),"(D)",1,1,1,"(D)","(D)"
"43780","South Bend-Mishawaka, IN-MI (MSA)",43,"     Other transportation and support activities",900,Real GDP by Metropolitan Area (millions of chained 2001 dollars),"(D)","(D)","(D)","(D)","(D)","(D)"
"43780","South Bend-Mishawaka, IN-MI (MSA)",44,"     Warehousing and storage",900,Real GDP by Metropolitan Area (millions of chained 2001 dollars),4,"(D)",9,15,20,19
"43780","South Bend-Mishawaka, IN-MI (MSA)",45,"   Information",900,Real GDP by Metropolitan Area (millions of chained 2001 dollars),189,195,219,285,310,335
"43780","South Bend-Mishawaka, IN-MI (MSA)",46,"     Publishing including software",900,Real GDP by Metropolitan Area (millions of chained 2001 dollars),"(D)","(D)","(D)","(D)","(D)","(D)"
"43780","South Bend-Mishawaka, IN-MI (MSA)",47,"     Motion picture and sound recording industries",900,Real GDP by Metropolitan Area (millions of chained 2001 dollars),"(D)","(D)","(D)","(D)","(D)","(D)"
"43780","South Bend-Mishawaka, IN-MI (MSA)",48,"     Broadcasting and telecommunications",900,Real GDP by Metropolitan Area (millions of chained 2001 dollars),"(D)","(D)","(D)","(D)","(D)","(D)"
"43780","South Bend-Mishawaka, IN-MI (MSA)",49,"     Information and data processing services",900,Real GDP by Metropolitan Area (millions of chained 2001 dollars),"(D)","(D)","(D)","(D)","(D)","(D)"
"43780","South Bend-Mishawaka, IN-MI (MSA)",50,"   Finance and insurance",900,Real GDP by Metropolitan Area (millions of chained 2001 dollars),511,502,552,555,542,602
"43780","South Bend-Mishawaka, IN-MI (MSA)",51,"     Federal Reserve banks, credit intermediation and related services",900,Real GDP by Metropolitan Area (millions of chained 2001 dollars),"(D)",313,"(D)","(D)",334,371
"43780","South Bend-Mishawaka, IN-MI (MSA)",52,"     Securities, commodity contracts, investments",900,Real GDP by Metropolitan Area (millions of chained 2001 dollars),31,33,53,54,51,64
"43780","South Bend-Mishawaka, IN-MI (MSA)",53,"     Insurance carriers and related activities",900,Real GDP by Metropolitan Area (millions of chained 2001 dollars),173,"(D)",150,149,"(D)","(D)"
"43780","South Bend-Mishawaka, IN-MI (MSA)",54,"     Funds, trusts, and other financial vehicles",900,Real GDP by Metropolitan Area (millions of chained 2001 dollars),"(D)","(D)","(D)","(D)","(D)","(D)"
"43780","South Bend-Mishawaka, IN-MI (MSA)",55,"   Real estate and rental and leasing",900,Real GDP by Metropolitan Area (millions of chained 2001 dollars),776,873,845,879,896,907
"43780","South Bend-Mishawaka, IN-MI (MSA)",56,"     Real estate",900,Real GDP by Metropolitan Area (millions of chained 2001 dollars),712,808,777,"(D)",833,847
"43780","South Bend-Mishawaka, IN-MI (MSA)",57,"     Rental and leasing services and lessors of intangible assets",900,Real GDP by Metropolitan Area (millions of chained 2001 dollars),64,65,68,"(D)",64,60
"43780","South Bend-Mishawaka, IN-MI (MSA)",58,"   Professional and technical services",900,Real GDP by Metropolitan Area (millions of chained 2001 dollars),479,471,505,539,"(D)","(D)"
"43780","South Bend-Mishawaka, IN-MI (MSA)",62,"   Management of companies and enterprises",900,Real GDP by Metropolitan Area (millions of chained 2001 dollars),99,102,92,"(D)","(D)","(D)"
"43780","South Bend-Mishawaka, IN-MI (MSA)",63,"   Administrative and waste services",900,Real GDP by Metropolitan Area (millions of chained 2001 dollars),236,226,225,"(D)",258,266
"43780","South Bend-Mishawaka, IN-MI (MSA)",64,"     Administrative and support services",900,Real GDP by Metropolitan Area (millions of chained 2001 dollars),"(D)",210,"(D)",209,241,249
"43780","South Bend-Mishawaka, IN-MI (MSA)",65,"     Waste management and remediation services",900,Real GDP by Metropolitan Area (millions of chained 2001 dollars),"(D)",16,"(D)","(D)",18,17
"43780","South Bend-Mishawaka, IN-MI (MSA)",66,"   Educational services",900,Real GDP by Metropolitan Area (millions of chained 2001 dollars),"(D)","(D)","(D)","(D)","(D)",385
"43780","South Bend-Mishawaka, IN-MI (MSA)",67,"   Health care and social assistance",900,Real GDP by Metropolitan Area (millions of chained 2001 dollars),"(D)","(D)","(D)","(D)","(D)",893
"43780","South Bend-Mishawaka, IN-MI (MSA)",68,"     Ambulatory health care services",900,Real GDP by Metropolitan Area (millions of chained 2001 dollars),410,387,408,416,445,457
"43780","South Bend-Mishawaka, IN-MI (MSA)",69,"     Hospitals and nursing and residential care facilities",900,Real GDP by Metropolitan Area (millions of chained 2001 dollars),"(D)","(D)","(D)","(D)","(D)",329
"43780","South Bend-Mishawaka, IN-MI (MSA)",70,"     Social assistance",900,Real GDP by Metropolitan Area (millions of chained 2001 dollars),64,116,113,115,109,112
"43780","South Bend-Mishawaka, IN-MI (MSA)",71,"   Arts, entertainment, and recreation",900,Real GDP by Metropolitan Area (millions of chained 2001 dollars),50,57,59,56,54,56
"43780","South Bend-Mishawaka, IN-MI (MSA)",72,"     Performing arts, museums, and related activities",900,Real GDP by Metropolitan Area (millions of chained 2001 dollars),"(D)","(D)","(D)","(D)","(D)",17
"43780","South Bend-Mishawaka, IN-MI (MSA)",73,"     Amusement, gambling, and recreation",900,Real GDP by Metropolitan Area (millions of chained 2001 dollars),"(D)","(D)","(D)","(D)","(D)",39
"43780","South Bend-Mishawaka, IN-MI (MSA)",74,"   Accommodation and food services",900,Real GDP by Metropolitan Area (millions of chained 2001 dollars),192,189,197,206,208,207
"43780","South Bend-Mishawaka, IN-MI (MSA)",75,"     Accommodation",900,Real GDP by Metropolitan Area (millions of chained 2001 dollars),31,30,30,31,32,33
"43780","South Bend-Mishawaka, IN-MI (MSA)",76,"     Food services and drinking places",900,Real GDP by Metropolitan Area (millions of chained 2001 dollars),161,159,167,175,175,174
"43780","South Bend-Mishawaka, IN-MI (MSA)",77,"   Other services, except government",900,Real GDP by Metropolitan Area (millions of chained 2001 dollars),262,254,257,258,255,250
"43780","South Bend-Mishawaka, IN-MI (MSA)",78," Government",900,Real GDP by Metropolitan Area (millions of chained 2001 dollars),765,756,768,758,760,743
"43780","South Bend-Mishawaka, IN-MI (MSA)",79,"   Federal civilian",900,Real GDP by Metropolitan Area (millions of chained 2001 dollars),99,96,95,93,89,88
"43780","South Bend-Mishawaka, IN-MI (MSA)",80,"   Federal military",900,Real GDP by Metropolitan Area (millions of chained 2001 dollars),27,30,39,35,35,35
"43780","South Bend-Mishawaka, IN-MI (MSA)",81,"   State and local",900,Real GDP by Metropolitan Area (millions of chained 2001 dollars),639,630,634,630,636,620
"43780","South Bend-Mishawaka, IN-MI (MSA)",99,"Natural resources and mining",900,Real GDP by Metropolitan Area (millions of chained 2001 dollars),48,42,54,77,67,"(D)"
"43780","South Bend-Mishawaka, IN-MI (MSA)",100,"Trade",900,Real GDP by Metropolitan Area (millions of chained 2001 dollars),1321,1350,1425,1384,1405,1426
"43780","South Bend-Mishawaka, IN-MI (MSA)",101,"Transportation and utilities",900,Real GDP by Metropolitan Area (millions of chained 2001 dollars),296,318,335,380,390,"(D)"
"43780","South Bend-Mishawaka, IN-MI (MSA)",102,"Financial activities",900,Real GDP by Metropolitan Area (millions of chained 2001 dollars),1287,1375,1397,1434,1438,1509
"43780","South Bend-Mishawaka, IN-MI (MSA)",103,"Professional and business services",900,Real GDP by Metropolitan Area (millions of chained 2001 dollars),814,799,821,856,888,"(D)"
"43780","South Bend-Mishawaka, IN-MI (MSA)",104,"Education and health services",900,Real GDP by Metropolitan Area (millions of chained 2001 dollars),1198,1241,1258,1274,1272,1278
"43780","South Bend-Mishawaka, IN-MI (MSA)",105,"Leisure and hospitality",900,Real GDP by Metropolitan Area (millions of chained 2001 dollars),242,247,256,262,262,262
"43780","South Bend-Mishawaka, IN-MI (MSA)",106,"Information, Communication, and Technology (ICT)",900,Real GDP by Metropolitan Area (millions of chained 2001 dollars),121,122,141,146,150,178
"43780","South Bend-Mishawaka, IN-MI (MSA)",108,"Private goods-producing industries",900,Real GDP by Metropolitan Area (millions of chained 2001 dollars),2382,2860,3120,3511,3172,"(D)"
"43780","South Bend-Mishawaka, IN-MI (MSA)",109,"Private services-providing industries",900,Real GDP by Metropolitan Area (millions of chained 2001 dollars),5612,5781,5968,6127,6210,"(D)"
"FIPS","Metropolitan Area","Industry Code","Industry","Component Code","Component","2001","2002","2003","2004","2005","2006"
"43780","South Bend-Mishawaka, IN-MI (MSA)",1,"Total Gross Domestic Product by Metropolitan Area",1000,Per capita real GDP by Metropolitan Area (chained 2001 dollars),27655,29691,31190,32840,32084,32082
"43780","South Bend-Mishawaka, IN-MI (MSA)",2," Private industries",1000,Per capita real GDP by Metropolitan Area (chained 2001 dollars),"n/a","n/a","n/a","n/a","n/a","n/a"
"43780","South Bend-Mishawaka, IN-MI (MSA)",3,"   Agriculture, forestry, fishing, and hunting",1000,Per capita real GDP by Metropolitan Area (chained 2001 dollars),"n/a","n/a","n/a","n/a","n/a","n/a"
"43780","South Bend-Mishawaka, IN-MI (MSA)",4,"     Crop and animal production (Farms)",1000,Per capita real GDP by Metropolitan Area (chained 2001 dollars),"n/a","n/a","n/a","n/a","n/a","n/a"
"43780","South Bend-Mishawaka, IN-MI (MSA)",5,"     Forestry, fishing, and related activities",1000,Per capita real GDP by Metropolitan Area (chained 2001 dollars),"n/a","n/a","n/a","n/a","n/a","n/a"
"43780","South Bend-Mishawaka, IN-MI (MSA)",6,"   Mining",1000,Per capita real GDP by Metropolitan Area (chained 2001 dollars),"n/a","n/a","n/a","n/a","n/a","n/a"
"43780","South Bend-Mishawaka, IN-MI (MSA)",7,"     Oil and gas extraction",1000,Per capita real GDP by Metropolitan Area (chained 2001 dollars),"n/a","n/a","n/a","n/a","n/a","n/a"
"43780","South Bend-Mishawaka, IN-MI (MSA)",8,"     Mining, except oil and gas",1000,Per capita real GDP by Metropolitan Area (chained 2001 dollars),"n/a","n/a","n/a","n/a","n/a","n/a"
"43780","South Bend-Mishawaka, IN-MI (MSA)",9,"     Support activities for mining",1000,Per capita real GDP by Metropolitan Area (chained 2001 dollars),"n/a","n/a","n/a","n/a","n/a","n/a"
"43780","South Bend-Mishawaka, IN-MI (MSA)",10,"   Utilities",1000,Per capita real GDP by Metropolitan Area (chained 2001 dollars),"n/a","n/a","n/a","n/a","n/a","n/a"
"43780","South Bend-Mishawaka, IN-MI (MSA)",11,"   Construction",1000,Per capita real GDP by Metropolitan Area (chained 2001 dollars),"n/a","n/a","n/a","n/a","n/a","n/a"
"43780","South Bend-Mishawaka, IN-MI (MSA)",12,"   Manufacturing",1000,Per capita real GDP by Metropolitan Area (chained 2001 dollars),"n/a","n/a","n/a","n/a","n/a","n/a"
"43780","South Bend-Mishawaka, IN-MI (MSA)",13,"     Durable goods",1000,Per capita real GDP by Metropolitan Area (chained 2001 dollars),"n/a","n/a","n/a","n/a","n/a","n/a"
"43780","South Bend-Mishawaka, IN-MI (MSA)",14,"       Wood product manufacturing",1000,Per capita real GDP by Metropolitan Area (chained 2001 dollars),"n/a","n/a","n/a","n/a","n/a","n/a"
"43780","South Bend-Mishawaka, IN-MI (MSA)",15,"       Nonmetallic mineral product manufacturing",1000,Per capita real GDP by Metropolitan Area (chained 2001 dollars),"n/a","n/a","n/a","n/a","n/a","n/a"
"43780","South Bend-Mishawaka, IN-MI (MSA)",16,"       Primary metal manufacturing",1000,Per capita real GDP by Metropolitan Area (chained 2001 dollars),"n/a","n/a","n/a","n/a","n/a","n/a"
"43780","South Bend-Mishawaka, IN-MI (MSA)",17,"       Fabricated metal product manufacturing",1000,Per capita real GDP by Metropolitan Area (chained 2001 dollars),"n/a","n/a","n/a","n/a","n/a","n/a"
"43780","South Bend-Mishawaka, IN-MI (MSA)",18,"       Machinery manufacturing",1000,Per capita real GDP by Metropolitan Area (chained 2001 dollars),"n/a","n/a","n/a","n/a","n/a","n/a"
"43780","South Bend-Mishawaka, IN-MI (MSA)",19,"       Computer and electronic product manufacturing",1000,Per capita real GDP by Metropolitan Area (chained 2001 dollars),"n/a","n/a","n/a","n/a","n/a","n/a"
"43780","South Bend-Mishawaka, IN-MI (MSA)",20,"       Electrical equipment and appliance manufacturing",1000,Per capita real GDP by Metropolitan Area (chained 2001 dollars),"n/a","n/a","n/a","n/a","n/a","n/a"
"43780","South Bend-Mishawaka, IN-MI (MSA)",21,"       Motor vehicle, body, trailer, and parts manufacturing",1000,Per capita real GDP by Metropolitan Area (chained 2001 dollars),"n/a","n/a","n/a","n/a","n/a","n/a"
"43780","South Bend-Mishawaka, IN-MI (MSA)",22,"       Other transportation equipment manufacturing",1000,Per capita real GDP by Metropolitan Area (chained 2001 dollars),"n/a","n/a","n/a","n/a","n/a","n/a"
"43780","South Bend-Mishawaka, IN-MI (MSA)",23,"       Furniture and related product manufacturing",1000,Per capita real GDP by Metropolitan Area (chained 2001 dollars),"n/a","n/a","n/a","n/a","n/a","n/a"
"43780","South Bend-Mishawaka, IN-MI (MSA)",24,"       Miscellaneous manufacturing",1000,Per capita real GDP by Metropolitan Area (chained 2001 dollars),"n/a","n/a","n/a","n/a","n/a","n/a"
"43780","South Bend-Mishawaka, IN-MI (MSA)",25,"     Nondurable goods",1000,Per capita real GDP by Metropolitan Area (chained 2001 dollars),"n/a","n/a","n/a","n/a","n/a","n/a"
"43780","South Bend-Mishawaka, IN-MI (MSA)",26,"       Food product manufacturing",1000,Per capita real GDP by Metropolitan Area (chained 2001 dollars),"n/a","n/a","n/a","n/a","n/a","n/a"
"43780","South Bend-Mishawaka, IN-MI (MSA)",27,"       Textile and textile product mills",1000,Per capita real GDP by Metropolitan Area (chained 2001 dollars),"n/a","n/a","n/a","n/a","n/a","n/a"
"43780","South Bend-Mishawaka, IN-MI (MSA)",28,"       Apparel manufacturing",1000,Per capita real GDP by Metropolitan Area (chained 2001 dollars),"n/a","n/a","n/a","n/a","n/a","n/a"
"43780","South Bend-Mishawaka, IN-MI (MSA)",29,"       Paper manufacturing",1000,Per capita real GDP by Metropolitan Area (chained 2001 dollars),"n/a","n/a","n/a","n/a","n/a","n/a"
"43780","South Bend-Mishawaka, IN-MI (MSA)",30,"       Printing and related support activities",1000,Per capita real GDP by Metropolitan Area (chained 2001 dollars),"n/a","n/a","n/a","n/a","n/a","n/a"
"43780","South Bend-Mishawaka, IN-MI (MSA)",31,"       Petroleum and coal products manufacturing",1000,Per capita real GDP by Metropolitan Area (chained 2001 dollars),"n/a","n/a","n/a","n/a","n/a","n/a"
"43780","South Bend-Mishawaka, IN-MI (MSA)",32,"       Chemical manufacturing",1000,Per capita real GDP by Metropolitan Area (chained 2001 dollars),"n/a","n/a","n/a","n/a","n/a","n/a"
"43780","South Bend-Mishawaka, IN-MI (MSA)",33,"       Plastics and rubber products manufacturing",1000,Per capita real GDP by Metropolitan Area (chained 2001 dollars),"n/a","n/a","n/a","n/a","n/a","n/a"
"43780","South Bend-Mishawaka, IN-MI (MSA)",34,"   Wholesale trade",1000,Per capita real GDP by Metropolitan Area (chained 2001 dollars),"n/a","n/a","n/a","n/a","n/a","n/a"
"43780","South Bend-Mishawaka, IN-MI (MSA)",35,"   Retail trade",1000,Per capita real GDP by Metropolitan Area (chained 2001 dollars),"n/a","n/a","n/a","n/a","n/a","n/a"
"43780","South Bend-Mishawaka, IN-MI (MSA)",36,"   Transportation and warehousing, excluding Postal Service",1000,Per capita real GDP by Metropolitan Area (chained 2001 dollars),"n/a","n/a","n/a","n/a","n/a","n/a"
"43780","South Bend-Mishawaka, IN-MI (MSA)",37,"     Air transportation",1000,Per capita real GDP by Metropolitan Area (chained 2001 dollars),"n/a","n/a","n/a","n/a","n/a","n/a"
"43780","South Bend-Mishawaka, IN-MI (MSA)",38,"     Rail transportation",1000,Per capita real GDP by Metropolitan Area (chained 2001 dollars),"n/a","n/a","n/a","n/a","n/a","n/a"
"43780","South Bend-Mishawaka, IN-MI (MSA)",39,"     Water transportation",1000,Per capita real GDP by Metropolitan Area (chained 2001 dollars),"n/a","n/a","n/a","n/a","n/a","n/a"
"43780","South Bend-Mishawaka, IN-MI (MSA)",40,"     Truck transportation",1000,Per capita real GDP by Metropolitan Area (chained 2001 dollars),"n/a","n/a","n/a","n/a","n/a","n/a"
"43780","South Bend-Mishawaka, IN-MI (MSA)",41,"     Transit and ground passenger transportation",1000,Per capita real GDP by Metropolitan Area (chained 2001 dollars),"n/a","n/a","n/a","n/a","n/a","n/a"
"43780","South Bend-Mishawaka, IN-MI (MSA)",42,"     Pipeline transportation",1000,Per capita real GDP by Metropolitan Area (chained 2001 dollars),"n/a","n/a","n/a","n/a","n/a","n/a"
"43780","South Bend-Mishawaka, IN-MI (MSA)",43,"     Other transportation and support activities",1000,Per capita real GDP by Metropolitan Area (chained 2001 dollars),"n/a","n/a","n/a","n/a","n/a","n/a"
"43780","South Bend-Mishawaka, IN-MI (MSA)",44,"     Warehousing and storage",1000,Per capita real GDP by Metropolitan Area (chained 2001 dollars),"n/a","n/a","n/a","n/a","n/a","n/a"
"43780","South Bend-Mishawaka, IN-MI (MSA)",45,"   Information",1000,Per capita real GDP by Metropolitan Area (chained 2001 dollars),"n/a","n/a","n/a","n/a","n/a","n/a"
"43780","South Bend-Mishawaka, IN-MI (MSA)",46,"     Publishing including software",1000,Per capita real GDP by Metropolitan Area (chained 2001 dollars),"n/a","n/a","n/a","n/a","n/a","n/a"
"43780","South Bend-Mishawaka, IN-MI (MSA)",47,"     Motion picture and sound recording industries",1000,Per capita real GDP by Metropolitan Area (chained 2001 dollars),"n/a","n/a","n/a","n/a","n/a","n/a"
"43780","South Bend-Mishawaka, IN-MI (MSA)",48,"     Broadcasting and telecommunications",1000,Per capita real GDP by Metropolitan Area (chained 2001 dollars),"n/a","n/a","n/a","n/a","n/a","n/a"
"43780","South Bend-Mishawaka, IN-MI (MSA)",49,"     Information and data processing services",1000,Per capita real GDP by Metropolitan Area (chained 2001 dollars),"n/a","n/a","n/a","n/a","n/a","n/a"
"43780","South Bend-Mishawaka, IN-MI (MSA)",50,"   Finance and insurance",1000,Per capita real GDP by Metropolitan Area (chained 2001 dollars),"n/a","n/a","n/a","n/a","n/a","n/a"
"43780","South Bend-Mishawaka, IN-MI (MSA)",51,"     Federal Reserve banks, credit intermediation and related services",1000,Per capita real GDP by Metropolitan Area (chained 2001 dollars),"n/a","n/a","n/a","n/a","n/a","n/a"
"43780","South Bend-Mishawaka, IN-MI (MSA)",52,"     Securities, commodity contracts, investments",1000,Per capita real GDP by Metropolitan Area (chained 2001 dollars),"n/a","n/a","n/a","n/a","n/a","n/a"
"43780","South Bend-Mishawaka, IN-MI (MSA)",53,"     Insurance carriers and related activities",1000,Per capita real GDP by Metropolitan Area (chained 2001 dollars),"n/a","n/a","n/a","n/a","n/a","n/a"
"43780","South Bend-Mishawaka, IN-MI (MSA)",54,"     Funds, trusts, and other financial vehicles",1000,Per capita real GDP by Metropolitan Area (chained 2001 dollars),"n/a","n/a","n/a","n/a","n/a","n/a"
"43780","South Bend-Mishawaka, IN-MI (MSA)",55,"   Real estate and rental and leasing",1000,Per capita real GDP by Metropolitan Area (chained 2001 dollars),"n/a","n/a","n/a","n/a","n/a","n/a"
"43780","South Bend-Mishawaka, IN-MI (MSA)",56,"     Real estate",1000,Per capita real GDP by Metropolitan Area (chained 2001 dollars),"n/a","n/a","n/a","n/a","n/a","n/a"
"43780","South Bend-Mishawaka, IN-MI (MSA)",57,"     Rental and leasing services and lessors of intangible assets",1000,Per capita real GDP by Metropolitan Area (chained 2001 dollars),"n/a","n/a","n/a","n/a","n/a","n/a"
"43780","South Bend-Mishawaka, IN-MI (MSA)",58,"   Professional and technical services",1000,Per capita real GDP by Metropolitan Area (chained 2001 dollars),"n/a","n/a","n/a","n/a","n/a","n/a"
"43780","South Bend-Mishawaka, IN-MI (MSA)",62,"   Management of companies and enterprises",1000,Per capita real GDP by Metropolitan Area (chained 2001 dollars),"n/a","n/a","n/a","n/a","n/a","n/a"
"43780","South Bend-Mishawaka, IN-MI (MSA)",63,"   Administrative and waste services",1000,Per capita real GDP by Metropolitan Area (chained 2001 dollars),"n/a","n/a","n/a","n/a","n/a","n/a"
"43780","South Bend-Mishawaka, IN-MI (MSA)",64,"     Administrative and support services",1000,Per capita real GDP by Metropolitan Area (chained 2001 dollars),"n/a","n/a","n/a","n/a","n/a","n/a"
"43780","South Bend-Mishawaka, IN-MI (MSA)",65,"     Waste management and remediation services",1000,Per capita real GDP by Metropolitan Area (chained 2001 dollars),"n/a","n/a","n/a","n/a","n/a","n/a"
"43780","South Bend-Mishawaka, IN-MI (MSA)",66,"   Educational services",1000,Per capita real GDP by Metropolitan Area (chained 2001 dollars),"n/a","n/a","n/a","n/a","n/a","n/a"
"43780","South Bend-Mishawaka, IN-MI (MSA)",67,"   Health care and social assistance",1000,Per capita real GDP by Metropolitan Area (chained 2001 dollars),"n/a","n/a","n/a","n/a","n/a","n/a"
"43780","South Bend-Mishawaka, IN-MI (MSA)",68,"     Ambulatory health care services",1000,Per capita real GDP by Metropolitan Area (chained 2001 dollars),"n/a","n/a","n/a","n/a","n/a","n/a"
"43780","South Bend-Mishawaka, IN-MI (MSA)",69,"     Hospitals and nursing and residential care facilities",1000,Per capita real GDP by Metropolitan Area (chained 2001 dollars),"n/a","n/a","n/a","n/a","n/a","n/a"
"43780","South Bend-Mishawaka, IN-MI (MSA)",70,"     Social assistance",1000,Per capita real GDP by Metropolitan Area (chained 2001 dollars),"n/a","n/a","n/a","n/a","n/a","n/a"
"43780","South Bend-Mishawaka, IN-MI (MSA)",71,"   Arts, entertainment, and recreation",1000,Per capita real GDP by Metropolitan Area (chained 2001 dollars),"n/a","n/a","n/a","n/a","n/a","n/a"
"43780","South Bend-Mishawaka, IN-MI (MSA)",72,"     Performing arts, museums, and related activities",1000,Per capita real GDP by Metropolitan Area (chained 2001 dollars),"n/a","n/a","n/a","n/a","n/a","n/a"
"43780","South Bend-Mishawaka, IN-MI (MSA)",73,"     Amusement, gambling, and recreation",1000,Per capita real GDP by Metropolitan Area (chained 2001 dollars),"n/a","n/a","n/a","n/a","n/a","n/a"
"43780","South Bend-Mishawaka, IN-MI (MSA)",74,"   Accommodation and food services",1000,Per capita real GDP by Metropolitan Area (chained 2001 dollars),"n/a","n/a","n/a","n/a","n/a","n/a"
"43780","South Bend-Mishawaka, IN-MI (MSA)",75,"     Accommodation",1000,Per capita real GDP by Metropolitan Area (chained 2001 dollars),"n/a","n/a","n/a","n/a","n/a","n/a"
"43780","South Bend-Mishawaka, IN-MI (MSA)",76,"     Food services and drinking places",1000,Per capita real GDP by Metropolitan Area (chained 2001 dollars),"n/a","n/a","n/a","n/a","n/a","n/a"
"43780","South Bend-Mishawaka, IN-MI (MSA)",77,"   Other services, except government",1000,Per capita real GDP by Metropolitan Area (chained 2001 dollars),"n/a","n/a","n/a","n/a","n/a","n/a"
"43780","South Bend-Mishawaka, IN-MI (MSA)",78," Government",1000,Per capita real GDP by Metropolitan Area (chained 2001 dollars),"n/a","n/a","n/a","n/a","n/a","n/a"
"43780","South Bend-Mishawaka, IN-MI (MSA)",79,"   Federal civilian",1000,Per capita real GDP by Metropolitan Area (chained 2001 dollars),"n/a","n/a","n/a","n/a","n/a","n/a"
"43780","South Bend-Mishawaka, IN-MI (MSA)",80,"   Federal military",1000,Per capita real GDP by Metropolitan Area (chained 2001 dollars),"n/a","n/a","n/a","n/a","n/a","n/a"
"43780","South Bend-Mishawaka, IN-MI (MSA)",81,"   State and local",1000,Per capita real GDP by Metropolitan Area (chained 2001 dollars),"n/a","n/a","n/a","n/a","n/a","n/a"
"43780","South Bend-Mishawaka, IN-MI (MSA)",99,"Natural resources and mining",1000,Per capita real GDP by Metropolitan Area (chained 2001 dollars),"n/a","n/a","n/a","n/a","n/a","n/a"
"43780","South Bend-Mishawaka, IN-MI (MSA)",100,"Trade",1000,Per capita real GDP by Metropolitan Area (chained 2001 dollars),"n/a","n/a","n/a","n/a","n/a","n/a"
"43780","South Bend-Mishawaka, IN-MI (MSA)",101,"Transportation and utilities",1000,Per capita real GDP by Metropolitan Area (chained 2001 dollars),"n/a","n/a","n/a","n/a","n/a","n/a"
"43780","South Bend-Mishawaka, IN-MI (MSA)",102,"Financial activities",1000,Per capita real GDP by Metropolitan Area (chained 2001 dollars),"n/a","n/a","n/a","n/a","n/a","n/a"
"43780","South Bend-Mishawaka, IN-MI (MSA)",103,"Professional and business services",1000,Per capita real GDP by Metropolitan Area (chained 2001 dollars),"n/a","n/a","n/a","n/a","n/a","n/a"
"43780","South Bend-Mishawaka, IN-MI (MSA)",104,"Education and health services",1000,Per capita real GDP by Metropolitan Area (chained 2001 dollars),"n/a","n/a","n/a","n/a","n/a","n/a"
"43780","South Bend-Mishawaka, IN-MI (MSA)",105,"Leisure and hospitality",1000,Per capita real GDP by Metropolitan Area (chained 2001 dollars),"n/a","n/a","n/a","n/a","n/a","n/a"
"43780","South Bend-Mishawaka, IN-MI (MSA)",106,"Information, Communication, and Technology (ICT)",1000,Per capita real GDP by Metropolitan Area (chained 2001 dollars),"n/a","n/a","n/a","n/a","n/a","n/a"
"43780","South Bend-Mishawaka, IN-MI (MSA)",108,"Private goods-producing industries",1000,Per capita real GDP by Metropolitan Area (chained 2001 dollars),"n/a","n/a","n/a","n/a","n/a","n/a"
"43780","South Bend-Mishawaka, IN-MI (MSA)",109,"Private services-providing industries",1000,Per capita real GDP by Metropolitan Area (chained 2001 dollars),"n/a","n/a","n/a","n/a","n/a","n/a"
Source: Bureau of Economic Analysis, U.S. Department of Commerce
