"fips_st","fips_puma","owner_occ","total","per_owner"
1,100,492,633,77.7251184834123
1,200,445,661,67.32223903177
1,300,706,831,84.9578820697954
1,400,448,565,79.2920353982301
1,500,591,751,78.6950732356858
1,600,496,613,80.9135399673736
1,700,435,552,78.804347826087
1,800,680,826,82.3244552058111
1,901,199,346,57.514450867052
1,902,212,356,59.5505617977528
1,903,437,608,71.875
1,904,610,712,85.6741573033708
1,905,363,439,82.6879271070615
1,1000,370,472,78.3898305084746
1,1100,483,612,78.921568627451
1,1200,345,457,75.492341356674
1,1300,642,752,85.3723404255319
1,1400,519,714,72.689075630252
1,1500,343,455,75.3846153846154
1,1600,473,573,82.5479930191972
1,1700,458,730,62.7397260273973
1,1800,611,847,72.1369539551358
1,1900,475,707,67.1852899575672
1,2000,531,643,82.5816485225505
1,2100,455,582,78.1786941580756
1,2200,481,726,66.2534435261708
1,2300,599,733,81.718963165075
1,2400,474,569,83.3040421792619
1,2500,439,568,77.2887323943662
1,2600,1010,1386,72.8715728715729
2,101,168,298,56.3758389261745
2,102,283,381,74.2782152230971
2,200,458,584,78.4246575342466
2,300,338,506,66.798418972332
2,400,307,505,60.7920792079208
4,101,707,798,88.5964912280702
4,102,441,515,85.6310679611651
4,103,703,872,80.6192660550459
4,104,633,813,77.859778597786
4,105,615,736,83.5597826086957
4,106,361,485,74.4329896907217
4,107,447,598,74.7491638795987
4,108,340,459,74.0740740740741
4,109,319,480,66.4583333333333
4,110,775,985,78.6802030456853
4,111,326,480,67.9166666666667
4,112,311,598,52.0066889632107
4,113,227,406,55.9113300492611
4,114,693,871,79.5637198622273
4,115,307,546,56.2271062271062
4,116,335,614,54.5602605863192
4,117,240,472,50.8474576271186
4,118,264,424,62.2641509433962
4,119,414,534,77.5280898876404
4,120,755,979,77.1195097037794
4,121,763,908,84.0308370044053
4,122,467,588,79.421768707483
4,201,244,436,55.9633027522936
4,202,310,453,68.4326710816777
4,203,432,569,75.9226713532513
4,204,280,584,47.945205479452
4,205,405,501,80.8383233532934
4,206,470,591,79.5262267343486
4,207,684,863,79.2584009269988
4,300,570,722,78.9473684210526
4,400,353,495,71.3131313131313
4,500,631,829,76.1158021712907
4,600,624,817,76.3769889840881
4,700,530,679,78.0559646539028
4,800,1038,1263,82.1852731591449
4,900,664,896,74.1071428571429
5,100,558,727,76.7537826685007
5,200,467,701,66.6191155492154
5,300,570,716,79.608938547486
5,400,494,633,78.0410742496051
5,500,611,835,73.1736526946108
5,600,257,388,66.2371134020619
5,700,312,448,69.6428571428571
5,800,404,561,72.0142602495544
5,900,422,643,65.6298600311042
5,1000,470,663,70.8898944193062
5,1100,830,1055,78.6729857819905
5,1200,474,609,77.832512315271
5,1300,472,664,71.0843373493976
5,1400,373,469,79.5309168443497
5,1500,518,677,76.5140324963072
5,1600,371,490,75.7142857142857
5,1700,294,405,72.5925925925926
5,1800,387,506,76.4822134387352
5,1900,342,464,73.7068965517241
6,100,524,698,75.0716332378224
6,200,434,657,66.0578386605784
6,300,584,775,75.3548387096774
6,400,405,560,72.3214285714286
6,500,446,612,72.875816993464
6,600,640,940,68.0851063829787
6,700,404,500,80.8
6,800,394,590,66.7796610169491
6,900,415,681,60.9397944199706
6,1000,358,509,70.3339882121807
6,1101,642,864,74.3055555555556
6,1102,346,507,68.2445759368836
6,1103,390,654,59.6330275229358
6,1201,307,413,74.3341404358354
6,1202,393,579,67.8756476683938
6,1301,391,548,71.3503649635037
6,1302,319,450,70.8888888888889
6,1303,313,438,71.4611872146119
6,1401,318,677,46.9719350073855
6,1402,259,438,59.1324200913242
6,1403,422,630,66.984126984127
6,1501,326,457,71.3347921225383
6,1502,293,435,67.3563218390805
6,1503,525,661,79.4251134644478
6,1504,446,731,61.0123119015048
6,1505,401,544,73.7132352941177
6,1506,442,575,76.8695652173913
6,1601,657,783,83.9080459770115
6,1602,446,620,71.9354838709677
6,1700,580,718,80.7799442896936
6,1800,579,746,77.6139410187668
6,1901,234,370,63.2432432432432
6,1902,296,500,59.2
6,2001,505,654,77.217125382263
6,2002,471,633,74.4075829383886
6,2101,221,372,59.4086021505376
6,2102,370,474,78.0590717299578
6,2103,270,386,69.9481865284974
6,2104,527,660,79.8484848484848
6,2105,420,482,87.136929460581
6,2106,328,442,74.2081447963801
6,2107,222,327,67.8899082568807
6,2108,377,438,86.0730593607306
6,2201,198,566,34.982332155477
6,2202,124,513,24.1715399610136
6,2203,111,483,22.9813664596273
6,2204,212,497,42.6559356136821
6,2205,215,377,57.0291777188329
6,2206,238,359,66.2952646239554
6,2207,188,299,62.876254180602
6,2301,290,439,66.0592255125285
6,2302,269,402,66.9154228855721
6,2303,261,405,64.4444444444444
6,2304,338,501,67.4650698602794
6,2305,335,503,66.6003976143141
6,2306,280,394,71.0659898477157
6,2401,297,590,50.3389830508475
6,2402,201,634,31.7034700315457
6,2403,425,594,71.5488215488216
6,2404,180,344,52.3255813953488
6,2405,367,611,60.0654664484452
6,2406,293,441,66.4399092970522
6,2407,272,398,68.3417085427136
6,2408,319,403,79.1563275434243
6,2409,433,611,70.8674304418985
6,2410,545,732,74.4535519125683
6,2500,435,659,66.0091047040971
6,2601,346,499,69.3386773547094
6,2602,329,454,72.4669603524229
6,2701,533,871,61.1940298507463
6,2702,305,554,55.0541516245487
6,2703,227,432,52.5462962962963
6,2704,310,409,75.7946210268949
6,2705,260,322,80.7453416149068
6,2706,264,332,79.5180722891566
6,2707,383,524,73.0916030534351
6,2708,282,492,57.3170731707317
6,2709,172,410,41.9512195121951
6,2710,334,511,65.3620352250489
6,2711,280,389,71.9794344473008
6,2712,321,395,81.2658227848101
6,2713,262,322,81.3664596273292
6,2714,121,215,56.2790697674419
6,2801,294,514,57.1984435797665
6,2802,375,504,74.404761904762
6,2900,201,376,53.4574468085106
6,3001,281,546,51.4652014652015
6,3002,413,590,70
6,3100,466,742,62.8032345013477
6,3200,309,450,68.6666666666667
6,3301,456,895,50.9497206703911
6,3302,391,586,66.7235494880546
6,3401,308,507,60.7495069033531
6,3402,703,940,74.7872340425532
6,3501,291,425,68.4705882352941
6,3502,312,488,63.9344262295082
6,3503,380,604,62.9139072847682
6,3600,289,440,65.6818181818182
6,3701,377,514,73.3463035019455
6,3702,303,477,63.5220125786163
6,3800,698,1030,67.7669902912621
6,3901,255,396,64.3939393939394
6,3902,381,524,72.7099236641221
6,3903,400,567,70.5467372134039
6,4000,244,392,62.2448979591837
6,4100,325,436,74.5412844036697
6,4200,301,390,77.1794871794872
6,4300,321,548,58.5766423357664
6,4401,345,427,80.7962529274005
6,4402,203,324,62.6543209876543
6,4403,380,532,71.4285714285714
6,4404,473,678,69.76401179941
6,4405,357,551,64.7912885662432
6,4406,525,667,78.7106446776612
6,4407,269,379,70.976253298153
6,4500,292,438,66.6666666666667
6,4600,269,364,73.9010989010989
6,4700,450,582,77.319587628866
6,4800,192,382,50.261780104712
6,4900,277,644,43.0124223602485
6,5000,283,520,54.4230769230769
6,5100,135,279,48.3870967741936
6,5200,215,364,59.0659340659341
6,5300,119,311,38.2636655948553
6,5401,409,572,71.5034965034965
6,5402,318,399,79.6992481203008
6,5403,207,298,69.4630872483222
6,5404,277,408,67.8921568627451
6,5405,185,349,53.0085959885387
6,5406,157,461,34.0563991323210
6,5407,198,523,37.8585086042065
6,5408,373,583,63.9794168096055
6,5409,346,535,64.6728971962617
6,5410,501,747,67.0682730923695
6,5411,315,851,37.0152761457109
6,5412,195,676,28.8461538461538
6,5413,216,909,23.7623762376238
6,5414,22,383,5.74412532637076
6,5415,138,644,21.4285714285714
6,5416,376,730,51.5068493150685
6,5417,91,441,20.6349206349206
6,5418,72,310,23.2258064516129
6,5419,243,550,44.1818181818182
6,5420,270,529,51.0396975425331
6,5421,204,461,44.2516268980477
6,5422,90,279,32.258064516129
6,5423,141,346,40.7514450867052
6,5424,287,593,48.397976391231
6,5500,141,329,42.8571428571429
6,5600,360,556,64.7482014388489
6,5701,226,413,54.7215496368039
6,5702,159,567,28.0423280423280
6,5703,364,561,64.8841354723708
6,5800,221,298,74.1610738255034
6,5900,161,263,61.2167300380228
6,6000,202,275,73.4545454545455
6,6101,420,523,80.3059273422562
6,6102,398,533,74.671669793621
6,6103,188,402,46.7661691542289
6,6104,443,637,69.5447409733124
6,6105,321,465,69.0322580645161
6,6106,450,586,76.7918088737201
6,6107,264,337,78.3382789317507
6,6108,305,372,81.989247311828
6,6109,212,298,71.1409395973154
6,6110,385,520,74.0384615384615
6,6111,236,378,62.4338624338624
6,6112,223,390,57.1794871794872
6,6113,98,326,30.0613496932515
6,6114,131,323,40.5572755417957
6,6115,195,379,51.4511873350923
6,6116,182,353,51.5580736543909
6,6117,315,422,74.6445497630332
6,6118,439,570,77.0175438596491
6,6119,236,386,61.139896373057
6,6120,254,323,78.6377708978328
6,6121,327,430,76.046511627907
6,6122,345,594,58.0808080808081
6,6123,196,417,47.0023980815348
6,6124,119,330,36.0606060606061
6,6125,408,1031,39.5732298739088
6,6126,295,369,79.9457994579946
6,6200,292,452,64.6017699115044
6,6300,263,412,63.8349514563107
6,6400,338,431,78.4222737819025
6,6500,399,500,79.8
6,6601,279,417,66.9064748201439
6,6602,420,513,81.8713450292398
6,6701,500,776,64.4329896907217
6,6702,446,766,58.22454308094
6,6801,273,585,46.6666666666667
6,6802,326,479,68.0584551148226
6,6900,206,427,48.2435597189695
6,7000,309,488,63.3196721311475
6,7100,288,433,66.512702078522
6,7200,590,840,70.2380952380952
6,7300,450,746,60.3217158176944
6,7400,338,463,73.0021598272138
6,7501,227,367,61.8528610354223
6,7502,206,419,49.1646778042959
6,7601,572,741,77.1929824561403
6,7602,704,843,83.5112692763938
6,7603,531,714,74.3697478991597
6,7604,611,845,72.3076923076923
6,7605,552,758,72.8232189973615
6,7606,485,718,67.5487465181058
6,7607,668,961,69.5109261186264
6,7700,327,417,78.4172661870504
6,7801,248,371,66.8463611859838
6,7802,326,508,64.1732283464567
6,7900,350,474,73.8396624472574
6,8001,936,1172,79.863481228669
6,8002,914,1079,84.708063021316
6,8003,682,890,76.629213483146
6,8004,1184,1583,74.7946936197094
6,8005,492,688,71.5116279069768
6,8101,404,1032,39.1472868217054
6,8102,211,378,55.8201058201058
6,8103,455,564,80.6737588652482
6,8104,472,727,64.9243466299862
6,8105,330,560,58.9285714285714
6,8106,287,396,72.4747474747475
6,8107,218,514,42.4124513618677
6,8108,488,821,59.4397076735688
6,8109,615,945,65.0793650793651
6,8110,299,592,50.5067567567568
6,8111,407,568,71.6549295774648
6,8112,569,731,77.8385772913817
6,8113,593,803,73.8480697384807
6,8114,445,647,68.7789799072643
6,8115,535,762,70.2099737532808
6,8116,364,610,59.672131147541
6,8200,290,485,59.7938144329897
8,101,357,460,77.6086956521739
8,102,454,550,82.5454545454545
8,103,405,529,76.5595463137996
8,200,336,508,66.1417322834646
8,300,731,948,77.1097046413502
8,400,680,873,77.8923253150057
8,501,472,595,79.327731092437
8,502,462,595,77.6470588235294
8,600,635,815,77.9141104294479
8,700,275,387,71.0594315245478
8,801,431,516,83.5271317829457
8,802,392,516,75.968992248062
8,803,265,439,60.3644646924829
8,804,391,488,80.1229508196721
8,805,318,447,71.1409395973154
8,806,359,456,78.7280701754386
8,807,361,441,81.859410430839
8,808,510,583,87.4785591766724
8,809,273,395,69.1139240506329
8,810,228,376,60.6382978723404
8,811,389,458,84.934497816594
8,812,335,489,68.5071574642127
8,813,206,387,53.2299741602067
8,814,283,491,57.6374745417515
8,815,377,654,57.6452599388379
8,816,269,368,73.0978260869565
8,817,365,462,79.004329004329
8,818,246,405,60.7407407407407
8,819,493,609,80.952380952381
8,820,374,513,72.9044834307992
8,821,426,484,88.0165289256198
8,822,546,641,85.179407176287
8,901,412,499,82.565130260521
8,902,306,442,69.2307692307692
8,903,285,433,65.8198614318707
8,904,427,532,80.2631578947368
8,905,251,363,69.1460055096419
8,1000,345,425,81.1764705882353
9,100,753,922,81.6702819956616
9,200,548,647,84.6986089644513
9,300,297,448,66.2946428571429
9,400,597,730,81.7808219178082
9,500,342,442,77.3755656108597
9,600,244,380,64.2105263157895
9,700,403,483,83.4368530020704
9,800,106,370,28.6486486486486
9,900,431,540,79.8148148148148
9,1000,390,494,78.9473684210526
9,1100,446,544,81.985294117647
9,1200,433,583,74.2710120068611
9,1300,513,644,79.6583850931677
9,1400,427,477,89.517819706499
9,1500,361,489,73.8241308793456
9,1600,345,445,77.5280898876404
9,1700,377,493,76.4705882352941
9,1800,379,450,84.2222222222222
9,1900,225,398,56.5326633165829
9,2000,158,422,37.4407582938389
9,2100,599,717,83.5425383542538
9,2200,730,823,88.6998784933171
9,2300,741,922,80.3687635574837
9,2400,205,392,52.2959183673469
9,2500,285,416,68.5096153846154
10,101,372,547,68.0073126142596
10,102,376,451,83.370288248337
10,103,263,370,71.0810810810811
10,104,331,377,87.7984084880637
10,200,421,547,76.9652650822669
10,300,899,1065,84.4131455399061
11,101,316,513,61.598440545809
11,102,239,429,55.7109557109557
11,103,317,553,57.3236889692586
11,104,209,533,39.2120075046904
11,105,237,601,39.4342762063228
12,101,559,799,69.9624530663329
12,102,367,465,78.9247311827957
12,200,497,603,82.4212271973466
12,300,608,828,73.4299516908213
12,400,584,715,81.6783216783217
12,500,573,773,74.1267787839586
12,600,411,509,80.746561886051
12,701,431,769,56.0468140442133
12,702,486,587,82.793867120954
12,800,405,524,77.2900763358779
12,900,312,423,73.758865248227
12,1001,223,423,52.7186761229314
12,1002,437,617,70.8265802269044
12,1101,444,547,81.1700182815356
12,1102,357,555,64.3243243243243
12,1103,321,465,69.0322580645161
12,1104,378,516,73.2558139534884
12,1105,383,560,68.3928571428571
12,1106,298,413,72.1549636803874
12,1107,529,746,70.911528150134
12,1200,644,776,82.9896907216495
12,1300,613,733,83.6289222373806
12,1400,593,722,82.1329639889197
12,1501,391,526,74.3346007604563
12,1502,887,996,89.0562248995984
12,1600,820,941,87.1413390010627
12,1700,640,721,88.7656033287101
12,1801,677,788,85.9137055837564
12,1802,473,566,83.5689045936396
12,1901,796,919,86.6158868335147
12,1902,400,583,68.6106346483705
12,1903,540,660,81.8181818181818
12,2001,558,746,74.798927613941
12,2002,362,506,71.5415019762846
12,2003,356,454,78.4140969162996
12,2101,687,823,83.4750911300121
12,2102,496,616,80.5194805194805
12,2103,486,613,79.2822185970636
12,2104,425,505,84.1584158415842
12,2201,369,440,83.8636363636364
12,2202,731,964,75.8298755186722
12,2203,346,546,63.3699633699634
12,2204,286,590,48.4745762711864
12,2205,347,524,66.2213740458015
12,2206,335,569,58.8752196836555
12,2207,447,576,77.6041666666667
12,2300,600,845,71.0059171597633
12,2401,565,780,72.4358974358974
12,2402,584,752,77.6595744680851
12,2403,497,597,83.249581239531
12,2404,454,548,82.8467153284672
12,2501,659,782,84.2710997442455
12,2502,593,673,88.112927191679
12,2503,455,590,77.1186440677966
12,2601,521,616,84.577922077922
12,2602,489,603,81.094527363184
12,2603,445,612,72.7124183006536
12,2604,369,521,70.8253358925144
12,2605,354,436,81.1926605504587
12,2606,349,476,73.3193277310924
12,2607,459,683,67.203513909224
12,2608,588,729,80.6584362139918
12,2701,365,546,66.8498168498168
12,2702,453,690,65.6521739130435
12,2703,456,582,78.3505154639175
12,2704,506,698,72.4928366762178
12,2705,300,555,54.0540540540541
12,2706,416,509,81.7288801571709
12,2707,529,718,73.6768802228412
12,2708,647,748,86.4973262032086
12,2801,488,657,74.2770167427702
12,2802,704,827,85.1269649334945
12,2901,769,971,79.1967044284243
12,2902,909,1061,85.6738925541942
12,3000,649,729,89.0260631001372
12,3100,663,795,83.3962264150943
12,3200,641,777,82.4967824967825
12,3300,882,1094,80.6215722120658
12,3400,589,704,83.6647727272727
12,3501,830,1044,79.5019157088123
12,3502,413,628,65.7643312101911
12,3503,386,521,74.088291746641
12,3504,374,502,74.5019920318725
12,3505,623,751,82.9560585885486
12,3506,575,682,84.3108504398827
12,3507,462,580,79.6551724137931
12,3508,423,497,85.1106639839034
12,3509,718,863,83.1981460023175
12,3601,393,518,75.8687258687259
12,3602,360,442,81.447963800905
12,3603,358,451,79.3791574279379
12,3604,372,512,72.65625
12,3605,418,629,66.4546899841017
12,3606,547,700,78.1428571428572
12,3607,246,360,68.3333333333333
12,3608,482,600,80.3333333333333
12,3609,367,524,70.0381679389313
12,3610,544,598,90.9698996655518
12,3611,420,506,83.00395256917
12,3612,381,472,80.7203389830508
12,3613,370,536,69.0298507462687
12,3701,570,721,79.0568654646325
12,3702,546,655,83.3587786259542
12,3800,488,607,80.3953871499176
12,3901,698,828,84.2995169082126
12,3902,618,740,83.5135135135135
12,3903,463,642,72.1183800623053
12,4001,323,434,74.4239631336406
12,4002,238,315,75.5555555555556
12,4003,295,396,74.4949494949495
12,4004,207,332,62.3493975903614
12,4005,214,391,54.7314578005115
12,4006,177,296,59.7972972972973
12,4007,256,388,65.979381443299
12,4008,313,537,58.2867783985102
12,4009,128,331,38.6706948640483
12,4010,149,448,33.2589285714286
12,4011,291,535,54.392523364486
12,4012,339,532,63.7218045112782
12,4013,275,351,78.3475783475783
12,4014,325,449,72.3830734966593
12,4015,358,448,79.9107142857143
12,4016,283,350,80.8571428571429
12,4017,321,410,78.2926829268293
12,4018,285,354,80.5084745762712
12,4019,300,447,67.1140939597315
12,4020,339,486,69.7530864197531
13,100,490,611,80.1963993453355
13,200,554,722,76.7313019390582
13,300,661,830,79.6385542168675
13,400,498,628,79.2993630573248
13,500,514,790,65.0632911392405
13,600,484,631,76.703645007924
13,700,546,677,80.6499261447563
13,800,712,795,89.559748427673
13,900,326,401,81.2967581047382
13,1000,360,468,76.923076923077
13,1101,444,551,80.5807622504537
13,1102,514,735,69.9319727891156
13,1103,324,516,62.7906976744186
13,1104,225,484,46.4876033057851
13,1105,151,289,52.2491349480969
13,1106,155,336,46.1309523809524
13,1107,382,542,70.479704797048
13,1201,346,536,64.5522388059701
13,1202,294,494,59.5141700404858
13,1203,273,399,68.421052631579
13,1204,245,382,64.1361256544503
13,1205,312,414,75.3623188405797
13,1206,275,362,75.9668508287293
13,1301,274,414,66.183574879227
13,1302,418,447,93.5123042505593
13,1303,266,470,56.5957446808511
13,1304,352,467,75.3747323340471
13,1305,638,745,85.6375838926175
13,1401,251,399,62.907268170426
13,1402,326,431,75.6380510440835
13,1501,290,433,66.9745958429561
13,1502,680,770,88.3116883116883
13,1503,496,535,92.7102803738318
13,1504,298,420,70.952380952381
13,1505,344,488,70.4918032786885
13,1600,535,673,79.4947994056464
13,1700,604,707,85.4314002828854
13,1800,691,901,76.69256381798
13,1900,702,824,85.1941747572815
13,2000,959,1185,80.928270042194
13,2100,552,728,75.8241758241758
13,2200,383,499,76.753507014028
13,2300,471,750,62.8
13,2400,442,513,86.1598440545809
13,2500,418,539,77.5510204081633
13,2600,474,629,75.3577106518283
13,2700,414,613,67.536704730832
13,2800,560,729,76.8175582990398
13,2900,462,601,76.8718801996672
13,3000,490,751,65.2463382157124
13,3100,313,444,70.4954954954955
13,3200,348,475,73.2631578947368
13,3300,501,680,73.6764705882353
13,3400,283,523,54.1108986615679
13,3500,395,514,76.8482490272374
13,3600,432,610,70.8196721311475
13,3700,347,487,71.252566735113
13,3800,419,574,72.9965156794425
13,3900,356,487,73.1006160164271
13,4000,276,455,60.6593406593407
13,4100,488,666,73.2732732732733
13,4200,393,522,75.2873563218391
13,4300,372,533,69.7936210131332
15,100,535,766,69.8433420365535
15,200,539,742,72.6415094339623
15,301,208,364,57.1428571428571
15,302,283,397,71.2846347607053
15,303,317,418,75.8373205741627
15,304,215,464,46.3362068965517
15,305,197,363,54.2699724517906
15,306,267,429,62.2377622377622
15,307,435,614,70.8469055374593
16,100,704,891,79.0123456790123
16,200,404,544,74.264705882353
16,300,583,754,77.3209549071618
16,400,352,438,80.365296803653
16,500,463,594,77.946127946128
16,600,437,635,68.8188976377953
16,700,459,544,84.375
16,800,556,709,78.4203102961918
16,900,529,653,81.010719754977
17,101,589,714,82.4929971988796
17,102,497,594,83.6700336700337
17,103,316,432,73.1481481481482
17,200,619,755,81.9867549668874
17,300,527,650,81.076923076923
17,400,667,824,80.9466019417476
17,500,531,625,84.96
17,600,436,565,77.1681415929204
17,700,560,676,82.8402366863905
17,800,729,913,79.8466593647317
17,900,757,1008,75.0992063492064
17,1000,775,929,83.4230355220667
17,1101,439,612,71.7320261437908
17,1102,607,743,81.6958277254374
17,1201,373,501,74.4510978043912
17,1202,595,698,85.243553008596
17,1300,324,492,65.8536585365854
17,1400,698,813,85.8548585485855
17,1500,425,539,78.8497217068646
17,1600,598,704,84.9431818181818
17,1700,266,417,63.78896882494
17,1800,566,658,86.0182370820669
17,1900,553,680,81.3235294117647
17,2000,570,738,77.2357723577236
17,2100,574,866,66.2817551963048
17,2200,867,1073,80.8014911463187
17,2300,371,475,78.1052631578947
17,2400,504,626,80.5111821086262
17,2500,681,829,82.1471652593486
17,2600,481,630,76.3492063492063
17,2700,455,563,80.8170515097691
17,2800,390,569,68.5413005272408
17,2900,677,799,84.7309136420526
17,3001,406,478,84.9372384937239
17,3002,431,468,92.0940170940171
17,3003,350,444,78.8288288288288
17,3004,356,414,85.9903381642512
17,3005,243,314,77.3885350318471
17,3006,674,742,90.8355795148248
17,3101,519,610,85.0819672131148
17,3102,322,435,74.0229885057471
17,3103,555,596,93.1208053691275
17,3104,570,607,93.9044481054366
17,3201,528,617,85.5753646677472
17,3202,331,412,80.3398058252427
17,3203,321,398,80.6532663316583
17,3204,420,499,84.1683366733467
17,3205,365,451,80.9312638580931
17,3206,472,591,79.8646362098139
17,3301,315,379,83.11345646438
17,3302,250,363,68.870523415978
17,3303,692,804,86.0696517412935
17,3304,448,510,87.843137254902
17,3305,393,436,90.137614678899
17,3401,352,420,83.8095238095238
17,3402,555,668,83.0838323353293
17,3403,638,813,78.4747847478475
17,3404,662,764,86.6492146596859
17,3405,708,864,81.9444444444444
17,3406,282,371,76.010781671159
17,3407,466,585,79.6581196581197
17,3408,344,515,66.7961165048544
17,3409,433,519,83.4296724470135
17,3410,490,541,90.5730129390019
17,3411,503,605,83.1404958677686
17,3412,276,336,82.1428571428571
17,3413,404,544,74.264705882353
17,3414,425,517,82.2050290135397
17,3501,249,631,39.4611727416799
17,3502,388,785,49.4267515923567
17,3503,245,463,52.9157667386609
17,3504,250,393,63.6132315521629
17,3505,337,427,78.9227166276347
17,3506,228,360,63.3333333333333
17,3507,126,249,50.6024096385542
17,3508,120,313,38.3386581469649
17,3509,317,691,45.8755426917511
17,3510,377,716,52.6536312849162
17,3511,96,210,45.7142857142857
17,3512,229,401,57.1072319201995
17,3513,348,480,72.5
17,3514,142,401,35.4114713216958
17,3515,213,503,42.3459244532803
17,3516,234,415,56.3855421686747
17,3517,280,315,88.8888888888889
17,3518,178,265,67.1698113207547
17,3519,184,279,65.9498207885305
18,100,167,266,62.781954887218
18,201,258,394,65.4822335025381
18,202,504,617,81.6855753646678
18,203,401,455,88.1318681318681
18,300,496,600,82.6666666666667
18,400,392,484,80.9917355371901
18,500,260,379,68.6015831134565
18,600,511,630,81.1111111111111
18,700,483,641,75.3510140405616
18,800,589,715,82.3776223776224
18,900,512,770,66.4935064935065
18,1000,551,625,88.16
18,1100,536,635,84.4094488188976
18,1200,478,588,81.2925170068027
18,1300,440,533,82.5515947467167
18,1400,568,702,80.911680911681
18,1500,395,494,79.9595141700405
18,1600,423,527,80.2656546489564
18,1700,343,430,79.7674418604651
18,1800,539,803,67.1232876712329
18,1901,478,588,81.2925170068027
18,1902,442,522,84.6743295019157
18,2001,433,553,78.3001808318264
18,2002,401,477,84.0670859538784
18,2100,359,481,74.6361746361746
18,2200,579,724,79.9723756906077
18,2301,287,372,77.1505376344086
18,2302,310,475,65.2631578947368
18,2303,243,377,64.4562334217507
18,2304,305,477,63.9412997903564
18,2305,313,571,54.816112084063
18,2306,382,501,76.24750499002
18,2307,349,500,69.8
18,2400,402,511,78.6692759295499
18,2500,672,787,85.3875476493011
18,2600,385,476,80.8823529411765
18,2700,487,645,75.5038759689922
18,2800,359,465,77.2043010752688
18,2900,289,478,60.4602510460251
18,3000,448,554,80.8664259927798
18,3100,441,566,77.9151943462898
18,3200,433,565,76.6371681415929
18,3300,385,501,76.8463073852295
18,3400,359,439,81.7767653758542
18,3500,384,488,78.688524590164
18,3600,483,598,80.7692307692308
18,3700,306,478,64.0167364016736
18,3800,511,608,84.046052631579
19,100,643,777,82.7541827541828
19,200,574,684,83.9181286549708
19,300,835,978,85.3783231083845
19,400,322,413,77.9661016949153
19,500,695,853,81.4771395076202
19,600,740,906,81.6777041942605
19,700,256,382,67.0157068062827
19,800,555,698,79.512893982808
19,900,421,519,81.1175337186898
19,1000,662,813,81.4268142681427
19,1100,271,352,76.9886363636364
19,1200,700,882,79.3650793650794
19,1300,807,1012,79.7430830039526
19,1400,402,557,72.1723518850987
19,1500,486,587,82.793867120954
19,1600,473,616,76.7857142857143
19,1700,454,553,82.0976491862568
19,1800,468,576,81.25
19,1900,405,533,75.984990619137
20,100,527,646,81.578947368421
20,200,490,607,80.7248764415156
20,300,473,668,70.808383233533
20,400,575,727,79.092159559835
20,500,314,455,69.010989010989
20,601,361,479,75.3653444676409
20,602,300,385,77.922077922078
20,603,335,427,78.4543325526932
20,604,324,404,80.1980198019802
20,700,290,425,68.235294117647
20,800,446,605,73.7190082644628
20,900,518,660,78.4848484848485
20,1000,394,488,80.7377049180328
20,1100,549,674,81.454005934718
20,1200,486,625,77.76
20,1300,703,840,83.6904761904762
20,1401,242,361,67.0360110803324
20,1402,273,377,72.4137931034483
20,1403,259,377,68.7002652519894
20,1500,414,529,78.2608695652174
20,1600,484,603,80.2653399668325
21,100,697,884,78.8461538461538
21,200,430,540,79.6296296296296
21,300,316,434,72.8110599078341
21,400,499,650,76.7692307692308
21,500,386,502,76.8924302788845
21,600,633,794,79.7229219143577
21,700,287,372,77.1505376344086
21,800,321,440,72.9545454545455
21,900,290,401,72.3192019950125
21,1000,457,588,77.7210884353742
21,1100,466,642,72.5856697819315
21,1200,445,558,79.7491039426523
21,1300,456,551,82.7586206896552
21,1400,333,456,73.0263157894737
21,1500,409,514,79.5719844357977
21,1600,348,456,76.3157894736842
21,1701,249,511,48.7279843444227
21,1702,518,663,78.129713423831
21,1703,1065,1294,82.3029366306028
21,1704,356,496,71.7741935483871
21,1705,402,526,76.425855513308
21,1800,729,873,83.5051546391753
21,1901,258,447,57.7181208053691
21,1902,448,628,71.3375796178344
21,2000,412,552,74.6376811594203
21,2100,438,563,77.797513321492
21,2200,481,599,80.3005008347245
21,2300,345,441,78.2312925170068
21,2400,472,644,73.2919254658385
21,2500,443,578,76.643598615917
22,101,326,500,65.2
22,102,290,401,72.3192019950125
22,200,433,590,73.3898305084746
22,300,848,1149,73.8033072236728
22,400,360,508,70.8661417322835
22,500,501,653,76.7228177641654
22,600,477,613,77.8140293637847
22,700,639,881,72.5312145289444
22,800,788,1060,74.3396226415094
22,900,521,683,76.281112737921
22,1000,263,388,67.7835051546392
22,1100,372,483,77.0186335403727
22,1200,357,464,76.9396551724138
22,1300,299,377,79.3103448275862
22,1401,282,333,84.6846846846847
22,1402,311,417,74.5803357314149
22,1501,160,296,54.0540540540541
22,1502,283,467,60.5995717344754
22,1600,618,720,85.8333333333333
22,1700,248,331,74.9244712990937
22,1803,178,303,58.7458745874587
22,1804,185,357,51.8207282913165
22,1901,364,510,71.3725490196078
22,1902,240,352,68.1818181818182
22,1903,200,290,68.9655172413793
22,1904,246,298,82.5503355704698
22,2001,446,519,85.9344894026975
22,2002,317,380,83.421052631579
22,2100,305,372,81.989247311828
22,2200,275,341,80.6451612903226
22,2300,310,379,81.7941952506596
22,2400,326,374,87.1657754010695
22,2500,335,430,77.906976744186
22,77777,295,421,70.0712589073634
23,100,467,557,83.8420107719928
23,200,178,307,57.9804560260586
23,300,330,385,85.7142857142857
23,400,321,382,84.0314136125654
23,500,573,678,84.5132743362832
23,600,327,407,80.3439803439803
23,700,243,322,75.4658385093168
23,800,580,691,83.9363241678726
23,900,610,752,81.1170212765958
23,1000,647,832,77.764423076923
24,100,420,561,74.8663101604278
24,200,471,662,71.1480362537764
24,300,732,885,82.7118644067797
24,400,587,680,86.3235294117647
24,501,449,510,88.0392156862745
24,502,279,407,68.5503685503685
24,503,378,515,73.3980582524272
24,504,355,497,71.4285714285714
24,505,361,460,78.4782608695652
24,506,337,464,72.6293103448276
24,507,309,417,74.1007194244604
24,601,452,493,91.683569979716
24,602,305,400,76.25
24,700,390,508,76.771653543307
24,801,193,321,60.1246105919003
24,802,224,372,60.2150537634409
24,803,297,417,71.2230215827338
24,804,243,485,50.1030927835052
24,805,132,303,43.5643564356436
24,806,231,368,62.7717391304348
24,901,407,467,87.152034261242
24,902,415,529,78.4499054820416
24,1001,427,462,92.4242424242424
24,1002,310,400,77.5
24,1003,470,667,70.4647676161919
24,1004,689,845,81.5384615384615
24,1005,392,505,77.6237623762376
24,1006,296,375,78.9333333333333
24,1007,246,403,61.0421836228288
24,1101,172,318,54.0880503144654
24,1102,304,444,68.4684684684685
24,1103,254,411,61.8004866180049
24,1104,242,361,67.0360110803324
24,1105,503,561,89.6613190730838
24,1106,383,434,88.2488479262673
24,1107,201,374,53.7433155080214
24,1201,373,491,75.9674134419552
24,1202,325,404,80.4455445544555
24,1203,399,461,86.5509761388286
24,1204,415,508,81.6929133858268
24,1300,665,792,83.9646464646465
24,1400,525,716,73.3240223463687
24,1500,556,673,82.6151560178306
24,1600,400,469,85.2878464818763
25,100,458,610,75.0819672131148
25,200,964,1136,84.8591549295775
25,300,372,529,70.3213610586011
25,400,340,422,80.5687203791469
25,500,650,732,88.7978142076503
25,600,195,346,56.3583815028902
25,700,346,522,66.2835249042146
25,800,387,493,78.498985801217
25,900,352,484,72.7272727272727
25,1000,343,433,79.2147806004619
25,1100,327,468,69.8717948717949
25,1200,267,424,62.9716981132076
25,1300,347,401,86.5336658354115
25,1400,365,433,84.2956120092379
25,1500,372,453,82.1192052980132
25,1600,259,383,67.6240208877285
25,1700,259,432,59.9537037037037
25,1800,372,476,78.1512605042017
25,1900,310,543,57.0902394106814
25,2000,386,455,84.8351648351648
25,2100,402,511,78.6692759295499
25,2200,438,515,85.0485436893204
25,2300,337,599,56.2604340567613
25,2400,346,401,86.284289276808
25,2500,290,395,73.4177215189873
25,2600,351,404,86.8811881188119
25,2700,472,753,62.6826029216467
25,2800,319,431,74.0139211136891
25,2900,165,304,54.2763157894737
25,3000,217,374,58.0213903743316
25,3100,166,365,45.4794520547945
25,3200,207,470,44.0425531914894
25,3301,104,360,28.8888888888889
25,3302,230,609,37.7668308702791
25,3303,117,378,30.9523809523810
25,3304,192,413,46.4891041162228
25,3305,282,448,62.9464285714286
25,3400,426,602,70.7641196013289
25,3500,351,432,81.25
25,3600,331,386,85.7512953367876
25,3700,375,461,81.3449023861171
25,3800,281,445,63.1460674157303
25,3900,498,600,83
25,4000,268,393,68.1933842239186
25,4100,457,535,85.4205607476636
25,4200,289,373,77.4798927613941
25,4300,327,397,82.367758186398
25,4400,264,477,55.3459119496855
25,4500,497,738,67.3441734417344
25,4600,521,585,89.0598290598291
25,4700,384,467,82.2269807280514
25,4800,583,685,85.1094890510949
26,100,590,707,83.4512022630834
26,200,516,634,81.3880126182965
26,300,597,684,87.280701754386
26,400,1037,1187,87.363100252738
26,500,995,1105,90.0452488687783
26,600,840,945,88.8888888888889
26,700,1055,1195,88.2845188284519
26,800,700,839,83.4326579261025
26,900,655,796,82.286432160804
26,1000,792,982,80.6517311608961
26,1100,1216,1432,84.9162011173184
26,1200,527,637,82.7315541601256
26,1300,370,546,67.7655677655678
26,1401,413,496,83.266129032258
26,1402,311,360,86.3888888888889
26,1403,295,386,76.4248704663213
26,1500,595,707,84.1584158415842
26,1600,753,867,86.8512110726644
26,1700,664,765,86.797385620915
26,1800,233,375,62.1333333333333
26,1900,437,604,72.3509933774834
26,2000,687,810,84.8148148148148
26,2100,572,688,83.1395348837209
26,2200,207,322,64.2857142857143
26,2301,279,352,79.2613636363636
26,2302,915,1081,84.6438482886217
26,2400,621,799,77.7221526908636
26,2501,475,533,89.1181988742964
26,2502,556,657,84.627092846271
26,2503,356,506,70.3557312252965
26,2504,469,567,82.716049382716
26,2505,495,554,89.3501805054152
26,2506,394,552,71.3768115942029
26,2507,241,308,78.2467532467532
26,2508,280,346,80.9248554913295
26,2601,235,384,61.1979166666667
26,2602,696,842,82.6603325415677
26,2700,801,954,83.9622641509434
26,2800,487,613,79.4453507340946
26,2900,430,551,78.0399274047187
26,3000,704,822,85.6447688564477
26,3100,472,546,86.4468864468865
26,3200,196,352,55.6818181818182
26,3300,613,789,77.6932826362484
26,3400,579,638,90.7523510971787
26,3500,867,1008,86.0119047619048
26,3600,324,356,91.0112359550562
26,3701,115,342,33.6257309941521
26,3702,117,214,54.6728971962617
26,3703,136,196,69.3877551020408
26,3704,210,277,75.812274368231
26,3705,158,239,66.1087866108787
26,3706,132,219,60.2739726027397
26,3707,132,210,62.8571428571429
26,3708,218,305,71.4754098360656
26,3801,238,298,79.8657718120805
26,3802,513,618,83.0097087378641
26,3803,515,645,79.84496124031
26,3804,273,339,80.5309734513274
26,3805,365,454,80.3964757709251
26,3806,373,500,74.6
26,3807,323,398,81.1557788944724
26,3900,341,407,83.7837837837838
26,4000,382,454,84.1409691629956
26,4101,454,551,82.3956442831216
26,4102,373,495,75.3535353535353
26,4103,348,400,87
26,4104,412,436,94.4954128440367
27,100,791,919,86.0718171926006
27,200,606,708,85.593220338983
27,300,594,671,88.5245901639344
27,400,754,903,83.499446290144
27,500,1051,1193,88.0972338642079
27,600,670,767,87.3533246414602
27,700,790,911,86.7178924259056
27,800,662,787,84.1168996188056
27,900,951,1058,89.8865784499055
27,1001,453,480,94.375
27,1002,266,349,76.21776504298
27,1100,554,609,90.968801313629
27,1201,322,407,79.1154791154791
27,1202,192,238,80.672268907563
27,1203,368,408,90.1960784313726
27,1301,170,283,60.0706713780919
27,1302,176,350,50.2857142857143
27,1303,197,294,67.0068027210884
27,1401,293,337,86.9436201780415
27,1402,385,471,81.7409766454353
27,1403,201,264,76.1363636363636
27,1404,216,275,78.5454545454545
27,1405,231,319,72.4137931034483
27,1406,239,314,76.1146496815287
27,1501,271,417,64.9880095923261
27,1502,134,239,56.0669456066946
27,1601,227,267,85.0187265917603
27,1602,232,318,72.9559748427673
27,1700,606,679,89.2488954344625
27,1800,774,899,86.0956618464961
27,1900,669,779,85.8793324775353
27,2000,448,533,84.0525328330206
27,2100,570,643,88.646967340591
27,2200,543,642,84.5794392523365
27,2300,398,478,83.2635983263598
27,2400,584,674,86.646884272997
27,2500,793,942,84.1825902335457
28,100,435,519,83.8150289017341
28,200,300,415,72.289156626506
28,300,386,465,83.010752688172
28,400,454,578,78.5467128027682
28,500,326,447,72.930648769575
28,600,272,410,66.3414634146341
28,700,271,400,67.75
28,800,367,481,76.2993762993763
28,900,287,394,72.8426395939086
28,1000,353,456,77.4122807017544
28,1100,429,566,75.7950530035336
28,1200,348,431,80.7424593967517
28,1300,434,515,84.2718446601942
28,1400,385,627,61.4035087719298
28,1500,541,670,80.7462686567164
28,1600,342,457,74.835886214442
28,1700,475,593,80.1011804384486
28,1800,342,414,82.6086956521739
28,1900,337,458,73.5807860262009
28,2000,490,615,79.6747967479675
28,2100,389,464,83.8362068965517
28,2200,423,590,71.6949152542373
28,2300,378,475,79.578947368421
29,100,679,886,76.6365688487585
29,200,343,445,77.0786516853933
29,300,563,726,77.5482093663912
29,400,442,568,77.8169014084507
29,500,654,839,77.9499404052443
29,600,341,526,64.828897338403
29,700,591,747,79.1164658634538
29,800,606,762,79.5275590551181
29,901,617,747,82.5970548862115
29,902,629,769,81.7945383615084
29,1001,351,476,73.7394957983193
29,1002,150,336,44.6428571428571
29,1003,272,417,65.2278177458034
29,1004,253,367,68.9373297002725
29,1100,302,406,74.384236453202
29,1200,672,849,79.1519434628975
29,1300,480,630,76.1904761904762
29,1400,503,655,76.793893129771
29,1500,578,695,83.1654676258993
29,1601,656,717,91.4923291492329
29,1602,412,504,81.7460317460317
29,1701,275,361,76.1772853185596
29,1702,317,417,76.0191846522782
29,1703,349,494,70.6477732793522
29,1704,307,393,78.117048346056
29,1705,353,464,76.0775862068966
29,1706,350,398,87.9396984924623
29,1707,555,677,81.9793205317578
29,1708,376,441,85.2607709750567
29,1801,164,300,54.6666666666667
29,1802,176,399,44.1102756892231
29,1803,308,476,64.7058823529412
29,1900,621,711,87.3417721518987
29,2000,685,886,77.313769751693
29,2100,469,641,73.1669266770671
29,2200,402,539,74.582560296846
29,2300,528,658,80.243161094225
29,2400,742,894,82.9977628635347
29,2500,347,588,59.0136054421769
29,2600,580,756,76.7195767195767
29,2700,564,740,76.2162162162162
30,100,420,543,77.3480662983425
30,200,443,608,72.8618421052632
30,300,589,757,77.8071334214003
30,400,351,446,78.6995515695067
30,500,349,480,72.7083333333333
30,600,361,457,78.9934354485777
30,700,318,443,71.783295711061
31,100,522,694,75.2161383285303
31,200,829,1018,81.434184675835
31,300,406,520,78.0769230769231
31,400,463,580,79.8275862068966
31,500,477,605,78.8429752066116
31,600,686,842,81.4726840855107
31,701,410,487,84.1889117043121
31,702,297,390,76.1538461538461
31,801,251,400,62.75
31,802,295,374,78.8770053475936
31,901,333,448,74.3303571428571
31,902,302,385,78.4415584415584
31,903,142,239,59.4142259414226
31,904,181,283,63.9575971731449
32,100,661,828,79.8309178743961
32,200,450,808,55.6930693069307
32,300,511,655,78.0152671755725
32,400,489,649,75.346687211094
32,501,580,848,68.3962264150943
32,502,261,423,61.7021276595745
32,503,343,507,67.6528599605523
32,504,215,565,38.0530973451327
32,505,480,693,69.2640692640693
32,506,552,697,79.196556671449
32,507,438,572,76.5734265734266
32,508,284,504,56.3492063492063
32,509,183,449,40.7572383073497
32,510,533,797,66.8757841907152
32,511,805,1079,74.6061167747915
33,100,562,697,80.6312769010043
33,200,416,495,84.040404040404
33,300,328,432,75.9259259259259
33,400,433,543,79.7421731123389
33,500,451,558,80.8243727598566
33,600,437,488,89.5491803278689
33,700,274,316,86.7088607594937
33,800,186,346,53.757225433526
33,900,254,354,71.7514124293785
33,1000,339,370,91.6216216216216
33,1100,413,509,81.139489194499
34,101,299,441,67.8004535147392
34,102,537,640,83.90625
34,200,443,530,83.5849056603774
34,301,212,347,61.0951008645533
34,302,268,411,65.2068126520681
34,303,266,444,59.9099099099099
34,304,487,674,72.2551928783383
34,305,589,673,87.518573551263
34,306,512,568,90.1408450704225
34,400,109,335,32.5373134328358
34,501,242,431,56.1484918793503
34,502,540,664,81.3253012048193
34,601,156,480,32.5
34,602,144,334,43.1137724550898
34,701,170,394,43.1472081218274
34,702,144,446,32.2869955156951
34,703,193,408,47.3039215686275
34,800,537,610,88.032786885246
34,901,585,712,82.1629213483146
34,902,513,651,78.8018433179724
34,903,239,411,58.1508515815085
34,904,372,501,74.251497005988
34,905,366,539,67.9035250463822
34,1001,483,558,86.5591397849462
34,1002,520,633,82.1484992101106
34,1101,388,546,71.062271062271
34,1102,515,590,87.2881355932203
34,1103,360,512,70.3125
34,1104,411,485,84.7422680412371
34,1105,353,418,84.4497607655502
34,1201,964,1069,90.177736202058
34,1202,660,744,88.7096774193548
34,1203,554,703,78.805120910384
34,1301,110,369,29.8102981029810
34,1302,126,344,36.6279069767442
34,1401,280,432,64.8148148148148
34,1402,147,354,41.5254237288136
34,1403,434,543,79.926335174954
34,1404,319,471,67.728237791932
34,1501,419,493,84.9898580121704
34,1502,395,498,79.3172690763052
34,1503,338,424,79.7169811320755
34,1504,371,459,80.8278867102397
34,1600,592,682,86.8035190615836
34,1700,463,554,83.5740072202166
34,1800,92,310,29.6774193548387
34,1901,393,542,72.5092250922509
34,1902,363,482,75.311203319502
34,1903,313,405,77.283950617284
34,2001,452,552,81.8840579710145
34,2002,539,659,81.7905918057663
34,2003,578,678,85.2507374631269
34,2101,263,418,62.9186602870813
34,2102,409,587,69.6763202725724
34,2103,487,595,81.8487394957983
34,2104,407,483,84.2650103519669
34,2201,452,537,84.171322160149
34,2202,823,969,84.9329205366357
34,2301,481,667,72.1139430284858
34,2302,446,560,79.6428571428571
34,2400,499,655,76.1832061068702
35,100,315,404,77.970297029703
35,200,407,502,81.0756972111554
35,300,424,551,76.950998185118
35,400,555,727,76.3411279229711
35,500,627,728,86.1263736263736
35,601,516,673,76.6716196136701
35,602,271,420,64.5238095238095
35,603,376,498,75.5020080321285
35,604,251,432,58.1018518518518
35,605,299,366,81.6939890710383
35,700,244,327,74.6177370030581
35,800,349,447,78.076062639821
35,900,433,594,72.8956228956229
35,1000,318,437,72.7688787185355
35,1100,311,384,80.9895833333333
36,100,568,701,81.0271041369472
36,200,825,1059,77.9036827195467
36,300,574,734,78.2016348773842
36,401,818,994,82.2937625754527
36,402,399,626,63.738019169329
36,500,634,853,74.3259085580305
36,600,502,623,80.577849117175
36,700,269,540,49.8148148148148
36,801,505,606,83.3333333333333
36,802,408,527,77.4193548387097
36,803,516,649,79.5069337442219
36,804,606,734,82.5613079019074
36,901,175,342,51.1695906432749
36,902,188,408,46.078431372549
36,1001,403,490,82.2448979591837
36,1002,413,517,79.8839458413926
36,1003,437,523,83.5564053537285
36,1004,523,664,78.7650602409639
36,1005,334,403,82.87841191067
36,1100,449,572,78.4965034965035
36,1200,582,703,82.7880512091038
36,1300,504,619,81.421647819063
36,1401,348,616,56.4935064935065
36,1402,181,407,44.4717444717445
36,1501,391,480,81.4583333333333
36,1502,326,473,68.9217758985201
36,1601,355,448,79.2410714285714
36,1602,342,445,76.8539325842697
36,1603,337,396,85.1010101010101
36,1604,518,681,76.064610866373
36,1605,577,690,83.6231884057971
36,1700,525,719,73.0180806675939
36,1800,596,747,79.7858099062918
36,1900,762,963,79.1277258566978
36,2000,495,624,79.326923076923
36,2100,461,612,75.3267973856209
36,2201,442,522,84.6743295019157
36,2202,280,388,72.1649484536082
36,2300,513,710,72.2535211267606
36,2401,175,375,46.6666666666667
36,2402,602,816,73.7745098039216
36,2500,518,630,82.2222222222222
36,2601,547,642,85.202492211838
36,2602,343,548,62.5912408759124
36,2700,443,574,77.177700348432
36,2800,785,977,80.3480040941658
36,2900,954,1214,78.5831960461285
36,3000,662,850,77.8823529411765
36,3101,340,444,76.5765765765766
36,3102,438,588,74.4897959183673
36,3201,430,532,80.827067669173
36,3202,403,551,73.1397459165154
36,3301,272,362,75.1381215469613
36,3302,288,378,76.1904761904762
36,3303,311,400,77.75
36,3400,319,594,53.7037037037037
36,3501,379,429,88.3449883449883
36,3502,373,489,76.278118609407
36,3503,444,587,75.6388415672913
36,3504,260,350,74.2857142857143
36,3505,351,610,57.5409836065574
36,3506,333,376,88.563829787234
36,3601,376,447,84.1163310961969
36,3602,361,495,72.9292929292929
36,3701,135,362,37.292817679558
36,3702,169,391,43.2225063938619
36,3703,183,343,53.3527696793003
36,3704,125,351,35.6125356125356
36,3705,35,395,8.86075949367089
36,3706,33,317,10.4100946372240
36,3707,16,334,4.79041916167665
36,3708,22,324,6.79012345679012
36,3709,122,469,26.0127931769723
36,3710,32,358,8.93854748603352
36,3801,58,552,10.5072463768116
36,3802,55,351,15.6695156695157
36,3803,47,370,12.7027027027027
36,3804,30,357,8.40336134453782
36,3805,357,939,38.0191693290735
36,3806,270,792,34.0909090909091
36,3807,151,601,25.1247920133111
36,3808,207,666,31.0810810810811
36,3809,85,564,15.0709219858156
36,3810,163,564,28.9007092198582
36,3901,423,483,87.5776397515528
36,3902,323,425,76
36,3903,350,517,67.6982591876209
36,4001,99,447,22.1476510067114
36,4002,65,324,20.0617283950617
36,4003,86,373,23.0563002680965
36,4004,141,426,33.0985915492958
36,4005,176,422,41.7061611374408
36,4006,86,400,21.5
36,4007,76,318,23.8993710691824
36,4008,102,382,26.7015706806283
36,4009,377,573,65.7940663176265
36,4010,134,366,36.6120218579235
36,4011,55,291,18.9003436426117
36,4012,130,397,32.7455919395466
36,4013,217,473,45.877378435518
36,4014,165,448,36.8303571428571
36,4015,131,468,27.991452991453
36,4016,220,479,45.9290187891441
36,4017,253,608,41.6118421052632
36,4018,101,370,27.2972972972973
36,4101,160,609,26.2725779967159
36,4102,197,410,48.0487804878049
36,4103,421,733,57.4351978171896
36,4104,333,454,73.3480176211454
36,4105,445,537,82.8677839851024
36,4106,251,483,51.9668737060041
36,4107,99,318,31.1320754716981
36,4108,232,464,50
36,4109,124,397,31.2342569269521
36,4110,309,606,50.990099009901
36,4111,215,408,52.6960784313725
36,4112,342,612,55.8823529411765
36,4113,243,336,72.3214285714286
36,4114,135,311,43.4083601286174
36,4201,470,556,84.5323741007194
36,4202,455,522,87.1647509578544
36,4203,321,344,93.313953488372
36,4204,322,378,85.1851851851852
36,4205,349,384,90.8854166666667
36,4206,221,323,68.421052631579
36,4207,343,369,92.9539295392954
36,4208,338,365,92.6027397260274
36,4209,320,330,96.969696969697
36,4210,308,354,87.0056497175141
36,4211,279,315,88.5714285714286
36,4212,296,372,79.5698924731183
36,4301,656,718,91.3649025069638
36,4302,407,449,90.6458797327394
36,4303,342,372,91.9354838709677
36,4304,498,573,86.9109947643979
36,4305,323,382,84.5549738219895
36,4306,277,355,78.0281690140845
36,4307,302,347,87.0317002881844
36,4308,326,386,84.4559585492228
36,4309,236,284,83.0985915492958
36,4310,313,356,87.9213483146067
36,4311,278,330,84.2424242424242
36,4312,251,310,80.9677419354839
37,100,651,831,78.3393501805054
37,201,439,539,81.4471243042672
37,202,356,542,65.6826568265683
37,300,434,525,82.6666666666667
37,400,741,962,77.027027027027
37,500,418,537,77.8398510242086
37,600,535,670,79.8507462686567
37,700,471,613,76.8352365415987
37,800,763,935,81.6042780748663
37,901,250,412,60.6796116504854
37,902,233,370,62.972972972973
37,903,208,354,58.7570621468927
37,904,229,429,53.3799533799534
37,905,506,660,76.6666666666667
37,1000,788,973,80.9866392600206
37,1100,815,1083,75.2539242843952
37,1200,451,562,80.2491103202847
37,1300,474,616,76.948051948052
37,1400,620,720,86.1111111111111
37,1500,468,581,80.5507745266781
37,1601,212,412,51.4563106796116
37,1602,361,555,65.045045045045
37,1700,731,937,78.0149413020278
37,1800,520,825,63.030303030303
37,1900,541,635,85.1968503937008
37,2000,453,579,78.2383419689119
37,2100,478,572,83.5664335664336
37,2200,499,627,79.585326953748
37,2300,452,591,76.4805414551607
37,2400,542,695,77.9856115107914
37,2500,403,523,77.055449330784
37,2601,321,603,53.2338308457711
37,2602,490,740,66.2162162162162
37,2701,389,536,72.5746268656716
37,2702,551,664,82.9819277108434
37,2703,576,651,88.4792626728111
37,2801,335,560,59.8214285714286
37,2802,312,450,69.3333333333333
37,2900,552,739,74.6955345060893
37,3000,631,819,77.045177045177
37,3100,498,704,70.7386363636364
37,3200,444,600,74
37,3300,360,469,76.7590618336887
37,3400,448,626,71.5654952076677
37,3500,380,561,67.7361853832442
37,3600,273,462,59.0909090909091
37,3700,437,635,68.8188976377953
37,3800,337,453,74.39293598234
37,3900,676,852,79.3427230046948
37,4000,952,1269,75.0197005516154
37,4100,506,622,81.3504823151125
37,4200,377,582,64.7766323024055
37,4300,429,625,68.64
37,4400,468,670,69.8507462686567
37,4500,596,756,78.8359788359788
37,4600,398,617,64.5056726094003
37,4700,463,576,80.3819444444444
37,4800,505,659,76.6312594840668
38,100,419,504,83.1349206349206
38,200,678,844,80.3317535545024
38,300,485,608,79.7697368421053
38,400,259,397,65.2392947103275
38,500,336,447,75.1677852348993
39,100,465,551,84.3920145190563
39,201,605,719,84.144645340751
39,202,553,696,79.4540229885057
39,301,234,361,64.819944598338
39,302,302,409,73.838630806846
39,303,190,345,55.072463768116
39,400,700,869,80.5523590333717
39,501,359,509,70.5304518664047
39,502,574,643,89.2690513219285
39,601,426,520,81.9230769230769
39,602,375,560,66.9642857142857
39,603,267,392,68.1122448979592
39,604,393,513,76.608187134503
39,605,477,551,86.5698729582577
39,606,181,368,49.1847826086957
39,607,187,416,44.9519230769231
39,608,204,382,53.4031413612565
39,609,319,455,70.1098901098901
39,610,254,403,63.0272952853598
39,611,275,394,69.7969543147208
39,612,397,485,81.8556701030928
39,701,377,473,79.7040169133192
39,702,351,425,82.5882352941177
39,703,403,443,90.9706546275395
39,800,311,411,75.669099756691
39,901,514,613,83.8499184339315
39,902,346,460,75.2173913043478
39,903,252,366,68.8524590163934
39,904,351,437,80.3203661327231
39,1000,467,612,76.3071895424837
39,1101,386,444,86.9369369369369
39,1102,367,487,75.3593429158111
39,1103,369,450,82
39,1201,233,368,63.3152173913043
39,1202,253,388,65.2061855670103
39,1300,579,673,86.0326894502229
39,1400,411,520,79.0384615384615
39,1500,629,768,81.9010416666667
39,1600,637,748,85.1604278074866
39,1700,566,724,78.1767955801105
39,1800,461,601,76.7054908485857
39,1900,489,638,76.6457680250784
39,2000,375,484,77.4793388429752
39,2100,413,522,79.1187739463602
39,2201,462,581,79.5180722891566
39,2202,399,561,71.1229946524064
39,2203,449,556,80.7553956834532
39,2300,364,450,80.8888888888889
39,2400,569,741,76.7881241565452
39,2500,608,770,78.961038961039
39,2600,432,528,81.8181818181818
39,2700,588,682,86.217008797654
39,2800,429,542,79.1512915129151
39,2900,647,807,80.1734820322181
39,3001,354,461,76.7895878524946
39,3002,462,596,77.51677852349
39,3101,290,405,71.604938271605
39,3102,363,523,69.4072657743786
39,3103,252,369,68.2926829268293
39,3104,417,601,69.3843594009983
39,3105,262,537,48.7895716945996
39,3106,193,382,50.5235602094241
39,3107,231,395,58.4810126582278
39,3108,362,498,72.6907630522088
39,3109,317,463,68.4665226781858
39,3200,479,602,79.5681063122924
39,3300,448,573,78.1849912739965
39,3400,438,578,75.7785467128028
39,3500,395,517,76.4023210831721
39,3600,410,560,73.2142857142857
39,3700,327,427,76.5807962529274
39,3800,389,520,74.8076923076923
39,3900,482,636,75.7861635220126
39,4000,298,527,56.5464895635674
39,4101,353,448,78.7946428571429
39,4102,361,462,78.1385281385281
39,4103,497,664,74.8493975903614
39,4200,611,735,83.1292517006803
39,4301,393,519,75.7225433526011
39,4302,560,721,77.6699029126214
39,4401,366,428,85.5140186915888
39,4402,470,568,82.7464788732394
39,4403,407,572,71.1538461538462
39,4404,375,437,85.812356979405
39,4501,190,404,47.029702970297
39,4502,229,378,60.5820105820106
39,4503,120,351,34.1880341880342
39,4601,335,412,81.3106796116505
39,4602,429,528,81.25
39,4700,322,450,71.5555555555555
39,4800,381,504,75.595238095238
40,100,577,708,81.497175141243
40,200,487,627,77.6714513556619
40,300,387,508,76.1811023622047
40,400,695,935,74.331550802139
40,500,737,955,77.17277486911
40,600,872,1132,77.0318021201414
40,700,693,880,78.75
40,800,715,928,77.0474137931034
40,900,760,964,78.8381742738589
40,1000,447,524,85.3053435114504
40,1100,804,1293,62.1809744779582
40,1200,571,680,83.9705882352941
40,1301,674,1034,65.183752417795
40,1302,574,798,71.9298245614035
40,1400,667,874,76.3157894736842
40,1500,382,536,71.2686567164179
40,1600,545,685,79.5620437956204
40,1700,486,591,82.233502538071
41,100,477,648,73.6111111111111
41,200,450,591,76.1421319796954
41,300,398,548,72.6277372262774
41,400,398,529,75.2362948960302
41,500,593,792,74.8737373737374
41,600,596,847,70.3659976387249
41,701,503,602,83.5548172757475
41,702,579,887,65.2762119503946
41,800,508,690,73.6231884057971
41,900,539,773,69.7283311772316
41,1000,369,471,78.343949044586
41,1101,371,602,61.6279069767442
41,1102,425,547,77.6965265082267
41,1200,509,660,77.1212121212121
41,1301,271,399,67.9197994987469
41,1302,269,403,66.7493796526055
41,1303,260,421,61.7577197149644
41,1304,328,578,56.7474048442907
41,1305,298,501,59.4810379241517
41,1306,293,435,67.3563218390805
41,1307,331,389,85.0899742930591
41,1308,337,475,70.9473684210526
41,1309,347,446,77.8026905829596
41,1310,338,487,69.4045174537988
41,1311,405,585,69.2307692307692
41,1312,359,495,72.5252525252525
41,1313,265,408,64.9509803921569
42,100,197,312,63.1410256410256
42,200,608,737,82.4966078697422
42,300,852,1004,84.8605577689243
42,400,538,659,81.638846737481
42,500,724,895,80.8938547486034
42,600,741,895,82.7932960893855
42,700,302,369,81.8428184281843
42,801,233,363,64.1873278236915
42,802,642,789,81.3688212927757
42,901,277,430,64.4186046511628
42,902,377,462,81.6017316017316
42,903,721,871,82.7784156142365
42,1000,549,679,80.8541973490427
42,1100,472,580,81.3793103448276
42,1200,887,1132,78.356890459364
42,1300,435,581,74.8709122203098
42,1400,729,872,83.6009174311927
42,1500,620,770,80.5194805194805
42,1600,561,661,84.8714069591528
42,1701,163,336,48.5119047619048
42,1702,194,344,56.3953488372093
42,1703,279,399,69.9248120300752
42,1801,550,650,84.6153846153846
42,1802,303,408,74.264705882353
42,1803,380,496,76.6129032258064
42,1804,483,690,70
42,1805,328,425,77.1764705882353
42,1806,335,392,85.4591836734694
42,1807,411,546,75.2747252747253
42,1900,746,902,82.7050997782705
42,2001,422,515,81.9417475728155
42,2002,549,713,76.9985974754558
42,2101,352,435,80.919540229885
42,2102,472,603,78.2752902155887
42,2103,337,414,81.4009661835749
42,2201,550,662,83.0815709969789
42,2202,434,553,78.4810126582278
42,2300,492,630,78.0952380952381
42,2400,744,943,78.897136797455
42,2501,592,746,79.3565683646113
42,2502,500,608,82.2368421052632
42,2600,388,521,74.4721689059501
42,2700,804,966,83.2298136645963
42,2801,445,559,79.6064400715563
42,2802,338,425,79.5294117647059
42,2900,380,477,79.664570230608
42,3001,276,430,64.1860465116279
42,3002,439,565,77.6991150442478
42,3101,365,473,77.1670190274841
42,3102,574,689,83.3091436865022
42,3201,378,450,84
42,3202,621,742,83.6927223719676
42,3203,278,378,73.5449735449735
42,3301,364,529,68.8090737240076
42,3302,364,478,76.1506276150628
42,3303,461,571,80.7355516637478
42,3401,476,638,74.6081504702194
42,3402,703,829,84.8009650180941
42,3500,677,815,83.0674846625767
42,3600,160,289,55.363321799308
42,3701,444,559,79.427549194991
42,3702,375,446,84.0807174887892
42,3801,287,414,69.3236714975845
42,3802,505,584,86.472602739726
42,3901,602,714,84.3137254901961
42,3902,437,492,88.8211382113821
42,3903,333,413,80.6295399515738
42,3904,234,337,69.4362017804154
42,4001,299,358,83.5195530726257
42,4002,475,601,79.0349417637271
42,4003,484,585,82.7350427350427
42,4004,259,362,71.5469613259668
42,4005,291,366,79.5081967213115
42,4006,292,383,76.2402088772846
42,4101,305,406,75.1231527093596
42,4102,205,300,68.3333333333333
42,4103,189,249,75.9036144578313
42,4104,257,352,73.0113636363636
42,4105,225,341,65.9824046920821
42,4106,245,391,62.6598465473146
42,4107,119,246,48.3739837398374
42,4108,163,296,55.0675675675676
42,4109,201,419,47.9713603818616
42,4110,206,301,68.43853820598
42,4111,189,318,59.433962264151
42,4201,338,425,79.5294117647059
42,4202,367,509,72.1021611001965
42,4203,329,459,71.677559912854
42,4204,320,376,85.1063829787234
42,4301,433,522,82.9501915708812
42,4302,453,561,80.7486631016043
42,4303,483,585,82.5641025641026
44,100,223,554,40.2527075812274
44,200,454,621,73.1078904991949
44,300,348,482,72.1991701244813
44,400,449,715,62.7972027972028
44,500,433,587,73.7649063032368
44,600,562,715,78.6013986013986
44,700,427,516,82.7519379844961
45,100,638,798,79.9498746867168
45,201,746,1064,70.1127819548872
45,202,556,677,82.1270310192024
45,301,296,440,67.2727272727273
45,302,550,661,83.2072617246596
45,400,413,528,78.219696969697
45,500,668,860,77.6744186046512
45,600,436,548,79.5620437956204
45,700,597,747,79.9196787148594
45,800,465,594,78.2828282828283
45,900,523,655,79.8473282442748
45,1001,387,512,75.5859375
45,1002,456,539,84.6011131725417
45,1100,249,438,56.8493150684932
45,1200,734,982,74.745417515275
45,1300,642,801,80.1498127340824
45,1400,366,484,75.6198347107438
45,1500,868,1096,79.1970802919708
45,1600,505,688,73.4011627906977
45,1700,283,402,70.3980099502487
45,1800,581,762,76.246719160105
45,1900,524,685,76.4963503649635
45,2000,515,652,78.9877300613497
45,2101,458,764,59.9476439790576
45,2102,579,711,81.4345991561182
45,2200,423,555,76.2162162162162
45,2300,367,510,71.9607843137255
46,100,250,346,72.2543352601156
46,200,270,363,74.3801652892562
46,300,449,569,78.9103690685413
46,400,438,545,80.3669724770642
46,500,428,565,75.7522123893805
46,600,414,515,80.3883495145631
46,700,228,341,66.8621700879765
47,100,688,898,76.6146993318486
47,200,572,679,84.241531664212
47,300,394,561,70.2317290552585
47,400,554,665,83.3082706766917
47,501,381,484,78.7190082644628
47,502,420,487,86.2422997946612
47,600,719,908,79.1850220264317
47,700,433,554,78.158844765343
47,801,378,444,85.1351351351351
47,802,389,506,76.8774703557312
47,900,551,708,77.8248587570621
47,1000,329,454,72.4669603524229
47,1100,389,483,80.5383022774327
47,1200,417,522,79.8850574712644
47,1301,764,899,84.9833147942158
47,1302,381,493,77.2819472616633
47,1400,470,802,58.6034912718205
47,1500,413,508,81.2992125984252
47,1600,486,591,82.233502538071
47,1700,497,670,74.179104477612
47,1800,383,616,62.1753246753247
47,1900,547,665,82.2556390977444
47,2000,415,516,80.4263565891473
47,2100,478,624,76.6025641025641
47,2201,363,549,66.120218579235
47,2202,290,429,67.5990675990676
47,2203,390,572,68.1818181818182
47,2204,197,396,49.7474747474747
47,2205,312,425,73.4117647058823
47,2300,649,862,75.2900232018561
47,2400,599,684,87.5730994152047
47,2500,464,588,78.9115646258503
47,2600,496,621,79.8711755233494
47,2700,494,608,81.25
47,2800,538,669,80.4185351270553
47,2900,359,480,74.7916666666667
47,3000,474,594,79.7979797979798
47,3101,303,594,51.010101010101
47,3102,333,473,70.4016913319239
47,3103,227,352,64.4886363636364
47,3104,206,353,58.356940509915
47,3105,181,257,70.4280155642023
47,3201,563,665,84.6616541353384
47,3202,419,476,88.0252100840336
48,100,819,1040,78.75
48,200,296,472,62.7118644067797
48,300,396,505,78.4158415841584
48,400,565,728,77.6098901098901
48,501,210,399,52.6315789473684
48,502,459,590,77.7966101694915
48,600,729,899,81.0901001112347
48,700,398,551,72.2323049001815
48,800,548,721,76.005547850208
48,900,461,612,75.3267973856209
48,1000,611,815,74.9693251533742
48,1100,435,583,74.6140651801029
48,1200,645,791,81.5423514538559
48,1300,499,703,70.981507823613
48,1400,598,795,75.2201257861635
48,1500,414,505,81.980198019802
48,1600,405,486,83.3333333333333
48,1700,405,560,72.3214285714286
48,1800,528,633,83.4123222748815
48,1900,615,782,78.6445012787724
48,2000,571,672,84.9702380952381
48,2101,704,845,83.3136094674556
48,2102,685,876,78.1963470319635
48,2103,364,491,74.1344195519348
48,2104,303,412,73.5436893203884
48,2201,848,1056,80.3030303030303
48,2202,775,1145,67.6855895196507
48,2301,149,321,46.417445482866
48,2302,250,572,43.7062937062937
48,2303,281,397,70.7808564231738
48,2304,399,657,60.730593607306
48,2305,306,536,57.089552238806
48,2306,425,663,64.1025641025641
48,2307,243,385,63.1168831168831
48,2308,390,570,68.421052631579
48,2309,264,366,72.1311475409836
48,2310,257,343,74.9271137026239
48,2311,346,720,48.0555555555556
48,2312,332,472,70.3389830508475
48,2313,285,397,71.7884130982368
48,2314,493,599,82.3038397328882
48,2315,471,734,64.1689373297003
48,2400,461,567,81.305114638448
48,2501,305,532,57.3308270676692
48,2502,270,415,65.0602409638554
48,2503,565,867,65.1672433679354
48,2504,577,778,74.1645244215938
48,2505,268,530,50.5660377358491
48,2506,578,733,78.8540245566166
48,2507,435,596,72.986577181208
48,2508,401,497,80.6841046277666
48,2509,659,774,85.142118863049
48,2510,307,425,72.235294117647
48,2511,537,627,85.645933014354
48,2600,455,567,80.246913580247
48,2700,618,786,78.6259541984733
48,2800,542,680,79.7058823529412
48,2900,366,521,70.2495201535509
48,3000,349,462,75.5411255411255
48,3100,438,556,78.7769784172662
48,3200,355,468,75.8547008547009
48,3300,350,463,75.5939524838013
48,3400,360,459,78.4313725490196
48,3501,272,384,70.8333333333333
48,3502,217,393,55.2162849872774
48,3503,235,361,65.0969529085873
48,3504,554,676,81.9526627218935
48,3505,339,492,68.9024390243902
48,3600,653,807,80.9169764560099
48,3701,353,490,72.0408163265306
48,3702,276,423,65.2482269503546
48,3703,214,312,68.5897435897436
48,3801,192,368,52.1739130434783
48,3802,518,656,78.9634146341463
48,3900,488,619,78.8368336025848
48,4000,308,554,55.5956678700361
48,4100,488,642,76.01246105919
48,4200,470,569,82.6010544815466
48,4300,276,414,66.6666666666667
48,4400,421,536,78.544776119403
48,4501,486,635,76.5354330708661
48,4502,680,805,84.472049689441
48,4503,457,543,84.1620626151013
48,4601,157,325,48.3076923076923
48,4602,259,411,63.0170316301703
48,4603,257,491,52.3421588594705
48,4604,216,576,37.5
48,4605,230,395,58.2278481012658
48,4606,281,428,65.6542056074766
48,4607,275,618,44.4983818770227
48,4608,295,411,71.7761557177616
48,4609,198,344,57.5581395348837
48,4610,205,378,54.2328042328042
48,4611,207,338,61.2426035502959
48,4612,251,457,54.9234135667396
48,4613,143,372,38.4408602150538
48,4614,422,555,76.036036036036
48,4615,268,365,73.4246575342466
48,4616,302,476,63.4453781512605
48,4617,666,754,88.3289124668435
48,4618,515,651,79.1090629800307
48,4619,511,622,82.1543408360129
48,4620,326,418,77.9904306220096
48,4621,611,692,88.2947976878613
48,4622,379,496,76.4112903225807
48,4623,399,614,64.9837133550488
48,4624,285,423,67.3758865248227
48,4625,277,446,62.1076233183856
48,4701,867,990,87.5757575757576
48,4702,499,611,81.6693944353519
48,4801,388,493,78.7018255578093
48,4802,442,526,84.0304182509506
48,4901,314,482,65.1452282157676
48,4902,531,651,81.5668202764977
48,5000,385,486,79.2181069958848
48,5100,553,682,81.0850439882698
48,5201,590,723,81.6044260027662
48,5202,427,580,73.6206896551724
48,5301,295,631,46.7511885895404
48,5302,228,593,38.4485666104553
48,5303,443,711,62.3066104078762
48,5304,458,740,61.8918918918919
48,5401,755,909,83.058305830583
48,5402,392,536,73.134328358209
48,5500,691,843,81.9691577698695
48,5601,174,310,56.1290322580645
48,5602,217,330,65.7575757575758
48,5603,232,323,71.8266253869969
48,5604,269,432,62.2685185185185
48,5605,353,520,67.8846153846154
48,5606,424,599,70.7846410684474
48,5607,370,680,54.4117647058823
48,5608,298,414,71.9806763285024
48,5609,464,572,81.1188811188811
48,5610,564,665,84.812030075188
48,5611,368,529,69.5652173913043
48,5700,488,622,78.4565916398714
48,5800,560,694,80.6916426512968
48,5900,360,491,73.3197556008147
48,6000,414,591,70.0507614213198
48,6100,370,469,78.8912579957356
48,6200,367,480,76.4583333333333
48,6301,254,398,63.819095477387
48,6302,427,611,69.885433715221
48,6400,293,411,71.2895377128954
48,6500,295,394,74.8730964467005
48,6600,242,335,72.2388059701493
48,6701,268,334,80.2395209580838
48,6702,252,306,82.3529411764706
48,6703,292,380,76.8421052631579
48,6704,310,394,78.6802030456853
48,6800,360,504,71.4285714285714
48,6900,521,683,76.281112737921
49,100,677,839,80.6912991656734
49,200,567,715,79.3006993006993
49,301,426,507,84.0236686390533
49,302,341,388,87.8865979381443
49,400,576,698,82.5214899713467
49,501,362,682,53.0791788856305
49,502,359,408,87.9901960784314
49,503,304,380,80
49,504,334,462,72.2943722943723
49,505,263,345,76.231884057971
49,506,295,366,80.6010928961749
49,507,351,418,83.9712918660287
49,601,352,458,76.8558951965066
49,602,155,299,51.8394648829431
49,603,532,613,86.7862969004894
49,700,853,1046,81.548757170172
50,100,453,598,75.752508361204
50,200,586,705,83.1205673758865
50,300,494,606,81.5181518151815
50,400,495,613,80.7504078303426
51,100,479,859,55.7625145518044
51,200,332,628,52.8662420382166
51,301,561,773,72.5743855109961
51,302,533,753,70.7835325365206
51,303,645,763,84.5347313237221
51,304,464,575,80.695652173913
51,305,834,1052,79.277566539924
51,400,457,593,77.0657672849916
51,501,556,658,84.4984802431611
51,502,494,645,76.5891472868217
51,600,1160,1377,84.241103848947
51,700,728,990,73.5353535353535
51,800,473,565,83.716814159292
51,900,487,633,76.9352290679305
51,1000,486,726,66.9421487603306
51,1100,647,844,76.6587677725119
51,1200,447,834,53.5971223021583
51,1300,860,1194,72.0268006700168
51,1400,1039,1251,83.0535571542766
51,1500,512,584,87.6712328767123
51,1600,325,496,65.5241935483871
51,1700,484,560,86.4285714285714
51,1800,757,978,77.4028629856851
51,1900,626,798,78.4461152882206
51,2000,399,689,57.9100145137881
51,2100,357,532,67.1052631578947
51,2200,644,787,81.8297331639136
51,2300,502,686,73.1778425655977
51,2400,486,698,69.6275071633238
51,2500,349,475,73.4736842105263
51,2600,491,633,77.567140600316
51,2700,478,600,79.6666666666667
51,2801,354,499,70.9418837675351
51,2802,397,577,68.8041594454073
51,2803,503,620,81.1290322580645
51,2900,500,936,53.4188034188034
51,3000,633,788,80.3299492385787
51,3100,655,875,74.8571428571429
51,3200,442,596,74.1610738255034
51,3300,452,560,80.7142857142857
51,3400,406,528,76.8939393939394
51,3500,417,549,75.9562841530055
53,100,501,734,68.2561307901907
53,200,1038,1325,78.3396226415094
53,300,604,818,73.838630806846
53,400,697,908,76.762114537445
53,500,540,832,64.9038461538462
53,601,382,475,80.421052631579
53,602,411,551,74.5916515426497
53,700,447,639,69.9530516431925
53,800,595,781,76.1843790012804
53,901,228,306,74.5098039215686
53,902,259,373,69.4369973190349
53,1001,312,517,60.348162475822
53,1002,416,584,71.2328767123288
53,1003,372,445,83.5955056179775
53,1004,373,439,84.9658314350797
53,1005,449,556,80.7553956834532
53,1100,438,595,73.6134453781513
53,1201,355,434,81.7972350230415
53,1202,269,422,63.7440758293839
53,1300,565,865,65.3179190751445
53,1401,559,762,73.3595800524934
53,1402,558,698,79.9426934097421
53,1403,245,387,63.3074935400517
53,1404,336,424,79.245283018868
53,1500,611,773,79.0426908150065
53,1600,566,721,78.502080443828
53,1701,413,515,80.1941747572816
53,1702,302,440,68.6363636363636
53,1801,338,557,60.6822262118492
53,1802,273,451,60.5321507760532
53,1803,179,510,35.0980392156863
53,1804,212,375,56.5333333333333
53,1805,284,424,66.9811320754717
53,1900,304,462,65.8008658008658
53,2001,394,518,76.061776061776
53,2002,416,599,69.449081803005
53,2003,383,458,83.6244541484716
53,2004,294,412,71.3592233009709
53,2005,260,415,62.6506024096386
53,2006,274,412,66.504854368932
53,2007,271,400,67.75
53,2008,401,517,77.5628626692456
53,2009,497,548,90.6934306569343
53,2101,362,431,83.9907192575406
53,2102,430,497,86.5191146881288
53,2200,329,575,57.2173913043478
54,100,585,742,78.8409703504043
54,200,530,670,79.1044776119403
54,300,381,533,71.4821763602251
54,400,726,904,80.3097345132743
54,500,433,548,79.014598540146
54,600,610,769,79.3237971391417
54,700,361,492,73.3739837398374
54,800,911,1175,77.531914893617
54,900,442,558,79.2114695340502
54,1000,317,384,82.5520833333333
54,1100,378,469,80.5970149253731
54,1200,411,531,77.4011299435028
55,100,1253,1454,86.1760660247593
55,200,166,262,63.3587786259542
55,300,358,448,79.9107142857143
55,400,1284,1526,84.1415465268676
55,500,523,642,81.4641744548287
55,600,1620,1914,84.6394984326019
55,700,1240,1472,84.2391304347826
55,800,896,1070,83.7383177570094
55,900,282,369,76.4227642276423
55,1000,960,1152,83.3333333333333
55,1100,318,552,57.6086956521739
55,1200,772,935,82.566844919786
55,1300,1132,1313,86.2147753236862
55,1400,1368,1621,84.392350400987
55,1500,1042,1303,79.9693016116654
55,1600,528,627,84.2105263157895
55,1700,574,693,82.8282828282828
55,1800,324,418,77.511961722488
55,1900,413,527,78.3681214421252
55,2001,212,401,52.8678304239402
55,2002,171,308,55.5194805194805
55,2003,83,261,31.8007662835249
55,2004,247,383,64.490861618799
55,2101,248,331,74.9244712990937
55,2102,420,631,66.5610142630745
55,2201,345,406,84.975369458128
55,2202,320,363,88.1542699724518
55,2203,223,315,70.7936507936508
55,2300,537,648,82.8703703703704
55,2400,419,524,79.9618320610687
55,2500,385,467,82.441113490364
56,100,402,519,77.4566473988439
56,200,414,549,75.4098360655738
56,300,535,688,77.7616279069768
56,400,302,433,69.7459584295612
