"state","year","quarter","HPI_not_seasonally_adjusted","HPI_seasonally_adjusted"
"AK",2000,1,132.19,132.78
"AK",2000,2,136.82,135.43
"AK",2000,3,137.79,136.41
"AK",2000,4,136.43,137.1
"AK",2001,1,139.45,139.98
"AK",2001,2,143.79,142.6
"AK",2001,3,146.39,144.78
"AK",2001,4,147.71,148.41
"AK",2002,1,148.51,148.91
"AK",2002,2,152.39,151.44
"AK",2002,3,157.31,155.52
"AK",2002,4,156.01,156.61
"AK",2003,1,160.51,160.91
"AK",2003,2,162.8,161.94
"AK",2003,3,166.94,165
"AK",2003,4,170.12,170.75
"AK",2004,1,173.28,173.74
"AK",2004,2,178,176.99
"AK",2004,3,184.98,182.86
"AK",2004,4,187.52,188.2
"AK",2005,1,192.65,193.44
"AK",2005,2,197.98,196.43
"AK",2005,3,206.28,203.97
"AK",2005,4,207.02,207.98
"AK",2006,1,211.3,212.42
"AK",2006,2,218.65,216.35
"AK",2006,3,219.42,217.07
"AK",2006,4,218.65,219.88
"AK",2007,1,221.09,222.55
"AK",2007,2,228.24,225.24
"AK",2007,3,227.01,224.64
"AK",2007,4,222.53,224.1
"AK",2008,1,219.35,220.87
"AK",2008,2,226.04,222.7
"AK",2008,3,226.03,223.75
"AK",2008,4,223.06,224.79
"AK",2009,1,229.8,231.45
"AL",2000,1,140.09,139.66
"AL",2000,2,141.56,140.43
"AL",2000,3,141.85,141.13
"AL",2000,4,141.69,141.41
"AL",2001,1,143.68,143.28
"AL",2001,2,145.61,144.49
"AL",2001,3,146.04,145.19
"AL",2001,4,146.6,146.33
"AL",2002,1,147.8,147.45
"AL",2002,2,149.66,148.55
"AL",2002,3,150.56,149.55
"AL",2002,4,152.55,152.3
"AL",2003,1,153.3,153
"AL",2003,2,155.8,154.67
"AL",2003,3,158.45,157.27
"AL",2003,4,158,157.78
"AL",2004,1,159.17,158.93
"AL",2004,2,162.65,161.45
"AL",2004,3,166.16,164.85
"AL",2004,4,166.97,166.76
"AL",2005,1,170.16,170.01
"AL",2005,2,173.89,172.51
"AL",2005,3,177.29,175.83
"AL",2005,4,181.05,180.91
"AL",2006,1,185.79,185.72
"AL",2006,2,190.62,188.95
"AL",2006,3,193.39,191.77
"AL",2006,4,194.77,194.72
"AL",2007,1,196.36,196.37
"AL",2007,2,200.87,198.96
"AL",2007,3,200.43,198.73
"AL",2007,4,198.78,198.83
"AL",2008,1,197.75,197.83
"AL",2008,2,199.48,197.47
"AL",2008,3,197.71,195.98
"AL",2008,4,192.85,192.98
"AL",2009,1,193.07,193.2
"AR",2000,1,136.84,137.02
"AR",2000,2,139.72,139.18
"AR",2000,3,140.27,139.81
"AR",2000,4,140.67,140.74
"AR",2001,1,142.34,142.57
"AR",2001,2,143.67,143.16
"AR",2001,3,145.27,144.73
"AR",2001,4,145.76,145.78
"AR",2002,1,146.65,147
"AR",2002,2,150.1,149.57
"AR",2002,3,151.2,150.56
"AR",2002,4,152.38,152.37
"AR",2003,1,154.44,154.94
"AR",2003,2,156.88,156.29
"AR",2003,3,159.89,159.16
"AR",2003,4,160.9,160.86
"AR",2004,1,164.02,164.65
"AR",2004,2,166.97,166.32
"AR",2004,3,169.99,169.16
"AR",2004,4,172.31,172.23
"AR",2005,1,174.37,175.15
"AR",2005,2,177.56,176.85
"AR",2005,3,181.76,180.83
"AR",2005,4,184.52,184.39
"AR",2006,1,185.63,186.57
"AR",2006,2,190.12,189.35
"AR",2006,3,191.86,190.84
"AR",2006,4,192.22,192.02
"AR",2007,1,191.65,192.75
"AR",2007,2,195.85,195.02
"AR",2007,3,196.26,195.19
"AR",2007,4,194.73,194.46
"AR",2008,1,189.98,191.2
"AR",2008,2,192.02,191.15
"AR",2008,3,189.99,188.94
"AR",2008,4,188.42,188.1
"AR",2009,1,186.5,187.85
"AZ",2000,1,148.73,149.13
"AZ",2000,2,151.17,150.79
"AZ",2000,3,152.05,152.11
"AZ",2000,4,154.68,154.89
"AZ",2001,1,156.76,157.22
"AZ",2001,2,160.19,159.79
"AZ",2001,3,161.88,162.03
"AZ",2001,4,164.56,164.63
"AZ",2002,1,165.68,166.28
"AZ",2002,2,169.31,168.91
"AZ",2002,3,172.1,172.09
"AZ",2002,4,175.41,175.54
"AZ",2003,1,178.84,179.69
"AZ",2003,2,183.27,182.83
"AZ",2003,3,186.44,185.99
"AZ",2003,4,192.12,192.6
"AZ",2004,1,197.59,198.74
"AZ",2004,2,206.01,205.39
"AZ",2004,3,216.99,215.84
"AZ",2004,4,226.88,228.17
"AZ",2005,1,241.66,243.24
"AZ",2005,2,266.48,265.25
"AZ",2005,3,287.72,285.5
"AZ",2005,4,297.43,300.41
"AZ",2006,1,309.81,311.59
"AZ",2006,2,317.44,315.38
"AZ",2006,3,314.19,311.41
"AZ",2006,4,316.1,320.62
"AZ",2007,1,315.38,316.82
"AZ",2007,2,314.95,312.24
"AZ",2007,3,309.18,306.33
"AZ",2007,4,289.15,294.34
"AZ",2008,1,279.88,280.79
"AZ",2008,2,268.9,266.1
"AZ",2008,3,251.77,249.55
"AZ",2008,4,229.77,234.36
"AZ",2009,1,225.44,226.02
"CA",2000,1,110.73,110.74
"CA",2000,2,114.85,113.94
"CA",2000,3,118.56,117.69
"CA",2000,4,122.26,122.23
"CA",2001,1,126.38,126.39
"CA",2001,2,130.9,129.93
"CA",2001,3,133.9,132.83
"CA",2001,4,136.34,136.3
"CA",2002,1,140.87,140.93
"CA",2002,2,147.74,146.71
"CA",2002,3,154.64,153.26
"CA",2002,4,159.22,159.19
"CA",2003,1,165.12,165.31
"CA",2003,2,172.2,170.98
"CA",2003,3,179.83,178.09
"CA",2003,4,187.63,187.67
"CA",2004,1,196.66,197.03
"CA",2004,2,209.98,208.36
"CA",2004,3,224.21,221.95
"CA",2004,4,232.27,232.39
"CA",2005,1,243.71,244.38
"CA",2005,2,257.93,255.73
"CA",2005,3,269.67,266.84
"CA",2005,4,273.74,274.03
"CA",2006,1,276,276.95
"CA",2006,2,278.92,276.32
"CA",2006,3,273.58,270.59
"CA",2006,4,267.18,267.59
"CA",2007,1,263.94,265.02
"CA",2007,2,261.5,258.89
"CA",2007,3,249.03,246.21
"CA",2007,4,229.83,230.32
"CA",2008,1,210.14,211.07
"CA",2008,2,195.5,193.47
"CA",2008,3,183.99,181.85
"CA",2008,4,170.89,171.29
"CA",2009,1,163.6,164.38
"CO",2000,1,199.82,199.51
"CO",2000,2,206.52,204.67
"CO",2000,3,212.58,210.63
"CO",2000,4,216.49,216.39
"CO",2001,1,222.57,222.32
"CO",2001,2,228.03,225.88
"CO",2001,3,229.93,227.81
"CO",2001,4,229.18,229.06
"CO",2002,1,233.6,233.55
"CO",2002,2,236.63,234.21
"CO",2002,3,238.75,236.5
"CO",2002,4,239.39,239.24
"CO",2003,1,240.06,240.34
"CO",2003,2,243.42,240.68
"CO",2003,3,244.67,242.29
"CO",2003,4,245.12,244.95
"CO",2004,1,246.45,247.13
"CO",2004,2,254.25,251.1
"CO",2004,3,256.15,253.47
"CO",2004,4,255.11,255.02
"CO",2005,1,259.8,261.02
"CO",2005,2,266.14,262.42
"CO",2005,3,267.82,264.75
"CO",2005,4,270.92,271.12
"CO",2006,1,270.76,272.51
"CO",2006,2,277.8,273.37
"CO",2006,3,278.76,275.28
"CO",2006,4,278.17,278.83
"CO",2007,1,277.19,279.36
"CO",2007,2,283.78,278.7
"CO",2007,3,281.9,278.15
"CO",2007,4,274.32,275.43
"CO",2008,1,270.67,273.01
"CO",2008,2,279.17,273.77
"CO",2008,3,275.02,271.18
"CO",2008,4,265.09,266.51
"CO",2009,1,265.96,268.38
"CT",2000,1,109.69,110.55
"CT",2000,2,114.25,113.57
"CT",2000,3,116.29,115.02
"CT",2000,4,117.9,117.85
"CT",2001,1,119.79,120.83
"CT",2001,2,124.5,123.75
"CT",2001,3,128.82,127.31
"CT",2001,4,129.91,129.83
"CT",2002,1,131.79,133.11
"CT",2002,2,138.36,137.45
"CT",2002,3,143.01,141.26
"CT",2002,4,146.46,146.41
"CT",2003,1,148.41,149.97
"CT",2003,2,153.3,152.26
"CT",2003,3,158.38,156.3
"CT",2003,4,159.83,159.99
"CT",2004,1,162.3,164
"CT",2004,2,170.82,169.45
"CT",2004,3,177.42,175.1
"CT",2004,4,178.6,179.16
"CT",2005,1,182.09,183.73
"CT",2005,2,189.57,187.85
"CT",2005,3,194.25,191.86
"CT",2005,4,194.37,195.34
"CT",2006,1,195.49,196.98
"CT",2006,2,199.85,197.71
"CT",2006,3,199.15,196.94
"CT",2006,4,196.02,197.36
"CT",2007,1,197.83,198.99
"CT",2007,2,200.12,197.81
"CT",2007,3,199.7,197.64
"CT",2007,4,196.26,197.8
"CT",2008,1,191.2,192.21
"CT",2008,2,194.38,191.98
"CT",2008,3,190.51,188.59
"CT",2008,4,183.18,184.81
"CT",2009,1,182.59,183.45
"DC",2000,1,130.35,129.92
"DC",2000,2,135.83,133.81
"DC",2000,3,138.62,135.43
"DC",2000,4,136.34,137.7
"DC",2001,1,146.04,145.63
"DC",2001,2,151.08,148.78
"DC",2001,3,161.19,157.44
"DC",2001,4,164.18,165.67
"DC",2002,1,171.47,171.31
"DC",2002,2,184.52,181.59
"DC",2002,3,192.9,188.45
"DC",2002,4,197.08,198.54
"DC",2003,1,196.78,196.89
"DC",2003,2,214.67,211.39
"DC",2003,3,222.58,217.31
"DC",2003,4,227.43,228.79
"DC",2004,1,248.58,248.91
"DC",2004,2,260.84,257.39
"DC",2004,3,265.16,258.24
"DC",2004,4,292.5,294.73
"DC",2005,1,285.56,285.15
"DC",2005,2,314.49,311.43
"DC",2005,3,342.79,333.24
"DC",2005,4,332.4,335.32
"DC",2006,1,332.32,330.72
"DC",2006,2,334.99,333.12
"DC",2006,3,351.36,341.24
"DC",2006,4,340.69,343.44
"DC",2007,1,358.72,356.22
"DC",2007,2,361.59,360.76
"DC",2007,3,364.45,354.08
"DC",2007,4,345.75,347.68
"DC",2008,1,352.24,349.79
"DC",2008,2,336.19,335.79
"DC",2008,3,340.21,330.97
"DC",2008,4,339.65,340.82
"DC",2009,1,298.41,296.32
"DE",2000,1,115.37,114.9
"DE",2000,2,116.3,116.14
"DE",2000,3,118.78,117.58
"DE",2000,4,121.7,121.18
"DE",2001,1,124.42,124.06
"DE",2001,2,125.97,125.76
"DE",2001,3,129.29,128.03
"DE",2001,4,132.16,131.43
"DE",2002,1,133.52,133.32
"DE",2002,2,138.04,137.74
"DE",2002,3,143.39,142
"DE",2002,4,145.23,144.34
"DE",2003,1,147.41,147.3
"DE",2003,2,151.74,151.44
"DE",2003,3,156.2,154.6
"DE",2003,4,160.79,159.78
"DE",2004,1,166.08,166.05
"DE",2004,2,171.45,171.06
"DE",2004,3,180.09,178.22
"DE",2004,4,184.28,183.25
"DE",2005,1,187.53,187.33
"DE",2005,2,196.52,196.13
"DE",2005,3,203.62,201.53
"DE",2005,4,209.15,208.18
"DE",2006,1,214.5,213.98
"DE",2006,2,214.44,213.98
"DE",2006,3,219.43,217.31
"DE",2006,4,220.14,219.37
"DE",2007,1,216.19,215.23
"DE",2007,2,221.56,221.16
"DE",2007,3,222.39,220.34
"DE",2007,4,218.12,217.55
"DE",2008,1,216.95,215.71
"DE",2008,2,211.4,211.05
"DE",2008,3,208.03,206.18
"DE",2008,4,202.38,201.92
"DE",2009,1,209.96,208.59
"FL",2000,1,131.56,131.13
"FL",2000,2,133.96,133.5
"FL",2000,3,136.88,136.27
"FL",2000,4,139.62,139.39
"FL",2001,1,143.27,142.9
"FL",2001,2,146.96,146.43
"FL",2001,3,151.3,150.59
"FL",2001,4,154.65,154.35
"FL",2002,1,158.34,158.04
"FL",2002,2,163.33,162.71
"FL",2002,3,167.97,167.13
"FL",2002,4,172.85,172.48
"FL",2003,1,178.04,177.8
"FL",2003,2,183.56,182.84
"FL",2003,3,189.45,188.48
"FL",2003,4,195.62,195.18
"FL",2004,1,203.25,203.04
"FL",2004,2,213.83,212.96
"FL",2004,3,225.77,224.64
"FL",2004,4,236.23,235.63
"FL",2005,1,250.13,249.88
"FL",2005,2,267.31,266.27
"FL",2005,3,283.52,282.13
"FL",2005,4,294.41,293.61
"FL",2006,1,302.37,301.95
"FL",2006,2,306.25,305.26
"FL",2006,3,307.02,305.5
"FL",2006,4,306.87,305.99
"FL",2007,1,304.63,304.03
"FL",2007,2,302.13,301.38
"FL",2007,3,289.75,288.3
"FL",2007,4,278.03,277.22
"FL",2008,1,259.99,259.32
"FL",2008,2,241.67,241.23
"FL",2008,3,227.78,226.65
"FL",2008,4,209.82,209.18
"FL",2009,1,201.66,201.08
"GA",2000,1,144.26,144.27
"GA",2000,2,147.39,146.76
"GA",2000,3,149.43,148.81
"GA",2000,4,151.21,150.93
"GA",2001,1,153.16,153.16
"GA",2001,2,155.77,155.11
"GA",2001,3,157.27,156.62
"GA",2001,4,158.78,158.44
"GA",2002,1,160.72,160.79
"GA",2002,2,161.48,160.8
"GA",2002,3,163.93,163.19
"GA",2002,4,165.73,165.37
"GA",2003,1,166.93,167.11
"GA",2003,2,168.62,167.87
"GA",2003,3,170.23,169.33
"GA",2003,4,170.57,170.24
"GA",2004,1,171.4,171.8
"GA",2004,2,174.71,173.76
"GA",2004,3,176.77,175.72
"GA",2004,4,178.02,177.8
"GA",2005,1,179.48,180.15
"GA",2005,2,184.49,183.12
"GA",2005,3,187.5,186.34
"GA",2005,4,190.22,190.23
"GA",2006,1,191.43,192.41
"GA",2006,2,195.22,193.26
"GA",2006,3,196.91,195.46
"GA",2006,4,197.02,197.82
"GA",2007,1,197.74,198.66
"GA",2007,2,201.97,199.45
"GA",2007,3,199.32,197.57
"GA",2007,4,195.31,197.11
"GA",2008,1,192.21,192.73
"GA",2008,2,194.16,191.49
"GA",2008,3,189.1,187.08
"GA",2008,4,175.1,177.72
"GA",2009,1,176.93,176.82
"HI",2000,1,89.71,89.44
"HI",2000,2,89.12,89.1
"HI",2000,3,91.06,91.05
"HI",2000,4,93.72,93.88
"HI",2001,1,96.79,96.65
"HI",2001,2,99.64,99.76
"HI",2001,3,100.35,100.1
"HI",2001,4,103.65,103.73
"HI",2002,1,103.8,103.96
"HI",2002,2,108.64,108.8
"HI",2002,3,113.15,112.54
"HI",2002,4,114.02,114.12
"HI",2003,1,120.4,120.94
"HI",2003,2,120.7,120.79
"HI",2003,3,130.95,129.86
"HI",2003,4,138.12,138.59
"HI",2004,1,143.48,144.16
"HI",2004,2,154.46,154.44
"HI",2004,3,165.91,164.44
"HI",2004,4,168.07,168.9
"HI",2005,1,179.09,179.84
"HI",2005,2,192.74,192.47
"HI",2005,3,203.51,201.89
"HI",2005,4,209.02,210.29
"HI",2006,1,215.09,215.79
"HI",2006,2,213.67,212.92
"HI",2006,3,212.51,211.58
"HI",2006,4,212.25,213.17
"HI",2007,1,216.83,217.62
"HI",2007,2,219.32,218.13
"HI",2007,3,218.11,217.88
"HI",2007,4,214.77,215.25
"HI",2008,1,212.33,213.2
"HI",2008,2,214.64,213.24
"HI",2008,3,212.72,213.06
"HI",2008,4,215.89,215.78
"HI",2009,1,203,204.13
"IA",2000,1,153.88,153.81
"IA",2000,2,156.2,154.87
"IA",2000,3,158.56,157.22
"IA",2000,4,158.2,157.67
"IA",2001,1,159.45,159.44
"IA",2001,2,162.42,161.09
"IA",2001,3,163.52,162.05
"IA",2001,4,164.13,163.56
"IA",2002,1,164.68,164.75
"IA",2002,2,167.84,166.47
"IA",2002,3,170.02,168.44
"IA",2002,4,171.14,170.51
"IA",2003,1,172.17,172.35
"IA",2003,2,174.68,173.21
"IA",2003,3,176.89,175.21
"IA",2003,4,177.28,176.62
"IA",2004,1,177.98,178.28
"IA",2004,2,182.13,180.53
"IA",2004,3,184.54,182.72
"IA",2004,4,186.26,185.59
"IA",2005,1,185.21,185.65
"IA",2005,2,191.82,190.06
"IA",2005,3,191.85,189.85
"IA",2005,4,192.43,191.79
"IA",2006,1,193.38,193.98
"IA",2006,2,197.91,196.03
"IA",2006,3,198.82,196.61
"IA",2006,4,198.08,197.47
"IA",2007,1,198.65,199.43
"IA",2007,2,201.83,199.84
"IA",2007,3,204.06,201.67
"IA",2007,4,201.38,200.79
"IA",2008,1,198.99,199.88
"IA",2008,2,201.44,199.44
"IA",2008,3,201.15,198.68
"IA",2008,4,198.71,198.15
"IA",2009,1,196.5,197.47
"ID",2000,1,151.03,150.72
"ID",2000,2,152.58,151.03
"ID",2000,3,151.71,149.89
"ID",2000,4,154.1,154.02
"ID",2001,1,155.54,155.31
"ID",2001,2,158,156.34
"ID",2001,3,159.48,157.44
"ID",2001,4,158.83,158.81
"ID",2002,1,159.83,159.72
"ID",2002,2,163.61,161.9
"ID",2002,3,165.19,162.85
"ID",2002,4,165.22,165.24
"ID",2003,1,167.28,167.41
"ID",2003,2,170.17,168.28
"ID",2003,3,174.62,172.02
"ID",2003,4,174.09,174.14
"ID",2004,1,177.01,177.34
"ID",2004,2,186.61,184.38
"ID",2004,3,192.91,190.01
"ID",2004,4,192.85,192.95
"ID",2005,1,201.76,202.3
"ID",2005,2,208.79,205.99
"ID",2005,3,219.67,216.49
"ID",2005,4,226.84,227.18
"ID",2006,1,234.68,235.12
"ID",2006,2,248,244.49
"ID",2006,3,251.78,248.29
"ID",2006,4,255.46,256.17
"ID",2007,1,257.4,257.56
"ID",2007,2,266.44,262.43
"ID",2007,3,267.04,263.58
"ID",2007,4,262.25,263.32
"ID",2008,1,262.25,261.98
"ID",2008,2,260.8,256.84
"ID",2008,3,255.03,251.82
"ID",2008,4,244.61,245.9
"ID",2009,1,245.97,245.42
"IL",2000,1,138.41,138.81
"IL",2000,2,141.8,140.83
"IL",2000,3,144.51,143.2
"IL",2000,4,145.55,145.4
"IL",2001,1,147.55,148.03
"IL",2001,2,151.82,150.71
"IL",2001,3,154.5,153.08
"IL",2001,4,155.37,155.24
"IL",2002,1,157.26,157.84
"IL",2002,2,161.85,160.57
"IL",2002,3,164.55,163.04
"IL",2002,4,166.57,166.45
"IL",2003,1,168,168.68
"IL",2003,2,173.47,172
"IL",2003,3,176.6,175.01
"IL",2003,4,178.41,178.31
"IL",2004,1,180.19,180.96
"IL",2004,2,185.76,184.08
"IL",2004,3,189.18,187.54
"IL",2004,4,190.4,190.3
"IL",2005,1,192.65,193.52
"IL",2005,2,198.87,196.95
"IL",2005,3,202.43,200.72
"IL",2005,4,204.24,204.18
"IL",2006,1,206.14,207.12
"IL",2006,2,210.94,208.75
"IL",2006,3,211.76,210.01
"IL",2006,4,211.2,211.18
"IL",2007,1,212.92,214.02
"IL",2007,2,215.14,212.75
"IL",2007,3,213.26,211.52
"IL",2007,4,210.86,210.89
"IL",2008,1,206.49,207.63
"IL",2008,2,208.68,206.25
"IL",2008,3,204.76,203.11
"IL",2008,4,198.67,198.7
"IL",2009,1,193.3,194.44
"IN",2000,1,140.85,140.78
"IN",2000,2,141.87,140.98
"IN",2000,3,143.17,142.18
"IN",2000,4,142.81,142.32
"IN",2001,1,143.77,143.72
"IN",2001,2,145.63,144.67
"IN",2001,3,146.17,145.08
"IN",2001,4,147.61,147.18
"IN",2002,1,147.88,147.95
"IN",2002,2,149.37,148.26
"IN",2002,3,150.32,149.11
"IN",2002,4,149.97,149.6
"IN",2003,1,151.13,151.41
"IN",2003,2,153.24,151.93
"IN",2003,3,154.57,153.16
"IN",2003,4,155.38,155.14
"IN",2004,1,155.1,155.59
"IN",2004,2,159.57,158.06
"IN",2004,3,160.23,158.52
"IN",2004,4,159.77,159.75
"IN",2005,1,160.22,160.89
"IN",2005,2,163.97,162.31
"IN",2005,3,164.82,162.7
"IN",2005,4,165.83,166.23
"IN",2006,1,165.07,165.76
"IN",2006,2,168.52,166.79
"IN",2006,3,170.17,167.59
"IN",2006,4,167.29,168.17
"IN",2007,1,167.85,168.42
"IN",2007,2,171.13,169.43
"IN",2007,3,171.5,168.51
"IN",2007,4,166.44,167.82
"IN",2008,1,166.42,166.77
"IN",2008,2,166.95,165.36
"IN",2008,3,167.68,164.51
"IN",2008,4,159.66,161.32
"IN",2009,1,161.58,161.76
"KS",2000,1,148.56,148.94
"KS",2000,2,151.23,150.37
"KS",2000,3,153.16,152.12
"KS",2000,4,152.19,152.42
"KS",2001,1,154.24,154.74
"KS",2001,2,158.17,157.12
"KS",2001,3,159.46,158.38
"KS",2001,4,160.59,160.87
"KS",2002,1,160.79,161.46
"KS",2002,2,164.27,162.96
"KS",2002,3,165.94,164.89
"KS",2002,4,166.09,166.37
"KS",2003,1,167.2,168.01
"KS",2003,2,170.12,168.58
"KS",2003,3,172.72,171.72
"KS",2003,4,173.07,173.36
"KS",2004,1,174.09,175.03
"KS",2004,2,179.39,177.59
"KS",2004,3,179.5,178.56
"KS",2004,4,180.37,180.64
"KS",2005,1,181.94,183.05
"KS",2005,2,186.3,184.25
"KS",2005,3,186.43,185.49
"KS",2005,4,187.54,187.87
"KS",2006,1,189.68,190.94
"KS",2006,2,192.95,190.67
"KS",2006,3,195.27,194.29
"KS",2006,4,195.45,195.81
"KS",2007,1,195.62,197.03
"KS",2007,2,201.3,198.83
"KS",2007,3,199.8,198.74
"KS",2007,4,198.85,199.27
"KS",2008,1,196.49,197.98
"KS",2008,2,200.96,198.46
"KS",2008,3,198.99,197.86
"KS",2008,4,195.91,196.34
"KS",2009,1,194.7,196.26
"KY",2000,1,146.09,146.68
"KY",2000,2,147.78,147.54
"KY",2000,3,148.71,148.56
"KY",2000,4,149.69,149.92
"KY",2001,1,150.28,150.96
"KY",2001,2,152.89,152.59
"KY",2001,3,153.96,153.86
"KY",2001,4,155.18,155.34
"KY",2002,1,155.23,156.02
"KY",2002,2,158.48,158.16
"KY",2002,3,158.83,158.66
"KY",2002,4,160.97,161.15
"KY",2003,1,161.71,162.6
"KY",2003,2,164.99,164.64
"KY",2003,3,167.17,166.87
"KY",2003,4,168.42,168.69
"KY",2004,1,170.66,171.7
"KY",2004,2,172.62,172.21
"KY",2004,3,174.7,174.18
"KY",2004,4,176.12,176.59
"KY",2005,1,176.41,177.62
"KY",2005,2,180.37,179.84
"KY",2005,3,183.01,182.21
"KY",2005,4,183.2,183.88
"KY",2006,1,185.92,187.45
"KY",2006,2,188.14,187.38
"KY",2006,3,189.44,188.34
"KY",2006,4,188.52,189.45
"KY",2007,1,189.14,190.97
"KY",2007,2,193.36,192.34
"KY",2007,3,192.53,191.18
"KY",2007,4,191.83,192.95
"KY",2008,1,189.66,191.76
"KY",2008,2,193.87,192.63
"KY",2008,3,193.98,192.47
"KY",2008,4,189.23,190.45
"KY",2009,1,188.47,190.72
"LA",2000,1,153.5,153.34
"LA",2000,2,156.27,155.36
"LA",2000,3,156.95,155.92
"LA",2000,4,156.39,156.2
"LA",2001,1,158.37,158.19
"LA",2001,2,160.81,159.89
"LA",2001,3,162.9,161.83
"LA",2001,4,163.99,163.77
"LA",2002,1,163.85,163.64
"LA",2002,2,167.56,166.64
"LA",2002,3,169.4,168.28
"LA",2002,4,170.96,170.73
"LA",2003,1,173.89,173.67
"LA",2003,2,175.43,174.46
"LA",2003,3,178.45,177.29
"LA",2003,4,180.43,180.17
"LA",2004,1,182.57,182.34
"LA",2004,2,187.28,186.26
"LA",2004,3,190.05,188.83
"LA",2004,4,191.39,191.07
"LA",2005,1,194.26,194.03
"LA",2005,2,198.76,197.67
"LA",2005,3,202.23,200.97
"LA",2005,4,212.39,211.99
"LA",2006,1,218.04,217.78
"LA",2006,2,223,221.81
"LA",2006,3,227.29,225.87
"LA",2006,4,229.97,229.51
"LA",2007,1,232.1,231.86
"LA",2007,2,234.97,233.69
"LA",2007,3,237.73,236.25
"LA",2007,4,235.89,235.42
"LA",2008,1,234.37,234.14
"LA",2008,2,236.02,234.71
"LA",2008,3,233.79,232.33
"LA",2008,4,231.4,230.94
"LA",2009,1,230.45,230.25
"MA",2000,1,140.4,140.8
"MA",2000,2,148.1,146.29
"MA",2000,3,153.42,150.85
"MA",2000,4,157.72,156.88
"MA",2001,1,162.61,163.1
"MA",2001,2,170.07,168.02
"MA",2001,3,176.49,173.52
"MA",2001,4,179.08,178.14
"MA",2002,1,182.49,182.96
"MA",2002,2,192.26,189.94
"MA",2002,3,200.72,197.42
"MA",2002,4,204.06,203.07
"MA",2003,1,206.55,206.87
"MA",2003,2,214.4,211.83
"MA",2003,3,219.77,216.27
"MA",2003,4,224.82,223.94
"MA",2004,1,228.99,228.98
"MA",2004,2,236.5,233.59
"MA",2004,3,243.37,239.76
"MA",2004,4,244.31,243.62
"MA",2005,1,248.74,248.19
"MA",2005,2,255.96,252.75
"MA",2005,3,257.33,253.84
"MA",2005,4,254.99,254.6
"MA",2006,1,254.6,253.45
"MA",2006,2,252.43,249.13
"MA",2006,3,250.17,247.21
"MA",2006,4,243.68,243.53
"MA",2007,1,242.71,241.08
"MA",2007,2,245.81,242.58
"MA",2007,3,241.65,239.1
"MA",2007,4,237.58,237.56
"MA",2008,1,236.63,234.7
"MA",2008,2,232.69,229.56
"MA",2008,3,228.38,226.26
"MA",2008,4,225.42,225.43
"MA",2009,1,229.19,227.1
"MD",2000,1,115.44,115.18
"MD",2000,2,119.2,117.86
"MD",2000,3,121.48,120.02
"MD",2000,4,122.77,122.01
"MD",2001,1,125.14,125.09
"MD",2001,2,130.39,128.89
"MD",2001,3,134.23,132.36
"MD",2001,4,137.17,136.42
"MD",2002,1,140.03,140.14
"MD",2002,2,146.83,145.12
"MD",2002,3,152.82,150.44
"MD",2002,4,157.35,156.65
"MD",2003,1,159.04,159.25
"MD",2003,2,167.98,165.98
"MD",2003,3,175.21,172.32
"MD",2003,4,179.69,179.11
"MD",2004,1,186.63,186.81
"MD",2004,2,197.13,194.7
"MD",2004,3,208.61,205.19
"MD",2004,4,214.74,214.21
"MD",2005,1,224.37,224.43
"MD",2005,2,239.06,236.07
"MD",2005,3,249.92,245.9
"MD",2005,4,253.9,253.44
"MD",2006,1,259.97,259.79
"MD",2006,2,267.24,263.9
"MD",2006,3,266.4,262.22
"MD",2006,4,265.92,265.53
"MD",2007,1,268.75,268.33
"MD",2007,2,271.16,267.84
"MD",2007,3,269.63,265.47
"MD",2007,4,263.2,262.9
"MD",2008,1,253.98,253.35
"MD",2008,2,248.6,245.67
"MD",2008,3,243.51,239.78
"MD",2008,4,230,229.74
"MD",2009,1,228.55,227.88
"ME",2000,1,122.7,123.89
"ME",2000,2,128.95,129.1
"ME",2000,3,132.13,132.03
"ME",2000,4,134.26,134.97
"ME",2001,1,137.63,139.01
"ME",2001,2,142.38,142.57
"ME",2001,3,147.39,147.08
"ME",2001,4,149.18,150.15
"ME",2002,1,153.48,155
"ME",2002,2,159.78,159.98
"ME",2002,3,164.96,164.5
"ME",2002,4,167.36,168.59
"ME",2003,1,171.8,173.49
"ME",2003,2,176.46,176.6
"ME",2003,3,179.67,179.25
"ME",2003,4,188.54,189.89
"ME",2004,1,186.43,188.23
"ME",2004,2,197.84,197.97
"ME",2004,3,203.7,203.44
"ME",2004,4,206.95,208.24
"ME",2005,1,210.53,212.5
"ME",2005,2,217.63,217.85
"ME",2005,3,222.22,222.09
"ME",2005,4,222.73,224.03
"ME",2006,1,222.78,224.58
"ME",2006,2,224.86,225.43
"ME",2006,3,223.64,223.44
"ME",2006,4,224.06,225.46
"ME",2007,1,224.11,225.51
"ME",2007,2,226.62,227.63
"ME",2007,3,226.98,226.6
"ME",2007,4,227.11,228.74
"ME",2008,1,225.27,226.22
"ME",2008,2,221.54,222.93
"ME",2008,3,224.85,224.3
"ME",2008,4,216.99,218.72
"ME",2009,1,221.06,221.68
"MI",2000,1,166.57,166.67
"MI",2000,2,170.99,169.59
"MI",2000,3,173.67,172.01
"MI",2000,4,174.01,173.88
"MI",2001,1,176.1,176.28
"MI",2001,2,179.78,178.32
"MI",2001,3,182.43,180.61
"MI",2001,4,182.69,182.51
"MI",2002,1,183.89,184.2
"MI",2002,2,187.43,185.9
"MI",2002,3,189.54,187.57
"MI",2002,4,189.78,189.55
"MI",2003,1,191.01,191.52
"MI",2003,2,193.93,192.27
"MI",2003,3,196.81,194.67
"MI",2003,4,196.14,195.91
"MI",2004,1,197.09,197.83
"MI",2004,2,200.89,198.97
"MI",2004,3,202.43,200.18
"MI",2004,4,202.37,202.26
"MI",2005,1,201.92,202.85
"MI",2005,2,205.74,203.44
"MI",2005,3,206.45,204.12
"MI",2005,4,203.93,204.17
"MI",2006,1,199.93,200.82
"MI",2006,2,201.64,199.04
"MI",2006,3,200.35,198.08
"MI",2006,4,194.59,195.33
"MI",2007,1,190.87,191.5
"MI",2007,2,191.42,188.69
"MI",2007,3,184.83,182.71
"MI",2007,4,177.36,178.56
"MI",2008,1,172.78,173.04
"MI",2008,2,171.22,168.62
"MI",2008,3,165.45,163.56
"MI",2008,4,157.85,159.3
"MI",2009,1,161.93,161.91
"MN",2000,1,158.16,159.05
"MN",2000,2,164.55,163.33
"MN",2000,3,169.67,167.79
"MN",2000,4,172.11,172.63
"MN",2001,1,176.61,177.61
"MN",2001,2,183.86,182.47
"MN",2001,3,189.29,187.16
"MN",2001,4,189.83,190.45
"MN",2002,1,193.36,194.42
"MN",2002,2,201.28,199.77
"MN",2002,3,206.23,203.98
"MN",2002,4,208.1,208.69
"MN",2003,1,212.05,213.16
"MN",2003,2,218.32,216.76
"MN",2003,3,223.23,220.86
"MN",2003,4,224.81,225.36
"MN",2004,1,228.55,229.75
"MN",2004,2,234.97,233.23
"MN",2004,3,240.07,237.64
"MN",2004,4,240.92,241.5
"MN",2005,1,242.89,244.19
"MN",2005,2,249.44,247.34
"MN",2005,3,253.74,251.33
"MN",2005,4,252.94,253.73
"MN",2006,1,253.23,254.57
"MN",2006,2,257.48,254.92
"MN",2006,3,256.36,254.07
"MN",2006,4,253.17,254.34
"MN",2007,1,253.46,254.61
"MN",2007,2,256.43,253.67
"MN",2007,3,251.51,249.21
"MN",2007,4,244.61,246.22
"MN",2008,1,240.21,240.99
"MN",2008,2,238.99,236.43
"MN",2008,3,234.87,232.52
"MN",2008,4,225.29,227.21
"MN",2009,1,226.1,226.54
"MO",2000,1,142.89,143.25
"MO",2000,2,146.9,145.77
"MO",2000,3,148.16,147.03
"MO",2000,4,149.7,149.44
"MO",2001,1,150.78,151.14
"MO",2001,2,155.49,154.27
"MO",2001,3,157.27,156.07
"MO",2001,4,158.27,158.03
"MO",2002,1,159.29,159.66
"MO",2002,2,162.73,161.44
"MO",2002,3,165.02,163.75
"MO",2002,4,166.67,166.47
"MO",2003,1,168.79,169.15
"MO",2003,2,171.58,170.23
"MO",2003,3,175.05,173.64
"MO",2003,4,176.31,176.19
"MO",2004,1,178.76,179.12
"MO",2004,2,182.47,181.05
"MO",2004,3,184.71,183.04
"MO",2004,4,186.38,186.46
"MO",2005,1,187.17,187.57
"MO",2005,2,193.5,191.96
"MO",2005,3,196.18,194.13
"MO",2005,4,197.17,197.54
"MO",2006,1,199.53,200.09
"MO",2006,2,202.34,200.57
"MO",2006,3,204.28,201.84
"MO",2006,4,202.75,203.49
"MO",2007,1,204.49,205.19
"MO",2007,2,206.71,204.73
"MO",2007,3,207.45,204.66
"MO",2007,4,201.93,203.02
"MO",2008,1,197.04,197.8
"MO",2008,2,202.75,200.67
"MO",2008,3,200.84,197.92
"MO",2008,4,193.67,194.97
"MO",2009,1,195.67,196.47
"MS",2000,1,137.16,137.84
"MS",2000,2,139.88,139.66
"MS",2000,3,141.37,140.78
"MS",2000,4,140.2,140.75
"MS",2001,1,140.69,141.32
"MS",2001,2,143.09,142.99
"MS",2001,3,145.05,144.42
"MS",2001,4,144.78,145.33
"MS",2002,1,145.32,145.9
"MS",2002,2,145.62,145.59
"MS",2002,3,148.44,147.85
"MS",2002,4,150.05,150.55
"MS",2003,1,150.68,151.22
"MS",2003,2,151.92,151.91
"MS",2003,3,153.08,152.6
"MS",2003,4,153.05,153.48
"MS",2004,1,155.54,156.04
"MS",2004,2,158.06,158.04
"MS",2004,3,160.03,159.66
"MS",2004,4,159.88,160.24
"MS",2005,1,163.92,164.52
"MS",2005,2,166.49,166.31
"MS",2005,3,170.9,170.68
"MS",2005,4,175.53,175.79
"MS",2006,1,177.54,178.4
"MS",2006,2,182.86,182.38
"MS",2006,3,186.13,186.12
"MS",2006,4,188.93,188.96
"MS",2007,1,191.95,193.26
"MS",2007,2,192.9,192.03
"MS",2007,3,191.93,192.16
"MS",2007,4,190.91,190.71
"MS",2008,1,187.4,188.99
"MS",2008,2,193.57,192.42
"MS",2008,3,185.6,185.98
"MS",2008,4,184.46,184.08
"MS",2009,1,178.41,180.17
"MT",2000,1,174.63,173.96
"MT",2000,2,176.61,175.28
"MT",2000,3,180.66,178.29
"MT",2000,4,179.86,178.99
"MT",2001,1,185.78,185.36
"MT",2001,2,186.89,185.32
"MT",2001,3,188.01,185.42
"MT",2001,4,191.25,190.34
"MT",2002,1,193.51,193.46
"MT",2002,2,197.58,195.53
"MT",2002,3,203.61,200.83
"MT",2002,4,205.1,204.18
"MT",2003,1,207.06,207.26
"MT",2003,2,216.79,214.17
"MT",2003,3,221.95,219
"MT",2003,4,223.93,223.03
"MT",2004,1,226.25,226.59
"MT",2004,2,237.85,234.6
"MT",2004,3,244.23,241.21
"MT",2004,4,247.15,246.34
"MT",2005,1,252.93,253
"MT",2005,2,265.59,261.92
"MT",2005,3,270.51,267.33
"MT",2005,4,276.98,276.44
"MT",2006,1,286.18,285.53
"MT",2006,2,295.42,291.54
"MT",2006,3,302.73,299.38
"MT",2006,4,306.88,306.73
"MT",2007,1,308.56,306.77
"MT",2007,2,320.6,317.02
"MT",2007,3,319.84,316.25
"MT",2007,4,321.23,321.52
"MT",2008,1,325.44,322.65
"MT",2008,2,323.27,320.17
"MT",2008,3,322.78,319.07
"MT",2008,4,313.34,313.97
"MT",2009,1,317.7,314.39
"NC",2000,1,141.15,141.3
"NC",2000,2,143.8,143.29
"NC",2000,3,145.34,144.75
"NC",2000,4,145.97,146.1
"NC",2001,1,147.54,147.6
"NC",2001,2,148.84,148.33
"NC",2001,3,149.68,149.1
"NC",2001,4,149.58,149.74
"NC",2002,1,150.98,151
"NC",2002,2,152.75,152.19
"NC",2002,3,154.38,153.87
"NC",2002,4,155.14,155.27
"NC",2003,1,156.43,156.42
"NC",2003,2,158.01,157.41
"NC",2003,3,158.78,158.37
"NC",2003,4,159.44,159.49
"NC",2004,1,160.9,160.89
"NC",2004,2,165.1,164.44
"NC",2004,3,165.97,165.66
"NC",2004,4,168.57,168.56
"NC",2005,1,171.72,171.68
"NC",2005,2,174.83,174.13
"NC",2005,3,178.17,177.8
"NC",2005,4,181.87,181.92
"NC",2006,1,185.37,185.53
"NC",2006,2,189.14,188.06
"NC",2006,3,191.91,191.39
"NC",2006,4,195.42,195.84
"NC",2007,1,197.72,198.18
"NC",2007,2,200.58,198.8
"NC",2007,3,202.15,201.4
"NC",2007,4,201.22,202.31
"NC",2008,1,200.57,201.32
"NC",2008,2,205.05,202.4
"NC",2008,3,200.78,199.99
"NC",2008,4,194.17,195.89
"NC",2009,1,198.99,199.71
"ND",2000,1,138.48,139.22
"ND",2000,2,139.11,138.9
"ND",2000,3,142.56,141.07
"ND",2000,4,140.55,140.56
"ND",2001,1,144.73,145.49
"ND",2001,2,143.94,143.73
"ND",2001,3,144.59,143.23
"ND",2001,4,146.96,146.82
"ND",2002,1,146.95,147.71
"ND",2002,2,151.34,151.16
"ND",2002,3,155.46,154.08
"ND",2002,4,158.11,157.77
"ND",2003,1,158.71,159.71
"ND",2003,2,161.05,160.78
"ND",2003,3,165.03,163.57
"ND",2003,4,165.56,165.16
"ND",2004,1,166.44,167.67
"ND",2004,2,172.62,172.13
"ND",2004,3,177.34,175.8
"ND",2004,4,178.47,178.09
"ND",2005,1,181.75,183.22
"ND",2005,2,185.7,184.94
"ND",2005,3,191.22,189.57
"ND",2005,4,194.65,194.46
"ND",2006,1,194.1,195.6
"ND",2006,2,200.98,199.95
"ND",2006,3,203.61,201.98
"ND",2006,4,203.68,203.6
"ND",2007,1,204.49,206.02
"ND",2007,2,211.57,210.31
"ND",2007,3,211.6,210.01
"ND",2007,4,213.55,213.62
"ND",2008,1,216.49,217.98
"ND",2008,2,216.61,215.21
"ND",2008,3,219.43,217.88
"ND",2008,4,217.27,217.44
"ND",2009,1,217.24,218.63
"NE",2000,1,157.34,157.68
"NE",2000,2,160.62,159.92
"NE",2000,3,161.71,160.44
"NE",2000,4,161.31,161.51
"NE",2001,1,161.42,161.82
"NE",2001,2,164.36,163.71
"NE",2001,3,166.2,164.72
"NE",2001,4,165.48,165.72
"NE",2002,1,167.62,168.13
"NE",2002,2,169.65,169.01
"NE",2002,3,172.81,171.11
"NE",2002,4,172.87,173.15
"NE",2003,1,174.25,174.9
"NE",2003,2,177.09,176.43
"NE",2003,3,179.72,177.78
"NE",2003,4,178.78,179.11
"NE",2004,1,180.57,181.44
"NE",2004,2,182.74,181.94
"NE",2004,3,188.1,185.92
"NE",2004,4,187.55,187.98
"NE",2005,1,187.91,189.09
"NE",2005,2,190.27,189.13
"NE",2005,3,193.53,191.28
"NE",2005,4,193.19,193.68
"NE",2006,1,192.92,194.48
"NE",2006,2,197.89,196.21
"NE",2006,3,199.82,197.65
"NE",2006,4,196.06,196.55
"NE",2007,1,197.05,198.99
"NE",2007,2,202.1,199.89
"NE",2007,3,200.89,198.91
"NE",2007,4,196.42,196.88
"NE",2008,1,193.84,196.02
"NE",2008,2,197.49,194.92
"NE",2008,3,193.48,191.77
"NE",2008,4,192.34,192.74
"NE",2009,1,188.06,190.33
"NH",2000,1,128.64,129.85
"NH",2000,2,135.25,134.47
"NH",2000,3,140.21,139.08
"NH",2000,4,145.73,145.86
"NH",2001,1,148.15,149.63
"NH",2001,2,155.57,154.57
"NH",2001,3,161.12,160.02
"NH",2001,4,163.46,163.49
"NH",2002,1,165.57,167.19
"NH",2002,2,174.36,173.15
"NH",2002,3,182.21,181.2
"NH",2002,4,184.79,184.79
"NH",2003,1,188.04,189.73
"NH",2003,2,196.11,194.67
"NH",2003,3,198.94,198.07
"NH",2003,4,203.88,203.99
"NH",2004,1,207.42,209.04
"NH",2004,2,214.64,212.9
"NH",2004,3,217.71,216.95
"NH",2004,4,223.34,223.8
"NH",2005,1,227.61,229.01
"NH",2005,2,234.2,232.12
"NH",2005,3,237.78,237.09
"NH",2005,4,237.57,238.57
"NH",2006,1,235.14,236.12
"NH",2006,2,238.94,236.69
"NH",2006,3,233.59,232.87
"NH",2006,4,231.33,232.93
"NH",2007,1,232.64,233.17
"NH",2007,2,235.74,233.4
"NH",2007,3,231.23,230.44
"NH",2007,4,223.23,225.36
"NH",2008,1,221.59,221.73
"NH",2008,2,218.96,216.69
"NH",2008,3,215.16,214.38
"NH",2008,4,208.41,210.81
"NH",2009,1,213.88,213.74
"NJ",2000,1,121.92,123.11
"NJ",2000,2,126.28,126.28
"NJ",2000,3,129.75,129.04
"NJ",2000,4,132.66,133.23
"NJ",2001,1,135.5,136.96
"NJ",2001,2,140.16,140.23
"NJ",2001,3,146.22,145.38
"NJ",2001,4,148.95,149.44
"NJ",2002,1,152.44,154.24
"NJ",2002,2,159.96,160
"NJ",2002,3,167.64,166.72
"NJ",2002,4,172.3,172.78
"NJ",2003,1,175.12,177.26
"NJ",2003,2,183.65,183.58
"NJ",2003,3,190.22,189.26
"NJ",2003,4,194.92,195.55
"NJ",2004,1,199.8,202.17
"NJ",2004,2,209.87,209.53
"NJ",2004,3,217.38,216.56
"NJ",2004,4,223.6,224.53
"NJ",2005,1,229.71,232.12
"NJ",2005,2,240.29,239.71
"NJ",2005,3,248.8,248.17
"NJ",2005,4,252.42,253.75
"NJ",2006,1,255.29,257.5
"NJ",2006,2,260.46,259.69
"NJ",2006,3,259,258.7
"NJ",2006,4,257.04,258.66
"NJ",2007,1,257.68,259.33
"NJ",2007,2,259.96,259.26
"NJ",2007,3,256.78,256.73
"NJ",2007,4,255.18,256.95
"NJ",2008,1,250.74,251.92
"NJ",2008,2,246.73,246.16
"NJ",2008,3,241.98,242.05
"NJ",2008,4,236.02,237.77
"NJ",2009,1,235.15,235.99
"NM",2000,1,144.53,144.7
"NM",2000,2,146.53,145.27
"NM",2000,3,146.77,145.66
"NM",2000,4,145.67,145.39
"NM",2001,1,148.33,148.47
"NM",2001,2,150.75,149.55
"NM",2001,3,151.74,150.56
"NM",2001,4,151.39,151.05
"NM",2002,1,152.56,152.72
"NM",2002,2,157.37,156.21
"NM",2002,3,159.37,158.06
"NM",2002,4,161.23,160.82
"NM",2003,1,162.41,162.64
"NM",2003,2,165.91,164.75
"NM",2003,3,169.41,167.91
"NM",2003,4,171.71,171.24
"NM",2004,1,174.94,175.29
"NM",2004,2,179.51,178.27
"NM",2004,3,184.53,182.82
"NM",2004,4,186.4,185.8
"NM",2005,1,193.18,193.73
"NM",2005,2,200.24,198.88
"NM",2005,3,208.52,206.52
"NM",2005,4,215.34,214.5
"NM",2006,1,220.27,221.09
"NM",2006,2,229.44,227.9
"NM",2006,3,235.56,233.26
"NM",2006,4,238.47,237.39
"NM",2007,1,240.61,241.68
"NM",2007,2,245.43,243.82
"NM",2007,3,246.22,243.75
"NM",2007,4,242.9,241.7
"NM",2008,1,244.04,245.27
"NM",2008,2,242.2,240.61
"NM",2008,3,243.78,241.29
"NM",2008,4,238.76,237.46
"NM",2009,1,228.33,229.67
"NV",2000,1,124.02,123.69
"NV",2000,2,126.48,125.46
"NV",2000,3,127.01,125.7
"NV",2000,4,128.7,127.86
"NV",2001,1,131.46,131.14
"NV",2001,2,134.35,133.28
"NV",2001,3,136.74,135.28
"NV",2001,4,138.76,137.87
"NV",2002,1,140.46,140.15
"NV",2002,2,143.85,142.73
"NV",2002,3,147.72,146.02
"NV",2002,4,150.24,149.29
"NV",2003,1,154.02,153.82
"NV",2003,2,158.52,157.27
"NV",2003,3,166.7,164.58
"NV",2003,4,175.81,174.84
"NV",2004,1,186.52,186.38
"NV",2004,2,205.32,203.62
"NV",2004,3,221.46,218.45
"NV",2004,4,231.14,230.02
"NV",2005,1,240.94,240.97
"NV",2005,2,256.21,253.85
"NV",2005,3,260.57,256.84
"NV",2005,4,270.56,269.56
"NV",2006,1,273.92,274.07
"NV",2006,2,274.01,271.18
"NV",2006,3,275.35,271.39
"NV",2006,4,268.84,268.07
"NV",2007,1,265.66,265.82
"NV",2007,2,265.26,262.37
"NV",2007,3,253.96,250.25
"NV",2007,4,237.17,236.67
"NV",2008,1,220.65,220.74
"NV",2008,2,206.95,204.65
"NV",2008,3,190.83,188.03
"NV",2008,4,170.36,170.04
"NV",2009,1,152.02,152.09
"NY",2000,1,119.48,119.97
"NY",2000,2,123.08,122.33
"NY",2000,3,127.05,125.55
"NY",2000,4,129.56,128.9
"NY",2001,1,131.42,131.76
"NY",2001,2,135.83,135.14
"NY",2001,3,140.2,138.67
"NY",2001,4,143.38,142.58
"NY",2002,1,146.58,146.78
"NY",2002,2,151.78,151.11
"NY",2002,3,157.26,155.68
"NY",2002,4,160.49,159.5
"NY",2003,1,165.96,166.07
"NY",2003,2,169.63,168.97
"NY",2003,3,175.54,173.87
"NY",2003,4,180.94,179.73
"NY",2004,1,184.45,184.56
"NY",2004,2,190.56,189.82
"NY",2004,3,194.84,192.99
"NY",2004,4,200.55,199.24
"NY",2005,1,203.03,203.19
"NY",2005,2,207.48,206.59
"NY",2005,3,215.08,212.93
"NY",2005,4,217.09,215.85
"NY",2006,1,218.62,218.93
"NY",2006,2,221.66,220.44
"NY",2006,3,222.34,220.04
"NY",2006,4,221.84,220.82
"NY",2007,1,221.99,222.37
"NY",2007,2,225.74,224.36
"NY",2007,3,226.13,223.59
"NY",2007,4,225.44,224.65
"NY",2008,1,223,223.41
"NY",2008,2,223.59,222.23
"NY",2008,3,223.88,221.1
"NY",2008,4,218.28,217.77
"NY",2009,1,215.44,215.77
"OH",2000,1,144.08,144.1
"OH",2000,2,147.04,145.57
"OH",2000,3,148.36,147.03
"OH",2000,4,148.94,148.45
"OH",2001,1,149.59,149.78
"OH",2001,2,152.84,151.2
"OH",2001,3,153.68,152.28
"OH",2001,4,154.15,153.66
"OH",2002,1,155.42,155.74
"OH",2002,2,157.78,155.98
"OH",2002,3,159.31,157.81
"OH",2002,4,159.97,159.51
"OH",2003,1,160.11,160.55
"OH",2003,2,164.3,162.31
"OH",2003,3,165.45,163.79
"OH",2003,4,165.52,165.18
"OH",2004,1,166.31,166.86
"OH",2004,2,169.97,167.79
"OH",2004,3,171.06,169.21
"OH",2004,4,170.81,170.61
"OH",2005,1,171.45,172.2
"OH",2005,2,175.63,173.16
"OH",2005,3,175.74,173.68
"OH",2005,4,175.09,175.04
"OH",2006,1,174.62,175.68
"OH",2006,2,178.49,175.74
"OH",2006,3,177.63,175.24
"OH",2006,4,174.86,175.1
"OH",2007,1,173.54,174.86
"OH",2007,2,177.03,174.1
"OH",2007,3,175.21,172.51
"OH",2007,4,170.58,171.13
"OH",2008,1,166.9,168.34
"OH",2008,2,170.05,167.11
"OH",2008,3,168.1,165.19
"OH",2008,4,159.99,160.85
"OH",2009,1,158.37,159.72
"OK",2000,1,139.33,139.49
"OK",2000,2,141.93,140.92
"OK",2000,3,143.25,141.98
"OK",2000,4,144.38,143.66
"OK",2001,1,144.79,144.92
"OK",2001,2,147.44,146.37
"OK",2001,3,149.33,147.94
"OK",2001,4,149.41,148.79
"OK",2002,1,150.6,150.74
"OK",2002,2,152.49,151.28
"OK",2002,3,154.59,153.12
"OK",2002,4,155.42,154.92
"OK",2003,1,155.67,155.84
"OK",2003,2,158.78,157.35
"OK",2003,3,160.59,159.08
"OK",2003,4,160.99,160.59
"OK",2004,1,162.38,162.6
"OK",2004,2,166.07,164.45
"OK",2004,3,165.34,163.73
"OK",2004,4,168.3,167.98
"OK",2005,1,169.09,169.43
"OK",2005,2,174.01,172.21
"OK",2005,3,176.06,174.17
"OK",2005,4,177.64,177.43
"OK",2006,1,179.99,180.49
"OK",2006,2,184.94,183
"OK",2006,3,185.57,183.3
"OK",2006,4,185.51,185.43
"OK",2007,1,189.11,189.81
"OK",2007,2,191.79,189.79
"OK",2007,3,196.41,193.69
"OK",2007,4,195.59,195.65
"OK",2008,1,192.74,193.57
"OK",2008,2,196.98,194.99
"OK",2008,3,198.24,195.24
"OK",2008,4,192.17,192.29
"OK",2009,1,193.2,194.16
"OR",2000,1,179.48,179.38
"OR",2000,2,181.33,179.7
"OR",2000,3,182.77,181.21
"OR",2000,4,183.75,183.64
"OR",2001,1,186.31,186.28
"OR",2001,2,189.7,188.08
"OR",2001,3,192.11,190.38
"OR",2001,4,192.82,192.6
"OR",2002,1,194.96,195.05
"OR",2002,2,199.71,198.15
"OR",2002,3,203.2,201.17
"OR",2002,4,204.47,204.13
"OR",2003,1,207.74,208.05
"OR",2003,2,213.91,212.34
"OR",2003,3,217.8,215.36
"OR",2003,4,221.66,221.26
"OR",2004,1,226.33,226.94
"OR",2004,2,234.27,232.5
"OR",2004,3,243.61,240.67
"OR",2004,4,249.46,249.04
"OR",2005,1,256.58,257.57
"OR",2005,2,270.84,268.6
"OR",2005,3,287.81,284.12
"OR",2005,4,297.12,296.82
"OR",2006,1,305.98,307.47
"OR",2006,2,319.7,316.68
"OR",2006,3,327.92,323.54
"OR",2006,4,326.4,326.41
"OR",2007,1,334.45,336.32
"OR",2007,2,342.32,338.62
"OR",2007,3,341.14,336.46
"OR",2007,4,334.95,335.38
"OR",2008,1,328.32,330.26
"OR",2008,2,332.25,328.25
"OR",2008,3,324.22,319.76
"OR",2008,4,311.22,311.9
"OR",2009,1,302.83,304.63
"PA",2000,1,116.88,117.18
"PA",2000,2,120.03,118.96
"PA",2000,3,120.94,119.81
"PA",2000,4,121.99,121.75
"PA",2001,1,123.15,123.49
"PA",2001,2,127.13,126
"PA",2001,3,129.18,127.92
"PA",2001,4,129.94,129.71
"PA",2002,1,132.12,132.5
"PA",2002,2,135.95,134.81
"PA",2002,3,139.38,137.9
"PA",2002,4,142.07,141.86
"PA",2003,1,144.21,144.62
"PA",2003,2,148.76,147.56
"PA",2003,3,152.72,151.03
"PA",2003,4,154.02,153.81
"PA",2004,1,157.48,157.93
"PA",2004,2,164.02,162.75
"PA",2004,3,169.08,167.13
"PA",2004,4,172.9,172.74
"PA",2005,1,174.86,175.31
"PA",2005,2,182.14,180.72
"PA",2005,3,188.77,186.59
"PA",2005,4,191.12,191.02
"PA",2006,1,193.73,194.17
"PA",2006,2,198.06,196.48
"PA",2006,3,200.53,198.23
"PA",2006,4,200.13,200.14
"PA",2007,1,201.73,202.08
"PA",2007,2,206.08,204.39
"PA",2007,3,206.12,203.81
"PA",2007,4,203.9,203.99
"PA",2008,1,203.04,203.31
"PA",2008,2,203.04,201.33
"PA",2008,3,201.92,199.71
"PA",2008,4,196.95,197.09
"PA",2009,1,194.76,194.97
"RI",2000,1,107.09,108.36
"RI",2000,2,113.54,113.26
"RI",2000,3,118.35,117.35
"RI",2000,4,120.06,120.03
"RI",2001,1,122.45,123.97
"RI",2001,2,128.96,128.72
"RI",2001,3,134.57,133.23
"RI",2001,4,139.17,139.32
"RI",2002,1,143.53,145.16
"RI",2002,2,152.1,151.91
"RI",2002,3,162.09,160.42
"RI",2002,4,166.93,167.3
"RI",2003,1,171.36,173.07
"RI",2003,2,181,180.77
"RI",2003,3,187.78,185.97
"RI",2003,4,193.78,194.34
"RI",2004,1,201.42,203.17
"RI",2004,2,209.78,209.37
"RI",2004,3,221.26,219.53
"RI",2004,4,221.79,222.4
"RI",2005,1,231.3,233.13
"RI",2005,2,234.84,234.07
"RI",2005,3,239.99,238.65
"RI",2005,4,237.73,238.4
"RI",2006,1,236.85,238.43
"RI",2006,2,242.6,241.55
"RI",2006,3,237.95,237.12
"RI",2006,4,237.93,238.72
"RI",2007,1,229.43,230.61
"RI",2007,2,230.39,229.14
"RI",2007,3,227.81,227.5
"RI",2007,4,224.64,225.48
"RI",2008,1,219.06,219.83
"RI",2008,2,215.57,214.29
"RI",2008,3,206.62,206.61
"RI",2008,4,202.58,203.49
"RI",2009,1,206.06,206.47
"SC",2000,1,140.52,140.59
"SC",2000,2,143.52,142.78
"SC",2000,3,144.16,143.49
"SC",2000,4,144.32,144.47
"SC",2001,1,146.37,146.36
"SC",2001,2,148,147.33
"SC",2001,3,149.22,148.48
"SC",2001,4,149.6,149.76
"SC",2002,1,151.53,151.46
"SC",2002,2,152.48,151.88
"SC",2002,3,154.23,153.46
"SC",2002,4,155.01,155.12
"SC",2003,1,155.29,155.21
"SC",2003,2,157.76,157.16
"SC",2003,3,159.74,159
"SC",2003,4,160.29,160.3
"SC",2004,1,162.96,162.99
"SC",2004,2,165.15,164.39
"SC",2004,3,168.56,167.85
"SC",2004,4,170.24,170.3
"SC",2005,1,172.56,172.66
"SC",2005,2,176.33,175.29
"SC",2005,3,179.75,178.99
"SC",2005,4,184.48,184.87
"SC",2006,1,186.74,186.77
"SC",2006,2,191.8,190.41
"SC",2006,3,191.61,190.67
"SC",2006,4,194.93,195.95
"SC",2007,1,197.39,197.16
"SC",2007,2,201.49,199.84
"SC",2007,3,200.83,199.64
"SC",2007,4,198.34,200.05
"SC",2008,1,200.65,200.11
"SC",2008,2,201.15,199.39
"SC",2008,3,199.27,197.88
"SC",2008,4,190.89,193.12
"SC",2009,1,194.7,193.87
"SD",2000,1,157.24,157.23
"SD",2000,2,160.01,158.59
"SD",2000,3,162.85,161.39
"SD",2000,4,160.73,161.55
"SD",2001,1,161.94,161.97
"SD",2001,2,166.54,165.03
"SD",2001,3,168.4,166.82
"SD",2001,4,169.38,170.25
"SD",2002,1,168.86,168.98
"SD",2002,2,175.03,173.41
"SD",2002,3,173.82,172.18
"SD",2002,4,174.67,175.47
"SD",2003,1,176.53,176.76
"SD",2003,2,181.42,179.79
"SD",2003,3,185.06,183.26
"SD",2003,4,184.47,185.17
"SD",2004,1,186.82,187.24
"SD",2004,2,190.93,189.24
"SD",2004,3,196.15,194.2
"SD",2004,4,194.05,194.66
"SD",2005,1,198.35,198.93
"SD",2005,2,205.3,203.5
"SD",2005,3,205.92,203.82
"SD",2005,4,209.8,210.4
"SD",2006,1,208.63,209.3
"SD",2006,2,214.71,212.88
"SD",2006,3,217.08,214.81
"SD",2006,4,217.22,217.84
"SD",2007,1,220.09,220.78
"SD",2007,2,221.86,220.05
"SD",2007,3,225.2,222.77
"SD",2007,4,225.31,225.96
"SD",2008,1,225.62,226.31
"SD",2008,2,228.52,226.68
"SD",2008,3,229.81,227.36
"SD",2008,4,225.09,225.69
"SD",2009,1,226.27,226.96
"TN",2000,1,144.61,144.24
"TN",2000,2,146.66,145.71
"TN",2000,3,146.94,146.22
"TN",2000,4,147.43,147.15
"TN",2001,1,148.46,148.11
"TN",2001,2,149.68,148.76
"TN",2001,3,150.39,149.57
"TN",2001,4,152.16,151.92
"TN",2002,1,152.76,152.41
"TN",2002,2,154.24,153.31
"TN",2002,3,156,155.06
"TN",2002,4,155.97,155.78
"TN",2003,1,158.13,157.81
"TN",2003,2,160.43,159.42
"TN",2003,3,162.09,161.01
"TN",2003,4,163.88,163.82
"TN",2004,1,164.9,164.61
"TN",2004,2,168.35,167.18
"TN",2004,3,171.33,170.13
"TN",2004,4,172.28,172.32
"TN",2005,1,175.89,175.7
"TN",2005,2,179.43,178
"TN",2005,3,182.98,181.63
"TN",2005,4,185.53,185.75
"TN",2006,1,189.7,189.59
"TN",2006,2,194.42,192.66
"TN",2006,3,196.38,194.87
"TN",2006,4,197.75,198.14
"TN",2007,1,200.48,200.46
"TN",2007,2,205.29,203.26
"TN",2007,3,205.19,203.53
"TN",2007,4,202.72,203.3
"TN",2008,1,201.72,201.75
"TN",2008,2,202.68,200.55
"TN",2008,3,200.13,198.44
"TN",2008,4,194.73,195.4
"TN",2009,1,193.5,193.57
"TX",2000,1,135.96,135.94
"TX",2000,2,139.22,138.11
"TX",2000,3,141.65,140.49
"TX",2000,4,142.99,142.66
"TX",2001,1,144.48,144.45
"TX",2001,2,147.15,145.96
"TX",2001,3,148.35,147.14
"TX",2001,4,148.51,148.19
"TX",2002,1,149.51,149.49
"TX",2002,2,152.2,150.93
"TX",2002,3,153.04,151.78
"TX",2002,4,153.46,153.16
"TX",2003,1,153.96,153.95
"TX",2003,2,155.82,154.49
"TX",2003,3,156.8,155.49
"TX",2003,4,156.83,156.56
"TX",2004,1,157.75,157.76
"TX",2004,2,160.64,159.24
"TX",2004,3,161.81,160.42
"TX",2004,4,162.36,162.11
"TX",2005,1,164.24,164.32
"TX",2005,2,168.05,166.54
"TX",2005,3,170.51,168.97
"TX",2005,4,171.77,171.55
"TX",2006,1,174.61,174.79
"TX",2006,2,178.54,176.89
"TX",2006,3,181.18,179.42
"TX",2006,4,183.39,183.22
"TX",2007,1,185.45,185.75
"TX",2007,2,189.55,187.76
"TX",2007,3,190.92,188.95
"TX",2007,4,189.81,189.69
"TX",2008,1,189.91,190.32
"TX",2008,2,193.2,191.34
"TX",2008,3,193.68,191.57
"TX",2008,4,190.28,190.2
"TX",2009,1,188.73,189.22
"UT",2000,1,192.04,192
"UT",2000,2,194.2,192.35
"UT",2000,3,194.67,193.91
"UT",2000,4,194.7,194.62
"UT",2001,1,195.64,195.51
"UT",2001,2,197.81,196.13
"UT",2001,3,197.27,196.44
"UT",2001,4,198.22,198
"UT",2002,1,198.81,198.75
"UT",2002,2,200.22,198.7
"UT",2002,3,200.16,199.13
"UT",2002,4,202.93,202.62
"UT",2003,1,202.29,202.36
"UT",2003,2,205.74,204.32
"UT",2003,3,208.1,206.83
"UT",2003,4,207.68,207.28
"UT",2004,1,210.39,210.69
"UT",2004,2,216.2,214.75
"UT",2004,3,220.07,218.44
"UT",2004,4,224.01,223.65
"UT",2005,1,228.24,228.79
"UT",2005,2,237.36,235.7
"UT",2005,3,248.37,246.28
"UT",2005,4,256.53,256.26
"UT",2006,1,265.66,266.54
"UT",2006,2,278.34,276.24
"UT",2006,3,289.52,286.81
"UT",2006,4,300.59,300.55
"UT",2007,1,309.08,310.26
"UT",2007,2,321.41,318.74
"UT",2007,3,325.05,321.88
"UT",2007,4,317.43,317.61
"UT",2008,1,315.35,316.67
"UT",2008,2,315.13,312.3
"UT",2008,3,307.69,304.56
"UT",2008,4,295.44,295.84
"UT",2009,1,286.13,287.37
"VA",2000,1,123.5,123.55
"VA",2000,2,127.56,126.37
"VA",2000,3,129.86,128.82
"VA",2000,4,130.93,131.04
"VA",2001,1,134.48,134.61
"VA",2001,2,138.87,137.51
"VA",2001,3,141.9,140.68
"VA",2001,4,142.81,143.02
"VA",2002,1,145.76,145.9
"VA",2002,2,151.66,150.17
"VA",2002,3,154.77,153.39
"VA",2002,4,156.63,156.89
"VA",2003,1,160.83,161
"VA",2003,2,166.69,165.02
"VA",2003,3,171.04,169.51
"VA",2003,4,175.81,176.17
"VA",2004,1,180.3,180.44
"VA",2004,2,188.43,186.51
"VA",2004,3,195.78,194.03
"VA",2004,4,201.99,202.54
"VA",2005,1,209.44,209.52
"VA",2005,2,219.05,216.76
"VA",2005,3,227.14,224.98
"VA",2005,4,231.76,232.85
"VA",2006,1,238.27,238.04
"VA",2006,2,244.59,242.03
"VA",2006,3,243.42,240.85
"VA",2006,4,245.64,247.53
"VA",2007,1,247.13,246.42
"VA",2007,2,250.79,248.16
"VA",2007,3,248.18,245.27
"VA",2007,4,239.83,242.47
"VA",2008,1,237.55,236.36
"VA",2008,2,233.62,231.2
"VA",2008,3,229.04,226.17
"VA",2008,4,215.47,218.39
"VA",2009,1,217.54,216.08
"VT",2000,1,116.56,117.78
"VT",2000,2,119.87,119.78
"VT",2000,3,123.56,122.79
"VT",2000,4,125.13,126.21
"VT",2001,1,126.07,127.7
"VT",2001,2,132.75,132.53
"VT",2001,3,134.31,133.5
"VT",2001,4,135.63,136.49
"VT",2002,1,137.98,140.21
"VT",2002,2,142.82,142.43
"VT",2002,3,146.83,145.93
"VT",2002,4,147.5,148.22
"VT",2003,1,148.08,150.83
"VT",2003,2,153.99,153.43
"VT",2003,3,158.76,157.84
"VT",2003,4,161.77,162.24
"VT",2004,1,164.8,168.27
"VT",2004,2,177.39,176.59
"VT",2004,3,180.48,179.48
"VT",2004,4,186.12,186.49
"VT",2005,1,186.76,190.9
"VT",2005,2,197.91,196.78
"VT",2005,3,205.24,204.43
"VT",2005,4,205.28,205.57
"VT",2006,1,202.01,206.36
"VT",2006,2,211.31,209.95
"VT",2006,3,213.03,212.59
"VT",2006,4,216.13,216.56
"VT",2007,1,212.33,216.39
"VT",2007,2,220.33,218.8
"VT",2007,3,220.48,220.56
"VT",2007,4,217.55,218.14
"VT",2008,1,218.81,222.34
"VT",2008,2,218.14,216.65
"VT",2008,3,211.68,212.1
"VT",2008,4,211.59,212.39
"VT",2009,1,211.63,214.51
"WA",2000,1,149.98,149.36
"WA",2000,2,151.96,150.31
"WA",2000,3,153.38,151.96
"WA",2000,4,154.61,154.14
"WA",2001,1,157.03,156.33
"WA",2001,2,159.7,157.98
"WA",2001,3,161.87,160.41
"WA",2001,4,161.78,161.25
"WA",2002,1,165.13,164.45
"WA",2002,2,168.07,166.26
"WA",2002,3,169.58,167.94
"WA",2002,4,171.82,171.29
"WA",2003,1,173.69,173.12
"WA",2003,2,177.66,175.68
"WA",2003,3,181.26,179.37
"WA",2003,4,183.99,183.43
"WA",2004,1,189.6,189.22
"WA",2004,2,197.27,194.99
"WA",2004,3,202.05,199.72
"WA",2004,4,207.64,207.08
"WA",2005,1,213.15,213
"WA",2005,2,225.88,223.16
"WA",2005,3,236.67,233.67
"WA",2005,4,242.44,241.89
"WA",2006,1,250.56,250.64
"WA",2006,2,261.5,258.34
"WA",2006,3,267.78,263.95
"WA",2006,4,270.36,270
"WA",2007,1,274.65,274.89
"WA",2007,2,281.19,277.77
"WA",2007,3,283.28,278.91
"WA",2007,4,279.13,278.99
"WA",2008,1,274.8,275.09
"WA",2008,2,275.38,272.06
"WA",2008,3,271.73,267.28
"WA",2008,4,258.17,258.23
"WA",2009,1,256.58,256.85
"WI",2000,1,159.52,159.78
"WI",2000,2,163.45,162.15
"WI",2000,3,166.09,164.38
"WI",2000,4,166.66,166.26
"WI",2001,1,168.77,168.99
"WI",2001,2,172.43,171.15
"WI",2001,3,174.97,173.11
"WI",2001,4,176.72,176.3
"WI",2002,1,177.48,177.69
"WI",2002,2,181.39,180.1
"WI",2002,3,185.76,183.74
"WI",2002,4,187.28,186.83
"WI",2003,1,189.42,189.68
"WI",2003,2,193.32,191.93
"WI",2003,3,197.23,195.05
"WI",2003,4,199.18,198.73
"WI",2004,1,202.14,202.53
"WI",2004,2,207.35,205.68
"WI",2004,3,211.78,209.47
"WI",2004,4,213.56,213.18
"WI",2005,1,213.18,213.67
"WI",2005,2,220.68,218.62
"WI",2005,3,223.92,221.53
"WI",2005,4,224.09,223.93
"WI",2006,1,224.71,225.22
"WI",2006,2,228.82,226.34
"WI",2006,3,229.22,226.87
"WI",2006,4,228.25,228.44
"WI",2007,1,227.19,227.54
"WI",2007,2,231.48,228.69
"WI",2007,3,231.12,228.85
"WI",2007,4,227.87,228.41
"WI",2008,1,227.6,227.74
"WI",2008,2,228.95,226.01
"WI",2008,3,225.97,223.82
"WI",2008,4,221.18,222
"WI",2009,1,225.76,225.67
"WV",2000,1,132.19,130.09
"WV",2000,2,136.43,133
"WV",2000,3,135.88,133.27
"WV",2000,4,134.68,132.96
"WV",2001,1,137.96,135.63
"WV",2001,2,135.69,132.3
"WV",2001,3,136.04,133.49
"WV",2001,4,138.72,137.02
"WV",2002,1,141.07,138.57
"WV",2002,2,143.41,139.83
"WV",2002,3,143.8,141.08
"WV",2002,4,144.74,143.11
"WV",2003,1,147.19,144.51
"WV",2003,2,151.91,148.12
"WV",2003,3,151.06,148.05
"WV",2003,4,150.37,148.93
"WV",2004,1,155.74,152.79
"WV",2004,2,158.24,154.35
"WV",2004,3,162.34,158.87
"WV",2004,4,165.92,164.59
"WV",2005,1,165.02,161.84
"WV",2005,2,172.03,167.88
"WV",2005,3,174.45,170.45
"WV",2005,4,174.41,173.19
"WV",2006,1,178.98,175.55
"WV",2006,2,182.82,178.45
"WV",2006,3,184.61,180.25
"WV",2006,4,181.79,180.48
"WV",2007,1,187.79,184.35
"WV",2007,2,187.94,183.43
"WV",2007,3,190.73,186.17
"WV",2007,4,188.73,187.27
"WV",2008,1,190.52,187.22
"WV",2008,2,193.1,188.4
"WV",2008,3,187.63,183.17
"WV",2008,4,192.08,190.45
"WV",2009,1,182.54,179.52
"WY",2000,1,163.25,163.02
"WY",2000,2,167.35,165.44
"WY",2000,3,166.93,164.57
"WY",2000,4,170.62,169.84
"WY",2001,1,169.09,168.92
"WY",2001,2,173.67,171.79
"WY",2001,3,177.5,175.01
"WY",2001,4,181.5,180.52
"WY",2002,1,183.82,183.64
"WY",2002,2,189.33,187.43
"WY",2002,3,192.93,190.21
"WY",2002,4,194.92,193.83
"WY",2003,1,194.31,193.92
"WY",2003,2,203.52,201.73
"WY",2003,3,209.11,206.19
"WY",2003,4,209.76,208.48
"WY",2004,1,217.18,216.56
"WY",2004,2,220.71,219.05
"WY",2004,3,228.47,225.27
"WY",2004,4,230.24,228.79
"WY",2005,1,236.51,235.52
"WY",2005,2,243.7,242.23
"WY",2005,3,254.46,251.01
"WY",2005,4,260.96,258.98
"WY",2006,1,269.55,268.36
"WY",2006,2,276.1,274.64
"WY",2006,3,284.44,280.86
"WY",2006,4,294.55,291.88
"WY",2007,1,297.79,296.43
"WY",2007,2,306.86,305.39
"WY",2007,3,312.81,309.28
"WY",2007,4,306,302.58
"WY",2008,1,312.99,311.86
"WY",2008,2,310.62,309.05
"WY",2008,3,313.18,309.93
"WY",2008,4,310.54,306.78
"WY",2009,1,292.58,291.57
